timestamp,value,noise_type,skewness_param
0,1.5663190005785057,skew_normal,5
1,1.2085266371083403,skew_normal,5
2,1.6191662302786316,skew_normal,5
3,1.4784192055547323,skew_normal,5
4,2.1505566668024523,skew_normal,5
5,2.152316614626101,skew_normal,5
6,1.9508522219733644,skew_normal,5
7,1.888635700209878,skew_normal,5
8,1.8901507714690564,skew_normal,5
9,1.2928595461350247,skew_normal,5
10,2.553913589569128,skew_normal,5
11,1.7694276580211796,skew_normal,5
12,1.5676055242464204,skew_normal,5
13,1.9434579850335907,skew_normal,5
14,2.307761233213787,skew_normal,5
15,2.133237803475695,skew_normal,5
16,3.00727294350715,skew_normal,5
17,4.259276453547011,skew_normal,5
18,3.8756112176861706,skew_normal,5
19,4.380187727552576,skew_normal,5
20,3.855239942552688,skew_normal,5
21,3.10805494774677,skew_normal,5
22,4.204419613747469,skew_normal,5
23,3.7595652690039136,skew_normal,5
24,2.7929920965526227,skew_normal,5
25,3.876521936569715,skew_normal,5
26,2.862564130674692,skew_normal,5
27,2.194294717141453,skew_normal,5
28,2.8447271627856,skew_normal,5
29,1.8502605892033002,skew_normal,5
30,2.0307085681614336,skew_normal,5
31,1.1858655722813138,skew_normal,5
32,1.3805984939662101,skew_normal,5
33,2.342757358221723,skew_normal,5
34,2.1657078557261786,skew_normal,5
35,2.9291221447691838,skew_normal,5
36,2.438985971080747,skew_normal,5
37,3.139694902977649,skew_normal,5
38,2.667464505571937,skew_normal,5
39,2.405032500469065,skew_normal,5
40,2.5009114291175703,skew_normal,5
41,1.9769498259598692,skew_normal,5
42,1.6919449661604513,skew_normal,5
43,1.223912412207905,skew_normal,5
44,2.4878986278639523,skew_normal,5
45,2.4123157621932507,skew_normal,5
46,1.7154643107877758,skew_normal,5
47,1.872344978948456,skew_normal,5
48,3.6971344629718974,skew_normal,5
49,3.016019897162736,skew_normal,5
50,2.8854960419902405,skew_normal,5
51,2.1207699281865633,skew_normal,5
52,1.8497471452916858,skew_normal,5
53,2.7245978334171674,skew_normal,5
54,3.5017453201183932,skew_normal,5
55,2.674815883174587,skew_normal,5
56,3.0187923015236358,skew_normal,5
57,3.2868545745730966,skew_normal,5
58,2.2384636886724607,skew_normal,5
59,1.859716014057462,skew_normal,5
60,1.850505727733752,skew_normal,5
61,1.9457118149651211,skew_normal,5
62,1.2831139911648966,skew_normal,5
63,1.4483477374634575,skew_normal,5
64,2.0149454579373556,skew_normal,5
65,2.086452952710769,skew_normal,5
66,1.9302425921990363,skew_normal,5
67,2.767589269049946,skew_normal,5
68,1.7616422590730685,skew_normal,5
69,3.074005393706167,skew_normal,5
70,2.751750598747999,skew_normal,5
71,2.666805277224207,skew_normal,5
72,3.1871184748214603,skew_normal,5
73,2.660550638363609,skew_normal,5
74,2.4392888794532523,skew_normal,5
75,1.3699463360348063,skew_normal,5
76,1.0123035676257066,skew_normal,5
77,2.115564214029569,skew_normal,5
78,2.858162288172332,skew_normal,5
79,3.3758736568498477,skew_normal,5
80,3.193628531366815,skew_normal,5
81,3.765835099868747,skew_normal,5
82,3.321310225081871,skew_normal,5
83,2.893650963591271,skew_normal,5
84,3.2349393815123033,skew_normal,5
85,3.027956024938063,skew_normal,5
86,2.0216663017632537,skew_normal,5
87,2.362931213546652,skew_normal,5
88,2.7064423092558654,skew_normal,5
89,3.0629701365978876,skew_normal,5
90,2.5376259051137158,skew_normal,5
91,2.3103076451347215,skew_normal,5
92,1.3679505332419422,skew_normal,5
93,2.1574321698483985,skew_normal,5
94,1.5403264683481859,skew_normal,5
95,1.1994534715925846,skew_normal,5
96,1.7426608691155896,skew_normal,5
97,2.827893714842901,skew_normal,5
98,3.7283581956292045,skew_normal,5
99,3.5593126276017997,skew_normal,5
100,3.9431644474617364,skew_normal,5
101,4.437272266130144,skew_normal,5
102,3.3060970750855034,skew_normal,5
103,2.7675585917268535,skew_normal,5
104,2.4060875020274706,skew_normal,5
105,2.861458039556103,skew_normal,5
106,2.525829512410723,skew_normal,5
107,2.121878779623199,skew_normal,5
108,2.0585212898644794,skew_normal,5
109,1.5158856343166578,skew_normal,5
110,1.5772578988592267,skew_normal,5
111,1.3638805101154166,skew_normal,5
112,1.97018165147784,skew_normal,5
113,1.9035120980467286,skew_normal,5
114,1.2402455549287583,skew_normal,5
115,1.094427748645652,skew_normal,5
116,1.7393228655838946,skew_normal,5
117,1.836118653086587,skew_normal,5
118,2.3402653720025124,skew_normal,5
119,2.097654420560247,skew_normal,5
120,1.9711604446561517,skew_normal,5
121,2.634204451508625,skew_normal,5
122,2.3359932567299126,skew_normal,5
123,2.78301496781521,skew_normal,5
124,2.328528719041025,skew_normal,5
125,1.838746048098268,skew_normal,5
126,1.3828853410075794,skew_normal,5
127,1.218560428151982,skew_normal,5
128,1.507393960275866,skew_normal,5
129,0.9506780198736535,skew_normal,5
130,2.0455694108904146,skew_normal,5
131,3.0891083625036027,skew_normal,5
132,3.606660428722474,skew_normal,5
133,2.970052172014063,skew_normal,5
134,2.447165481320373,skew_normal,5
135,1.4525681627845162,skew_normal,5
136,1.3646349895530134,skew_normal,5
137,1.7317012426748737,skew_normal,5
138,1.8531128486483388,skew_normal,5
139,3.3804246750565268,skew_normal,5
140,3.3588648393609732,skew_normal,5
141,4.129352859370346,skew_normal,5
142,3.618968460517035,skew_normal,5
143,2.779872226532939,skew_normal,5
144,3.087523630101462,skew_normal,5
145,2.637870609648189,skew_normal,5
146,2.917160882871472,skew_normal,5
147,2.2528296732023967,skew_normal,5
148,3.380738834225956,skew_normal,5
149,3.895259406317483,skew_normal,5
150,3.0159383040111734,skew_normal,5
151,3.6179699219609294,skew_normal,5
152,3.41813771399739,skew_normal,5
153,2.1886078122034536,skew_normal,5
154,3.0511716786677034,skew_normal,5
155,3.0118353574106003,skew_normal,5
156,3.489165031398826,skew_normal,5
157,3.4102378005951453,skew_normal,5
158,5.073025157566537,skew_normal,5
159,4.238664727635895,skew_normal,5
160,3.636398722925689,skew_normal,5
161,3.663795360227789,skew_normal,5
162,3.1385930888252536,skew_normal,5
163,3.5769204241799644,skew_normal,5
164,3.2168619323272396,skew_normal,5
165,2.4616201266460878,skew_normal,5
166,2.661227905387021,skew_normal,5
167,1.8968861170421087,skew_normal,5
168,1.4283153959858874,skew_normal,5
169,1.1237055139194607,skew_normal,5
170,2.325862922687666,skew_normal,5
171,3.1422983687266304,skew_normal,5
172,3.41718109563439,skew_normal,5
173,2.9560533048321647,skew_normal,5
174,3.552097339334452,skew_normal,5
175,5.462506824978708,skew_normal,5
176,4.472713654878089,skew_normal,5
177,3.198177952794898,skew_normal,5
178,4.478843966680554,skew_normal,5
179,3.4855488394021577,skew_normal,5
180,3.25150970857576,skew_normal,5
181,2.7077881041327734,skew_normal,5
182,2.6917939594372324,skew_normal,5
183,2.064860132790539,skew_normal,5
184,2.4318925430969722,skew_normal,5
185,1.963623329153847,skew_normal,5
186,1.8430615715888365,skew_normal,5
187,1.53997499971327,skew_normal,5
188,2.281240045959194,skew_normal,5
189,1.5076359723278796,skew_normal,5
190,1.954048683069615,skew_normal,5
191,1.8562355999965132,skew_normal,5
192,4.619713915999036,skew_normal,5
193,3.3364134983512237,skew_normal,5
194,2.7063671287661712,skew_normal,5
195,2.205219941682313,skew_normal,5
196,2.4678282204234456,skew_normal,5
197,3.1126816254096505,skew_normal,5
198,2.312611033095469,skew_normal,5
199,3.3430732518143245,skew_normal,5
200,2.2445097269055605,skew_normal,5
201,2.8899615533207177,skew_normal,5
202,1.8418169587971123,skew_normal,5
203,2.4625411531214514,skew_normal,5
204,2.3113836710286435,skew_normal,5
205,2.8495732334184725,skew_normal,5
206,3.1087676185204725,skew_normal,5
207,2.138509238297755,skew_normal,5
208,1.9813798722132219,skew_normal,5
209,1.3241879222248025,skew_normal,5
210,1.850123574215846,skew_normal,5
211,1.4397847574601401,skew_normal,5
212,2.170753188249978,skew_normal,5
213,2.9619939323367266,skew_normal,5
214,2.8165348561099437,skew_normal,5
215,2.49587668403502,skew_normal,5
216,1.7509882622651305,skew_normal,5
217,1.5380608144891923,skew_normal,5
218,1.7040132260080676,skew_normal,5
219,1.4221767976244242,skew_normal,5
220,1.2600194066537709,skew_normal,5
221,2.8587996416972645,skew_normal,5
222,2.453401303516267,skew_normal,5
223,2.5729564387420782,skew_normal,5
224,2.292505748668405,skew_normal,5
225,2.3879631487242925,skew_normal,5
226,1.9194265871641008,skew_normal,5
227,1.8384031437062194,skew_normal,5
228,2.5980774485856553,skew_normal,5
229,2.0618767076335276,skew_normal,5
230,1.380268322282301,skew_normal,5
231,2.4782452134199238,skew_normal,5
232,2.656649338584563,skew_normal,5
233,1.7904648715674554,skew_normal,5
234,1.3001020637605412,skew_normal,5
235,1.4682811573882255,skew_normal,5
236,1.6001175290726772,skew_normal,5
237,2.1157661437057107,skew_normal,5
238,2.409287712989705,skew_normal,5
239,1.9049693934567882,skew_normal,5
240,2.561663799115296,skew_normal,5
241,1.8237503464650802,skew_normal,5
242,1.8254495026107764,skew_normal,5
243,1.86311350543525,skew_normal,5
244,1.591041100027681,skew_normal,5
245,1.5668740482061165,skew_normal,5
246,2.000708026554833,skew_normal,5
247,2.6579923881523073,skew_normal,5
248,2.9450256417654535,skew_normal,5
249,3.2707355945225425,skew_normal,5
250,3.4165971000421242,skew_normal,5
251,2.7987538780461905,skew_normal,5
252,2.7004799231282197,skew_normal,5
253,3.105707782657169,skew_normal,5
254,3.496403427591791,skew_normal,5
255,3.6557383866329127,skew_normal,5
256,4.177173659302903,skew_normal,5
257,4.44366227441073,skew_normal,5
258,4.390030917180745,skew_normal,5
259,4.1854059797398016,skew_normal,5
260,3.858736402031316,skew_normal,5
261,3.5874682079821363,skew_normal,5
262,3.097492457167001,skew_normal,5
263,3.370840807090614,skew_normal,5
264,2.6393355943531804,skew_normal,5
265,2.417287019135516,skew_normal,5
266,2.8647444027817865,skew_normal,5
267,1.945454595743944,skew_normal,5
268,2.7063996088402336,skew_normal,5
269,2.963709340048392,skew_normal,5
270,2.597790509242207,skew_normal,5
271,2.462658836968064,skew_normal,5
272,3.4888735964496105,skew_normal,5
273,2.584040607716817,skew_normal,5
274,2.209235660442939,skew_normal,5
275,2.1554932581878457,skew_normal,5
276,1.4090468711091406,skew_normal,5
277,1.9735970121217044,skew_normal,5
278,1.5586667949667983,skew_normal,5
279,2.1340146925944152,skew_normal,5
280,2.412653581797639,skew_normal,5
281,2.146278236439875,skew_normal,5
282,4.057626817655209,skew_normal,5
283,3.8466276078151367,skew_normal,5
284,3.7270148903298725,skew_normal,5
285,2.791675849303128,skew_normal,5
286,2.2860556717874685,skew_normal,5
287,2.427652901813965,skew_normal,5
288,2.598631194493206,skew_normal,5
289,1.8216460444807745,skew_normal,5
290,1.4895078414074587,skew_normal,5
291,3.0789091299655613,skew_normal,5
292,3.454262552463679,skew_normal,5
293,2.732230770377655,skew_normal,5
294,3.648524098580333,skew_normal,5
295,2.3657518242487425,skew_normal,5
296,1.8699955834053077,skew_normal,5
297,2.1970670478317684,skew_normal,5
298,2.1596654029870166,skew_normal,5
299,3.3241582984547233,skew_normal,5
300,2.126342535239505,skew_normal,5
301,3.670666419708793,skew_normal,5
302,2.79282322504093,skew_normal,5
303,3.338811245474184,skew_normal,5
304,2.2917851734265846,skew_normal,5
305,2.047658978680613,skew_normal,5
306,1.4665756874560798,skew_normal,5
307,1.8294834983567818,skew_normal,5
308,1.7565426935101673,skew_normal,5
309,1.8829024563437828,skew_normal,5
310,1.2482331394064958,skew_normal,5
311,1.3897494891782414,skew_normal,5
312,1.6525088199234428,skew_normal,5
313,1.8182159705657894,skew_normal,5
314,2.2889941622886267,skew_normal,5
315,1.8507420402002208,skew_normal,5
316,2.441665020081656,skew_normal,5
317,2.0910111996978142,skew_normal,5
318,2.295481770688415,skew_normal,5
319,1.60877638915828,skew_normal,5
320,1.5188304483627895,skew_normal,5
321,2.2426758614730096,skew_normal,5
322,1.9140849502985153,skew_normal,5
323,1.686368043754439,skew_normal,5
324,1.7613042586622587,skew_normal,5
325,0.9981202961152718,skew_normal,5
326,1.2377412449183662,skew_normal,5
327,2.4670459576780126,skew_normal,5
328,2.3007847707813043,skew_normal,5
329,3.0878864398876713,skew_normal,5
330,3.4804906190745823,skew_normal,5
331,4.09381871356674,skew_normal,5
332,3.374279278546331,skew_normal,5
333,2.7414172619804367,skew_normal,5
334,2.8910170296811706,skew_normal,5
335,3.063201144803105,skew_normal,5
336,2.463556610537279,skew_normal,5
337,2.2200089137727965,skew_normal,5
338,1.3993325488145623,skew_normal,5
339,1.1117149785335294,skew_normal,5
340,1.641493529642722,skew_normal,5
341,2.192354466738946,skew_normal,5
342,2.747321305068267,skew_normal,5
343,1.8479122348289603,skew_normal,5
344,2.2603764277513387,skew_normal,5
345,2.2996681992448553,skew_normal,5
346,2.201036537599406,skew_normal,5
347,1.8329639239153872,skew_normal,5
348,1.2415094540530944,skew_normal,5
349,1.1405115662151153,skew_normal,5
350,0.9149368445425123,skew_normal,5
351,1.4292506518354084,skew_normal,5
352,2.0940055641789446,skew_normal,5
353,1.4794261155052246,skew_normal,5
354,1.4742488739730204,skew_normal,5
355,1.7832299911373655,skew_normal,5
356,2.873584765699974,skew_normal,5
357,2.807762625936902,skew_normal,5
358,2.690016114616767,skew_normal,5
359,1.810355447109624,skew_normal,5
360,3.1887204778936376,skew_normal,5
361,4.0882321614268395,skew_normal,5
362,3.475309945159025,skew_normal,5
363,2.574158117224443,skew_normal,5
364,2.131695726524415,skew_normal,5
365,3.1779916416173526,skew_normal,5
366,2.8365454165431108,skew_normal,5
367,3.18589722332868,skew_normal,5
368,2.9808807424926256,skew_normal,5
369,2.879435361370403,skew_normal,5
370,1.9552121717089896,skew_normal,5
371,2.0772621527337587,skew_normal,5
372,3.800504623474719,skew_normal,5
373,3.485434843129835,skew_normal,5
374,3.0661824067466448,skew_normal,5
375,4.259990117911798,skew_normal,5
376,3.4491123199546667,skew_normal,5
377,3.108868471491073,skew_normal,5
378,2.5471150814634753,skew_normal,5
379,1.9755073940491048,skew_normal,5
380,1.8376306061693901,skew_normal,5
381,1.5942389252722442,skew_normal,5
382,1.8470297857609186,skew_normal,5
383,2.8600802677230153,skew_normal,5
384,3.15720032663876,skew_normal,5
385,2.343713672757467,skew_normal,5
386,1.740626981839,skew_normal,5
387,2.5121342821150994,skew_normal,5
388,1.9736283285594511,skew_normal,5
389,1.7905260808175725,skew_normal,5
390,1.1390108323187822,skew_normal,5
391,1.8559114709784001,skew_normal,5
392,2.3168524980030085,skew_normal,5
393,1.424098216738158,skew_normal,5
394,1.4178080250465754,skew_normal,5
395,1.2243997429983131,skew_normal,5
396,1.077081141395154,skew_normal,5
397,1.1767611609822302,skew_normal,5
398,1.4617619083570963,skew_normal,5
399,1.260470905523018,skew_normal,5
400,0.8854468475518107,skew_normal,5
401,2.0170451029451493,skew_normal,5
402,1.656071521328208,skew_normal,5
403,1.7483468377233629,skew_normal,5
404,1.4007520167792622,skew_normal,5
405,1.1342747828702502,skew_normal,5
406,1.1866115409279772,skew_normal,5
407,0.9121573396336142,skew_normal,5
408,1.53920852768998,skew_normal,5
409,1.849620244486251,skew_normal,5
410,1.712457115871338,skew_normal,5
411,1.5198617707715467,skew_normal,5
412,1.513918345037676,skew_normal,5
413,1.8992141066307222,skew_normal,5
414,2.5550014237557432,skew_normal,5
415,2.482567614903298,skew_normal,5
416,1.753017470271002,skew_normal,5
417,1.9393622233171803,skew_normal,5
418,2.1201288397891487,skew_normal,5
419,1.8345077115324673,skew_normal,5
420,1.7383027048748478,skew_normal,5
421,1.7174641246962192,skew_normal,5
422,1.5139070916242994,skew_normal,5
423,2.581998383749532,skew_normal,5
424,2.8760257591069047,skew_normal,5
425,2.4971746858830497,skew_normal,5
426,3.1294019417547956,skew_normal,5
427,2.622216112370975,skew_normal,5
428,3.6556486594441155,skew_normal,5
429,2.5574768853383363,skew_normal,5
430,3.977091007934736,skew_normal,5
431,3.055944588525678,skew_normal,5
432,2.5376472761547526,skew_normal,5
433,3.415936239449897,skew_normal,5
434,4.277562759904391,skew_normal,5
435,3.1384728702420155,skew_normal,5
436,3.020310087270185,skew_normal,5
437,3.0870472577308954,skew_normal,5
438,2.372955174643447,skew_normal,5
439,1.817572081449024,skew_normal,5
440,1.6097163742353264,skew_normal,5
441,1.6283330460319936,skew_normal,5
442,2.1575477692485148,skew_normal,5
443,2.8502019786427004,skew_normal,5
444,3.604905244909948,skew_normal,5
445,3.0266564989247,skew_normal,5
446,2.7305001936526367,skew_normal,5
447,2.154715227409106,skew_normal,5
448,2.5341311846536696,skew_normal,5
449,2.5048657503412017,skew_normal,5
450,2.220580127613977,skew_normal,5
451,2.294547745208213,skew_normal,5
452,2.52149330526999,skew_normal,5
453,2.243899431970894,skew_normal,5
454,2.976374954462707,skew_normal,5
455,3.7824684354721776,skew_normal,5
456,2.65532813563527,skew_normal,5
457,2.2475511272295323,skew_normal,5
458,2.845540691324821,skew_normal,5
459,2.096562379849979,skew_normal,5
460,2.5920235102360527,skew_normal,5
461,3.050582641669466,skew_normal,5
462,2.9803888752443237,skew_normal,5
463,3.038412425871411,skew_normal,5
464,2.575726525769982,skew_normal,5
465,2.023923630806222,skew_normal,5
466,1.6918242768905962,skew_normal,5
467,3.08086929210634,skew_normal,5
468,3.224759119722755,skew_normal,5
469,2.8257392670572745,skew_normal,5
470,3.411641550096219,skew_normal,5
471,3.648506298305679,skew_normal,5
472,3.783347876737275,skew_normal,5
473,3.0706725385865656,skew_normal,5
474,3.8847187376221255,skew_normal,5
475,4.380391544182229,skew_normal,5
476,3.4802852880678468,skew_normal,5
477,2.4211127080835415,skew_normal,5
478,3.3446003025054614,skew_normal,5
479,2.9733641476756736,skew_normal,5
480,2.6425905429965857,skew_normal,5
481,2.837171769296992,skew_normal,5
482,3.1236621606962105,skew_normal,5
483,2.6381049481602235,skew_normal,5
484,2.6119922744521373,skew_normal,5
485,2.361441974691994,skew_normal,5
486,1.9486034075559473,skew_normal,5
487,1.7560790546172278,skew_normal,5
488,2.1500736378075125,skew_normal,5
489,2.7604249653859476,skew_normal,5
490,2.8937264362353625,skew_normal,5
491,2.4338300616488393,skew_normal,5
492,2.7460904406586213,skew_normal,5
493,3.6109789332031883,skew_normal,5
494,3.5350862813342734,skew_normal,5
495,2.7562303544243854,skew_normal,5
496,3.4857927037065277,skew_normal,5
497,3.0834979104989526,skew_normal,5
498,2.6090108625607,skew_normal,5
499,2.575480604249003,skew_normal,5
500,2.4922476933839386,skew_normal,5
501,2.874876645304435,skew_normal,5
502,3.0524910906756735,skew_normal,5
503,2.9528440572871717,skew_normal,5
504,2.2831172017460584,skew_normal,5
505,2.336285533295278,skew_normal,5
506,1.5453661209079281,skew_normal,5
507,1.3422380698064287,skew_normal,5
508,1.87221796116044,skew_normal,5
509,2.761582561143986,skew_normal,5
510,3.2824773862123644,skew_normal,5
511,2.624003927134142,skew_normal,5
512,2.138181707220249,skew_normal,5
513,1.8286768132647826,skew_normal,5
514,1.918178412677904,skew_normal,5
515,3.3961625799797392,skew_normal,5
516,2.566742000224316,skew_normal,5
517,4.239294072254341,skew_normal,5
518,3.1699216083291817,skew_normal,5
519,2.8275020549840875,skew_normal,5
520,2.6864580247216923,skew_normal,5
521,2.374262175908357,skew_normal,5
522,3.3000669043743844,skew_normal,5
523,2.632212311644343,skew_normal,5
524,3.2262324318203066,skew_normal,5
525,3.5111641341922954,skew_normal,5
526,3.276797972095766,skew_normal,5
527,2.9629885920951056,skew_normal,5
528,2.020634587281246,skew_normal,5
529,2.5898498127900167,skew_normal,5
530,1.9094971575046475,skew_normal,5
531,2.123492737951996,skew_normal,5
532,1.7793578298956614,skew_normal,5
533,1.9192024971295445,skew_normal,5
534,2.5605283429373005,skew_normal,5
535,3.2080197572501885,skew_normal,5
536,3.04932655158267,skew_normal,5
537,3.284456608339303,skew_normal,5
538,4.471496697724497,skew_normal,5
539,4.896340747156984,skew_normal,5
540,4.923977130652151,skew_normal,5
541,4.866254064609482,skew_normal,5
542,4.0161830203009306,skew_normal,5
543,3.4291558099437447,skew_normal,5
544,2.387801699081973,skew_normal,5
545,2.6276657929012632,skew_normal,5
546,2.621711548792931,skew_normal,5
547,3.503109611965637,skew_normal,5
548,2.8195116833529625,skew_normal,5
549,3.7240075818464264,skew_normal,5
550,3.6579339908398687,skew_normal,5
551,3.414436031171875,skew_normal,5
552,3.1167734123444975,skew_normal,5
553,2.205903430186198,skew_normal,5
554,2.7647102555079526,skew_normal,5
555,3.0569184822384257,skew_normal,5
556,2.580452088919109,skew_normal,5
557,1.7003758783012615,skew_normal,5
558,2.0324693954093362,skew_normal,5
559,1.420514700420727,skew_normal,5
560,1.6245038536294223,skew_normal,5
561,1.3634562208500731,skew_normal,5
562,1.7787907894622106,skew_normal,5
563,2.1571465843586064,skew_normal,5
564,1.8192472261424117,skew_normal,5
565,2.026880489230372,skew_normal,5
566,1.8636567188202549,skew_normal,5
567,2.3925853757130957,skew_normal,5
568,3.043921642273137,skew_normal,5
569,2.80901724023132,skew_normal,5
570,3.1858739480103107,skew_normal,5
571,2.9794616769565354,skew_normal,5
572,3.6435884370700014,skew_normal,5
573,2.8489402012179283,skew_normal,5
574,2.121202435352421,skew_normal,5
575,1.7225896541008197,skew_normal,5
576,1.382264928570814,skew_normal,5
577,1.9422667131713625,skew_normal,5
578,3.007793048689128,skew_normal,5
579,3.120385208457792,skew_normal,5
580,2.745420586834313,skew_normal,5
581,2.3043051040749996,skew_normal,5
582,1.8017828646063903,skew_normal,5
583,1.4421259165719038,skew_normal,5
584,1.3581851721479832,skew_normal,5
585,1.5725080360166794,skew_normal,5
586,1.9186679640984523,skew_normal,5
587,1.8262128836434737,skew_normal,5
588,2.761895403869609,skew_normal,5
589,4.010256716466165,skew_normal,5
590,2.922767011846844,skew_normal,5
591,4.371084566042136,skew_normal,5
592,5.015562568422939,skew_normal,5
593,3.4210453234338565,skew_normal,5
594,2.902928696730092,skew_normal,5
595,2.255467243596183,skew_normal,5
596,2.0876355496067114,skew_normal,5
597,2.425613985644697,skew_normal,5
598,2.27044015523728,skew_normal,5
599,3.4968314863971557,skew_normal,5
600,3.5370291977093524,skew_normal,5
601,3.2250505969827414,skew_normal,5
602,2.4329824652162473,skew_normal,5
603,1.678493443298685,skew_normal,5
604,1.8227898496324557,skew_normal,5
605,1.8958118276343847,skew_normal,5
606,1.6324680615459501,skew_normal,5
607,2.0579308337381335,skew_normal,5
608,1.2185069912594684,skew_normal,5
609,1.796749939246697,skew_normal,5
610,2.0626022030336264,skew_normal,5
611,2.0139191737863555,skew_normal,5
612,1.7649873424258682,skew_normal,5
613,1.6826211652846468,skew_normal,5
614,2.00804752389557,skew_normal,5
615,2.1428016452025167,skew_normal,5
616,2.3774752736491154,skew_normal,5
617,2.11241306026078,skew_normal,5
618,1.5998655896882048,skew_normal,5
619,2.7775250254031842,skew_normal,5
620,3.101269462775039,skew_normal,5
621,2.464301597649958,skew_normal,5
622,2.1112944877272297,skew_normal,5
623,1.9333861984713003,skew_normal,5
624,1.4230175298588894,skew_normal,5
625,1.785041933725054,skew_normal,5
626,1.194158235997643,skew_normal,5
627,1.3814758919391696,skew_normal,5
628,1.8105075207607277,skew_normal,5
629,2.0166150860183785,skew_normal,5
630,2.5330362097657124,skew_normal,5
631,2.027390348028655,skew_normal,5
632,2.1210292685820527,skew_normal,5
633,1.9995655112176172,skew_normal,5
634,1.747557122792662,skew_normal,5
635,3.02136165782348,skew_normal,5
636,2.372439228072881,skew_normal,5
637,2.0389034826139523,skew_normal,5
638,2.049554454316133,skew_normal,5
639,2.582600350808291,skew_normal,5
640,3.2095505643883913,skew_normal,5
641,2.6761212657863567,skew_normal,5
642,3.843737556788941,skew_normal,5
643,3.744655840186045,skew_normal,5
644,3.1866188131683995,skew_normal,5
645,2.8034919262789595,skew_normal,5
646,3.2002521653382052,skew_normal,5
647,2.6574754153940763,skew_normal,5
648,2.8406604297713574,skew_normal,5
649,3.401150909259987,skew_normal,5
650,3.002427932048775,skew_normal,5
651,2.8062162890334212,skew_normal,5
652,2.6905535263959335,skew_normal,5
653,2.0560834206328233,skew_normal,5
654,2.110777923352676,skew_normal,5
655,1.6962393704979166,skew_normal,5
656,1.7088375786136862,skew_normal,5
657,1.4605257705358023,skew_normal,5
658,1.8618970035781377,skew_normal,5
659,2.630411556788441,skew_normal,5
660,2.649761530234347,skew_normal,5
661,2.2632540381843693,skew_normal,5
662,2.1356442940190403,skew_normal,5
663,2.7850538524371604,skew_normal,5
664,3.6331132223678804,skew_normal,5
665,4.120769592576024,skew_normal,5
666,3.9766536477618617,skew_normal,5
667,2.6123785676562594,skew_normal,5
668,2.6116835261633935,skew_normal,5
669,2.991800571171198,skew_normal,5
670,3.400743894800629,skew_normal,5
671,2.935097223489291,skew_normal,5
672,3.3522567078012138,skew_normal,5
673,2.420481966506087,skew_normal,5
674,2.4860155209249557,skew_normal,5
675,2.5382887341990794,skew_normal,5
676,2.035602684919354,skew_normal,5
677,2.438114074586724,skew_normal,5
678,2.5804193590352673,skew_normal,5
679,2.3656348180978446,skew_normal,5
680,1.6730594110353911,skew_normal,5
681,0.8968323655745236,skew_normal,5
682,1.5445260777908145,skew_normal,5
683,1.9300094990102759,skew_normal,5
684,1.9075440570083202,skew_normal,5
685,2.2716175024130245,skew_normal,5
686,2.493521836115348,skew_normal,5
687,1.70885389208597,skew_normal,5
688,1.4791700073180172,skew_normal,5
689,2.284294514753989,skew_normal,5
690,2.581628892403559,skew_normal,5
691,2.1938087220227187,skew_normal,5
692,2.533143663784256,skew_normal,5
693,2.6682627703455637,skew_normal,5
694,2.5693566138539676,skew_normal,5
695,3.0068923767691835,skew_normal,5
696,2.58541953790389,skew_normal,5
697,2.1893740909781925,skew_normal,5
698,3.2862484466162325,skew_normal,5
699,2.6886614060625074,skew_normal,5
700,2.475584630067555,skew_normal,5
701,3.3290165728407466,skew_normal,5
702,2.921703375403408,skew_normal,5
703,4.037153749104202,skew_normal,5
704,3.5478730914391856,skew_normal,5
705,5.057138189098211,skew_normal,5
706,4.35206383917779,skew_normal,5
707,3.3429481872681306,skew_normal,5
708,2.5722290199342988,skew_normal,5
709,2.3251562272965725,skew_normal,5
710,2.146911012991127,skew_normal,5
711,1.9349039210231493,skew_normal,5
712,1.6892284092131522,skew_normal,5
713,3.2777910436067694,skew_normal,5
714,2.66539921113345,skew_normal,5
715,5.320586952879396,skew_normal,5
716,5.4240546340717835,skew_normal,5
717,3.5948337906459846,skew_normal,5
718,3.6952831625457097,skew_normal,5
719,4.139151331924257,skew_normal,5
720,5.829911471518228,skew_normal,5
721,4.656684123009905,skew_normal,5
722,4.513245834084115,skew_normal,5
723,4.790648130260431,skew_normal,5
724,3.528632485827803,skew_normal,5
725,3.008922591207365,skew_normal,5
726,2.7085797844055044,skew_normal,5
727,1.8828736212050903,skew_normal,5
728,2.8064544590697498,skew_normal,5
729,3.4348650784190857,skew_normal,5
730,4.23717356233687,skew_normal,5
731,3.2979659323902424,skew_normal,5
732,4.438289454764329,skew_normal,5
733,3.879456244247191,skew_normal,5
734,3.0141168306726804,skew_normal,5
735,3.0806122648841687,skew_normal,5
736,3.78954144720696,skew_normal,5
737,3.618796786534698,skew_normal,5
738,2.5489119269316625,skew_normal,5
739,3.1808841348200536,skew_normal,5
740,3.7251894267178516,skew_normal,5
741,3.118909526890132,skew_normal,5
742,2.7912743573830454,skew_normal,5
743,2.493761437507244,skew_normal,5
744,1.7283259693109694,skew_normal,5
745,1.8896524935459469,skew_normal,5
746,1.776799564171059,skew_normal,5
747,1.4365274983534329,skew_normal,5
748,1.8034873572040824,skew_normal,5
749,3.255092427652024,skew_normal,5
750,2.3777931861433492,skew_normal,5
751,3.10779545823691,skew_normal,5
752,2.811639217326952,skew_normal,5
753,2.8597576561015385,skew_normal,5
754,3.1931952442224976,skew_normal,5
755,2.6346947621082126,skew_normal,5
756,1.795782966261125,skew_normal,5
757,3.5436628967445847,skew_normal,5
758,2.5894422400367723,skew_normal,5
759,2.0684957929421546,skew_normal,5
760,2.554523104987484,skew_normal,5
761,3.641010230514066,skew_normal,5
762,3.4642739775149276,skew_normal,5
763,2.20960896531043,skew_normal,5
764,1.5650448928492635,skew_normal,5
765,1.9535394537907225,skew_normal,5
766,1.373696675464201,skew_normal,5
767,2.2411271108377493,skew_normal,5
768,1.8385114818429318,skew_normal,5
769,2.249931071199714,skew_normal,5
770,2.318125119917303,skew_normal,5
771,1.8630230008132576,skew_normal,5
772,2.401869541584973,skew_normal,5
773,2.2998386183475414,skew_normal,5
774,2.4134538163863573,skew_normal,5
775,2.0308312972461047,skew_normal,5
776,2.118038853390188,skew_normal,5
777,1.8510352840191926,skew_normal,5
778,1.438235789290308,skew_normal,5
779,3.2279293163203873,skew_normal,5
780,2.2748880437520045,skew_normal,5
781,2.512791435476939,skew_normal,5
782,1.800183433824555,skew_normal,5
783,2.882631108519554,skew_normal,5
784,3.06267076743272,skew_normal,5
785,3.8478576966443923,skew_normal,5
786,2.9780788216613105,skew_normal,5
787,2.8498595299569716,skew_normal,5
788,2.456245143627373,skew_normal,5
789,1.6633968127152965,skew_normal,5
790,2.9729091722943037,skew_normal,5
791,3.1361083549332056,skew_normal,5
792,5.917027464664734,skew_normal,5
793,4.299566966453192,skew_normal,5
794,4.113894873829313,skew_normal,5
795,3.8047730970506,skew_normal,5
796,2.526185209843106,skew_normal,5
797,4.033413513362772,skew_normal,5
798,3.0554978871897243,skew_normal,5
799,2.5873622555239773,skew_normal,5
800,2.02373395607303,skew_normal,5
801,1.7647123366678157,skew_normal,5
802,1.637980694959308,skew_normal,5
803,4.242037657278415,skew_normal,5
804,3.64661540903275,skew_normal,5
805,3.2215958987182645,skew_normal,5
806,2.3116953747711904,skew_normal,5
807,2.9789649935444222,skew_normal,5
808,2.4981459851653516,skew_normal,5
809,4.36086388609405,skew_normal,5
810,4.055129148551103,skew_normal,5
811,3.8076905308518425,skew_normal,5
812,3.8676814082484876,skew_normal,5
813,3.181703373324927,skew_normal,5
814,2.326732545306845,skew_normal,5
815,3.645500963370611,skew_normal,5
816,2.7530431397299284,skew_normal,5
817,3.389303693691075,skew_normal,5
818,3.2921998922874596,skew_normal,5
819,2.7403371117822095,skew_normal,5
820,2.462423396801203,skew_normal,5
821,1.8214012291559307,skew_normal,5
822,2.0113931551560196,skew_normal,5
823,3.004826688841045,skew_normal,5
824,2.7002316389513505,skew_normal,5
825,2.314944443344401,skew_normal,5
826,1.6964455901100495,skew_normal,5
827,1.9610798868732777,skew_normal,5
828,3.789865864592225,skew_normal,5
829,3.3970391810347023,skew_normal,5
830,2.5578718041110298,skew_normal,5
831,2.4273357230630004,skew_normal,5
832,2.3661402975512065,skew_normal,5
833,2.473391710517607,skew_normal,5
834,1.7412767052385476,skew_normal,5
835,1.5809973530017498,skew_normal,5
836,1.3323298837557722,skew_normal,5
837,2.1751613283015088,skew_normal,5
838,3.1391914374239076,skew_normal,5
839,2.2874222325973697,skew_normal,5
840,1.9573233885117118,skew_normal,5
841,1.9385977035462425,skew_normal,5
842,3.4722309783171554,skew_normal,5
843,3.7483329309204416,skew_normal,5
844,3.304367700142272,skew_normal,5
845,2.818092001199614,skew_normal,5
846,2.858340310979467,skew_normal,5
847,3.5244799137547873,skew_normal,5
848,3.4469388506393814,skew_normal,5
849,2.4327178835616565,skew_normal,5
850,2.1690142332596896,skew_normal,5
851,1.5133418673871195,skew_normal,5
852,2.8780342692849366,skew_normal,5
853,1.939383746712359,skew_normal,5
854,1.3299161135550968,skew_normal,5
855,1.1056509541578596,skew_normal,5
856,1.098947419057662,skew_normal,5
857,0.8322079326131401,skew_normal,5
858,2.1172738990940436,skew_normal,5
859,3.3884752874970756,skew_normal,5
860,3.4455216250309864,skew_normal,5
861,3.1298172076515787,skew_normal,5
862,2.827960365393709,skew_normal,5
863,2.1855207265083516,skew_normal,5
864,1.3629629043625413,skew_normal,5
865,0.916600489067217,skew_normal,5
866,2.530775077696841,skew_normal,5
867,2.276833753458242,skew_normal,5
868,4.288786272088685,skew_normal,5
869,3.1133950791506133,skew_normal,5
870,2.767170073647617,skew_normal,5
871,2.6183738527527645,skew_normal,5
872,2.1805443494602477,skew_normal,5
873,1.9189255725266077,skew_normal,5
874,2.459185787107547,skew_normal,5
875,2.682714930531565,skew_normal,5
876,2.276716343790722,skew_normal,5
877,2.0933208270795,skew_normal,5
878,1.7042925034014162,skew_normal,5
879,2.437882801031728,skew_normal,5
880,3.046632215358655,skew_normal,5
881,1.995025022564662,skew_normal,5
882,1.4310800308647456,skew_normal,5
883,1.5063096322419367,skew_normal,5
884,1.0692846411314494,skew_normal,5
885,1.3779954640939753,skew_normal,5
886,1.2085136515206618,skew_normal,5
887,0.9374709410195982,skew_normal,5
888,1.431498935356669,skew_normal,5
889,2.6712932378503926,skew_normal,5
890,2.133169179052356,skew_normal,5
891,2.088472144431355,skew_normal,5
892,1.4146007475859004,skew_normal,5
893,1.0247689991322193,skew_normal,5
894,1.26804224902397,skew_normal,5
895,1.5056861807770745,skew_normal,5
896,1.1933930544257734,skew_normal,5
897,1.6099453154656542,skew_normal,5
898,2.1657615837239437,skew_normal,5
899,2.301101863042148,skew_normal,5
900,2.749060661746869,skew_normal,5
901,3.2959208283931245,skew_normal,5
902,2.677920407376347,skew_normal,5
903,1.8931100376529915,skew_normal,5
904,1.7821665239701245,skew_normal,5
905,1.7734854797267876,skew_normal,5
906,2.6708389521301212,skew_normal,5
907,3.0240765754112813,skew_normal,5
908,2.8033899809670713,skew_normal,5
909,2.820838972840672,skew_normal,5
910,3.4302644823981154,skew_normal,5
911,2.8190501812427256,skew_normal,5
912,2.650033188631973,skew_normal,5
913,4.199830188733506,skew_normal,5
914,3.9073530837608064,skew_normal,5
915,3.210146089425847,skew_normal,5
916,3.7927582302693823,skew_normal,5
917,3.4616289444637127,skew_normal,5
918,2.686503797306791,skew_normal,5
919,2.134761248139134,skew_normal,5
920,1.7020939535584814,skew_normal,5
921,1.9013955293982492,skew_normal,5
922,1.9785985389343044,skew_normal,5
923,1.8281707325774348,skew_normal,5
924,4.5600200077854485,skew_normal,5
925,3.515565797323163,skew_normal,5
926,3.438677563329704,skew_normal,5
927,4.387052520071677,skew_normal,5
928,4.274460139679117,skew_normal,5
929,3.0274494802482708,skew_normal,5
930,2.982092073631058,skew_normal,5
931,2.7127584374547014,skew_normal,5
932,3.167460952148384,skew_normal,5
933,2.8766285790678117,skew_normal,5
934,3.3183195923127333,skew_normal,5
935,4.492280268441777,skew_normal,5
936,3.7882534803438803,skew_normal,5
937,3.384657509635794,skew_normal,5
938,2.484031021447668,skew_normal,5
939,4.50253113469793,skew_normal,5
940,4.305767537170665,skew_normal,5
941,3.1768598564028463,skew_normal,5
942,3.603040842892068,skew_normal,5
943,3.187190824978063,skew_normal,5
944,2.815131867696232,skew_normal,5
945,2.303265389353389,skew_normal,5
946,1.681141574129443,skew_normal,5
947,2.3267032717267013,skew_normal,5
948,2.828197105436751,skew_normal,5
949,2.8484837480228884,skew_normal,5
950,2.7207760946646093,skew_normal,5
951,2.0922381808869295,skew_normal,5
952,2.6455408627519734,skew_normal,5
953,2.282847821185545,skew_normal,5
954,3.2950609912068796,skew_normal,5
955,4.012304731288364,skew_normal,5
956,3.259999921895746,skew_normal,5
957,4.7773573433312,skew_normal,5
958,3.7457548314830933,skew_normal,5
959,2.962213187011508,skew_normal,5
960,3.0484591494312836,skew_normal,5
961,5.11375848864502,skew_normal,5
962,4.112081041206577,skew_normal,5
963,3.9020528742719653,skew_normal,5
964,3.381803365221994,skew_normal,5
965,2.7148024138991507,skew_normal,5
966,2.7469071719642053,skew_normal,5
967,3.2697232551004713,skew_normal,5
968,3.01994110496058,skew_normal,5
969,3.5597054475683265,skew_normal,5
970,4.770100844299105,skew_normal,5
971,4.18571830980676,skew_normal,5
972,3.85549342082816,skew_normal,5
973,3.676504657178124,skew_normal,5
974,2.5975542131656106,skew_normal,5
975,2.1003518130129173,skew_normal,5
976,1.6306866749909577,skew_normal,5
977,1.6189824433755373,skew_normal,5
978,1.9520144292709478,skew_normal,5
979,2.1050603493622155,skew_normal,5
980,1.5048125492417923,skew_normal,5
981,1.4785194440834188,skew_normal,5
982,2.4655151312634422,skew_normal,5
983,2.5679068442017154,skew_normal,5
984,2.1460314137824152,skew_normal,5
985,2.703658153537792,skew_normal,5
986,2.9143425900776574,skew_normal,5
987,4.373795550914041,skew_normal,5
988,3.481196047068582,skew_normal,5
989,3.50530855074902,skew_normal,5
990,3.7083473683232504,skew_normal,5
991,4.203939672569696,skew_normal,5
992,3.3852058975997714,skew_normal,5
993,2.340145910972015,skew_normal,5
994,2.3031143503464016,skew_normal,5
995,2.2059974518766237,skew_normal,5
996,2.5482684063888685,skew_normal,5
997,1.6991008544278632,skew_normal,5
998,3.2009148383052386,skew_normal,5
999,2.533850028749263,skew_normal,5
1000,1.7479754637614284,skew_normal,5
1001,1.902836755989166,skew_normal,5
1002,1.4363284125042244,skew_normal,5
1003,2.61098009135882,skew_normal,5
1004,2.3153097867838706,skew_normal,5
1005,3.398683238838818,skew_normal,5
1006,4.15866764986329,skew_normal,5
1007,3.5157516782396403,skew_normal,5
1008,3.4522173860686953,skew_normal,5
1009,2.639871263337969,skew_normal,5
1010,3.4199842149488227,skew_normal,5
1011,3.356545695624965,skew_normal,5
1012,3.919678169382845,skew_normal,5
1013,4.620485504154132,skew_normal,5
1014,3.224752348140469,skew_normal,5
1015,2.5105936433952616,skew_normal,5
1016,2.535285894709804,skew_normal,5
1017,1.6274580984607625,skew_normal,5
1018,2.592767724516742,skew_normal,5
1019,2.4103182094068183,skew_normal,5
1020,3.0143010739477565,skew_normal,5
1021,2.636319989248633,skew_normal,5
1022,3.4507247763199165,skew_normal,5
1023,3.353166809099356,skew_normal,5
1024,2.3991539208865293,skew_normal,5
1025,3.80740522808298,skew_normal,5
1026,3.4380437968136435,skew_normal,5
1027,2.551836561119059,skew_normal,5
1028,1.814895661155707,skew_normal,5
1029,2.728664646051712,skew_normal,5
1030,2.6847554943272547,skew_normal,5
1031,1.9982577034571762,skew_normal,5
1032,3.6425101120320864,skew_normal,5
1033,3.637247043596883,skew_normal,5
1034,3.3439035112824427,skew_normal,5
1035,2.690160538879802,skew_normal,5
1036,2.5346159232340106,skew_normal,5
1037,2.8343931592307783,skew_normal,5
1038,3.222649801879043,skew_normal,5
1039,2.7319767115839317,skew_normal,5
1040,3.636954074500803,skew_normal,5
1041,4.721958698802489,skew_normal,5
1042,5.634700552412571,skew_normal,5
1043,5.076964850072516,skew_normal,5
1044,3.8263422235453763,skew_normal,5
1045,3.3842492577140533,skew_normal,5
1046,2.7573562499854294,skew_normal,5
1047,2.463278714002099,skew_normal,5
1048,2.5705422289804734,skew_normal,5
1049,1.9001226111504972,skew_normal,5
1050,2.5349193075646355,skew_normal,5
1051,2.1624238519213193,skew_normal,5
1052,2.32563271326217,skew_normal,5
1053,3.019772252609176,skew_normal,5
1054,2.0387111932453177,skew_normal,5
1055,1.3523136291573177,skew_normal,5
1056,2.0718859251338397,skew_normal,5
1057,2.1626811151149425,skew_normal,5
1058,2.079395793499543,skew_normal,5
1059,2.4698629115064548,skew_normal,5
1060,2.7404068443178464,skew_normal,5
1061,2.0013062440219755,skew_normal,5
1062,1.9332506334820356,skew_normal,5
1063,2.539239295556631,skew_normal,5
1064,1.6266210313644054,skew_normal,5
1065,1.8457785071675192,skew_normal,5
1066,1.4944665908580912,skew_normal,5
1067,2.4641025652184716,skew_normal,5
1068,2.0722905897866113,skew_normal,5
1069,1.6350507486921473,skew_normal,5
1070,2.4298758823059545,skew_normal,5
1071,2.5971636384618844,skew_normal,5
1072,2.3547165990745196,skew_normal,5
1073,1.3898842607270665,skew_normal,5
1074,1.3721627842414517,skew_normal,5
1075,0.9611125765821327,skew_normal,5
1076,1.6603262229792288,skew_normal,5
1077,2.7177542690401975,skew_normal,5
1078,2.197649675523944,skew_normal,5
1079,2.6223247801777987,skew_normal,5
1080,2.7194291301883915,skew_normal,5
1081,2.4778362762596013,skew_normal,5
1082,2.6242262567997723,skew_normal,5
1083,3.6616486554022107,skew_normal,5
1084,2.804475951607259,skew_normal,5
1085,2.403659976062288,skew_normal,5
1086,2.3438634957156155,skew_normal,5
1087,1.803976655425816,skew_normal,5
1088,1.6402101932696702,skew_normal,5
1089,2.613273806359709,skew_normal,5
1090,2.9405099196686146,skew_normal,5
1091,3.612292879778656,skew_normal,5
1092,2.727613001028819,skew_normal,5
1093,2.9339660130304397,skew_normal,5
1094,3.1039511318308457,skew_normal,5
1095,3.1077366312892543,skew_normal,5
1096,4.10315376194176,skew_normal,5
1097,3.629963032730447,skew_normal,5
1098,4.260736917342633,skew_normal,5
1099,3.3031713628731167,skew_normal,5
1100,4.001542270603979,skew_normal,5
1101,3.1807313860004967,skew_normal,5
1102,3.5039515084246458,skew_normal,5
1103,4.923808979206376,skew_normal,5
1104,3.34632910362605,skew_normal,5
1105,2.8922317025085795,skew_normal,5
1106,3.7892594257339445,skew_normal,5
1107,2.452820740894963,skew_normal,5
1108,3.597150769935789,skew_normal,5
1109,3.1893145671188607,skew_normal,5
1110,4.303270577737773,skew_normal,5
1111,5.486829377040904,skew_normal,5
1112,4.901653251588593,skew_normal,5
1113,5.069007993471092,skew_normal,5
1114,3.6438511480707736,skew_normal,5
1115,3.123147132314179,skew_normal,5
1116,3.7404352684362676,skew_normal,5
1117,2.8247636773731233,skew_normal,5
1118,2.8549261149468412,skew_normal,5
1119,2.7590190678042177,skew_normal,5
1120,3.179040267032165,skew_normal,5
1121,4.422322917665694,skew_normal,5
1122,4.017342831558521,skew_normal,5
1123,3.2446971965488793,skew_normal,5
1124,2.644867013799718,skew_normal,5
1125,2.6688848349545564,skew_normal,5
1126,3.510593328510455,skew_normal,5
1127,2.548855734590764,skew_normal,5
1128,2.5134753803625376,skew_normal,5
1129,2.22754785530451,skew_normal,5
1130,2.825981472287313,skew_normal,5
1131,3.4617680440692036,skew_normal,5
1132,2.5217061437665445,skew_normal,5
1133,2.756690465761112,skew_normal,5
1134,2.380653109466888,skew_normal,5
1135,3.0132834797811663,skew_normal,5
1136,2.016066486469012,skew_normal,5
1137,1.5887941244714694,skew_normal,5
1138,1.8031120105972405,skew_normal,5
1139,1.770908953380275,skew_normal,5
1140,0.8172937695563337,skew_normal,5
1141,1.3516234079802876,skew_normal,5
1142,1.8609975044493172,skew_normal,5
1143,1.4530848338721871,skew_normal,5
1144,2.052446086542637,skew_normal,5
1145,2.003841447100898,skew_normal,5
1146,3.2495016212797543,skew_normal,5
1147,4.16878443240226,skew_normal,5
1148,3.041786955571671,skew_normal,5
1149,3.2078754292046896,skew_normal,5
1150,2.2440934620521453,skew_normal,5
1151,2.238673813631073,skew_normal,5
1152,2.6298631839489612,skew_normal,5
1153,2.789127057998301,skew_normal,5
1154,3.92342563361158,skew_normal,5
1155,3.5936519094067627,skew_normal,5
1156,3.1110008846590156,skew_normal,5
1157,2.2208732500300132,skew_normal,5
1158,1.9972883964892199,skew_normal,5
1159,2.7522113861939514,skew_normal,5
1160,2.157249478548065,skew_normal,5
1161,2.3350212518628544,skew_normal,5
1162,3.2597490377354568,skew_normal,5
1163,3.442878752892142,skew_normal,5
1164,2.654097005034327,skew_normal,5
1165,2.8643205284034186,skew_normal,5
1166,3.201227558492139,skew_normal,5
1167,2.462971150291548,skew_normal,5
1168,2.639323026368063,skew_normal,5
1169,2.2393137255392355,skew_normal,5
1170,3.080756797784619,skew_normal,5
1171,2.7081044769032134,skew_normal,5
1172,1.8169316857780027,skew_normal,5
1173,1.6270903912924415,skew_normal,5
1174,2.7497292094545807,skew_normal,5
1175,3.379542209991655,skew_normal,5
1176,2.573228109943074,skew_normal,5
1177,3.115041172079454,skew_normal,5
1178,2.3238284738485464,skew_normal,5
1179,3.006682909513357,skew_normal,5
1180,2.9883570765059315,skew_normal,5
1181,2.1245749245666268,skew_normal,5
1182,2.0198568928339284,skew_normal,5
1183,2.1064111369989122,skew_normal,5
1184,2.726154232180861,skew_normal,5
1185,2.58240286330435,skew_normal,5
1186,2.0942458905835335,skew_normal,5
1187,2.0149374970002762,skew_normal,5
1188,1.8450461832602028,skew_normal,5
1189,1.8815272559791865,skew_normal,5
1190,1.6172472461440854,skew_normal,5
1191,1.7825809294512163,skew_normal,5
1192,2.2664063752412824,skew_normal,5
1193,1.7177944019345577,skew_normal,5
1194,1.5289753310249,skew_normal,5
1195,2.790161481138666,skew_normal,5
1196,3.316413327759178,skew_normal,5
1197,2.428465303606632,skew_normal,5
1198,2.6222858541543688,skew_normal,5
1199,3.1243033806893408,skew_normal,5
1200,2.104930191518281,skew_normal,5
1201,2.5673609548968743,skew_normal,5
1202,1.9841005020155777,skew_normal,5
1203,2.555571837988728,skew_normal,5
1204,3.035215349923009,skew_normal,5
1205,3.0019599576428986,skew_normal,5
1206,3.259274386096629,skew_normal,5
1207,2.5188639967639483,skew_normal,5
1208,2.404147625501382,skew_normal,5
1209,2.180513909238245,skew_normal,5
1210,2.874449908924724,skew_normal,5
1211,3.823650834123491,skew_normal,5
1212,4.058879888525961,skew_normal,5
1213,2.962164193164304,skew_normal,5
1214,1.8126680948463916,skew_normal,5
1215,2.5881843750978986,skew_normal,5
1216,2.199293336596773,skew_normal,5
1217,2.06895430211309,skew_normal,5
1218,2.8340906686036944,skew_normal,5
1219,2.6623200905222015,skew_normal,5
1220,4.297580117375009,skew_normal,5
1221,3.898550545404033,skew_normal,5
1222,3.241698754450488,skew_normal,5
1223,2.7528333189380367,skew_normal,5
1224,2.150544377277183,skew_normal,5
1225,2.3067734113467826,skew_normal,5
1226,2.0972069166094305,skew_normal,5
1227,1.2682166571048987,skew_normal,5
1228,1.0876375330979948,skew_normal,5
1229,2.429266734499375,skew_normal,5
1230,3.0693884800158067,skew_normal,5
1231,4.193150060684639,skew_normal,5
1232,3.4450103482399994,skew_normal,5
1233,2.8445524311939065,skew_normal,5
1234,2.1800871583807346,skew_normal,5
1235,3.0470754436930236,skew_normal,5
1236,3.5797951160240222,skew_normal,5
1237,2.9216234929906033,skew_normal,5
1238,3.8086492113909305,skew_normal,5
1239,2.9219027636858637,skew_normal,5
1240,2.476429195104579,skew_normal,5
1241,3.103813913875314,skew_normal,5
1242,2.924891246976925,skew_normal,5
1243,2.64005586112174,skew_normal,5
1244,2.318139400391387,skew_normal,5
1245,1.7239559989275068,skew_normal,5
1246,3.7648518488872202,skew_normal,5
1247,3.0094925650863087,skew_normal,5
1248,1.9280564932433097,skew_normal,5
1249,2.3783041985043427,skew_normal,5
1250,2.1325485891059186,skew_normal,5
1251,1.8695241203716182,skew_normal,5
1252,1.5926337036366194,skew_normal,5
1253,2.289747060349265,skew_normal,5
1254,2.509035586154545,skew_normal,5
1255,2.3954397119755244,skew_normal,5
1256,2.3819322581335656,skew_normal,5
1257,3.307301873803145,skew_normal,5
1258,3.230110369983875,skew_normal,5
1259,2.641542942192012,skew_normal,5
1260,3.602334898729814,skew_normal,5
1261,3.912054460457858,skew_normal,5
1262,3.876688266057404,skew_normal,5
1263,4.055914689736014,skew_normal,5
1264,3.372229593790144,skew_normal,5
1265,4.208959615231996,skew_normal,5
1266,3.4364902706297067,skew_normal,5
1267,2.8707783311147708,skew_normal,5
1268,2.7401595386553455,skew_normal,5
1269,2.889916606687959,skew_normal,5
1270,2.3699364296315,skew_normal,5
1271,2.3365684442992083,skew_normal,5
1272,1.9868681286962828,skew_normal,5
1273,1.783464018815746,skew_normal,5
1274,1.4420249368322,skew_normal,5
1275,2.2898530814458757,skew_normal,5
1276,3.131999987559414,skew_normal,5
1277,2.1698246122149607,skew_normal,5
1278,1.5220455355663385,skew_normal,5
1279,1.6727751039438101,skew_normal,5
1280,0.7479041667601548,skew_normal,5
1281,0.6315967514950566,skew_normal,5
1282,1.0066835969867438,skew_normal,5
1283,2.1566043901291176,skew_normal,5
1284,1.4093182012460188,skew_normal,5
1285,2.0948579469118433,skew_normal,5
1286,1.8947191787280755,skew_normal,5
1287,1.7005833591625101,skew_normal,5
1288,1.9715121321254818,skew_normal,5
1289,1.6115098999787243,skew_normal,5
1290,1.2234544784524188,skew_normal,5
1291,2.01667142738228,skew_normal,5
1292,2.5687289777655504,skew_normal,5
1293,2.5481494436104035,skew_normal,5
1294,3.034683387330168,skew_normal,5
1295,4.24164561492773,skew_normal,5
1296,3.883229502082658,skew_normal,5
1297,4.605378776602072,skew_normal,5
1298,3.7115297508615206,skew_normal,5
1299,2.718595209917005,skew_normal,5
1300,2.040922805747604,skew_normal,5
1301,1.7379283952183608,skew_normal,5
1302,1.9572040142486793,skew_normal,5
1303,2.1427366594697146,skew_normal,5
1304,2.2680714181871164,skew_normal,5
1305,2.0848894645113787,skew_normal,5
1306,1.6127271494652882,skew_normal,5
1307,1.5854017423159084,skew_normal,5
1308,1.5153444621006606,skew_normal,5
1309,1.9395531350890447,skew_normal,5
1310,2.000531202234499,skew_normal,5
1311,2.4019985318585615,skew_normal,5
1312,1.8867386844868343,skew_normal,5
1313,1.7158474112349902,skew_normal,5
1314,2.0232695293170666,skew_normal,5
1315,1.3100069485307195,skew_normal,5
1316,1.3564224567855359,skew_normal,5
1317,2.7335954846865445,skew_normal,5
1318,2.546563156753829,skew_normal,5
1319,2.289863918186555,skew_normal,5
1320,2.063611995564417,skew_normal,5
1321,1.4966832782193547,skew_normal,5
1322,1.4816407018916677,skew_normal,5
1323,1.5815420111886072,skew_normal,5
1324,1.7109450436115599,skew_normal,5
1325,3.2623999412677303,skew_normal,5
1326,2.4227288867534607,skew_normal,5
1327,3.5684521471975303,skew_normal,5
1328,2.8431035850139037,skew_normal,5
1329,3.520970354744912,skew_normal,5
1330,2.6298407598636,skew_normal,5
1331,2.604565526044211,skew_normal,5
1332,2.776261092975173,skew_normal,5
1333,2.283249114348126,skew_normal,5
1334,2.0445063915795374,skew_normal,5
1335,2.5502209095802035,skew_normal,5
1336,1.920065894195289,skew_normal,5
1337,1.5655546733356953,skew_normal,5
1338,1.4161524155311143,skew_normal,5
1339,1.2753754575867786,skew_normal,5
1340,2.207499644033611,skew_normal,5
1341,2.647470976206187,skew_normal,5
1342,3.530235126190038,skew_normal,5
1343,3.2471628032790565,skew_normal,5
1344,3.5527824914940958,skew_normal,5
1345,3.193073881528471,skew_normal,5
1346,2.323722773910624,skew_normal,5
1347,3.2970302700839906,skew_normal,5
1348,2.7670294648171403,skew_normal,5
1349,4.230953484933767,skew_normal,5
1350,3.8401809944824086,skew_normal,5
1351,3.2141657748898718,skew_normal,5
1352,2.5611881072111373,skew_normal,5
1353,2.5396010715689834,skew_normal,5
1354,2.4692111300815514,skew_normal,5
1355,2.6775532395837187,skew_normal,5
1356,3.279373046131691,skew_normal,5
1357,2.9548617108909285,skew_normal,5
1358,3.232313205806506,skew_normal,5
1359,2.84344047522413,skew_normal,5
1360,2.7995750365542618,skew_normal,5
1361,2.061612020241719,skew_normal,5
1362,3.495455349957835,skew_normal,5
1363,3.0633566943481427,skew_normal,5
1364,2.581489999576428,skew_normal,5
1365,2.6064054944178707,skew_normal,5
1366,3.9510388689133134,skew_normal,5
1367,4.493734104452322,skew_normal,5
1368,4.108650887089461,skew_normal,5
1369,3.6162064176147055,skew_normal,5
1370,3.394252870799006,skew_normal,5
1371,2.866638119914287,skew_normal,5
1372,2.6699797478187506,skew_normal,5
1373,2.69205326385539,skew_normal,5
1374,2.723658301526921,skew_normal,5
1375,4.009141267947959,skew_normal,5
1376,3.740290298142507,skew_normal,5
1377,3.226069355099565,skew_normal,5
1378,2.442540780504332,skew_normal,5
1379,2.9942302141255146,skew_normal,5
1380,2.78567728735664,skew_normal,5
1381,2.1506203120148397,skew_normal,5
1382,2.6731742660519515,skew_normal,5
1383,3.4276893908716897,skew_normal,5
1384,3.381103380999929,skew_normal,5
1385,3.041274293942596,skew_normal,5
1386,2.7894722957241673,skew_normal,5
1387,2.8456086583680564,skew_normal,5
1388,2.1755040805457857,skew_normal,5
1389,1.7413341015879413,skew_normal,5
1390,1.212188688836045,skew_normal,5
1391,1.4572595635190948,skew_normal,5
1392,2.021659834303252,skew_normal,5
1393,1.3906984721853313,skew_normal,5
1394,1.4271804963481551,skew_normal,5
1395,2.6226431814413327,skew_normal,5
1396,3.3117694521601653,skew_normal,5
1397,2.811493888530085,skew_normal,5
1398,3.1401893393865477,skew_normal,5
1399,2.6962654542163045,skew_normal,5
1400,3.10616729452165,skew_normal,5
1401,3.4450140479506075,skew_normal,5
1402,2.7831490111705013,skew_normal,5
1403,2.541381296228355,skew_normal,5
1404,2.3607275531949887,skew_normal,5
1405,2.581897943267727,skew_normal,5
1406,3.509733573067802,skew_normal,5
1407,2.5328655564598948,skew_normal,5
1408,2.9119506838181053,skew_normal,5
1409,2.7032514011414612,skew_normal,5
1410,4.084709779620876,skew_normal,5
1411,3.117546704517238,skew_normal,5
1412,3.1749750057734722,skew_normal,5
1413,2.574072247282353,skew_normal,5
1414,2.1666479947632604,skew_normal,5
1415,1.4945962704714362,skew_normal,5
1416,2.4755020937267664,skew_normal,5
1417,1.7687728181259903,skew_normal,5
1418,2.40987527021225,skew_normal,5
1419,2.2367986164539104,skew_normal,5
1420,2.6762919234601403,skew_normal,5
1421,2.2622725864537037,skew_normal,5
1422,2.449075105337494,skew_normal,5
1423,2.1288654403744856,skew_normal,5
1424,1.584086065902693,skew_normal,5
1425,2.161309039576328,skew_normal,5
1426,1.7820622309153742,skew_normal,5
1427,2.0432543445480063,skew_normal,5
1428,2.424969454936262,skew_normal,5
1429,1.7051760122846087,skew_normal,5
1430,1.4768137773171208,skew_normal,5
1431,1.1166830473869513,skew_normal,5
1432,2.0837882699859507,skew_normal,5
1433,1.725449963133954,skew_normal,5
1434,1.9720299686957532,skew_normal,5
1435,2.2081927144744125,skew_normal,5
1436,2.5621967374301793,skew_normal,5
1437,4.321301491851125,skew_normal,5
1438,3.457644452608651,skew_normal,5
1439,2.5247809075561807,skew_normal,5
1440,4.002275014085281,skew_normal,5
1441,3.476501331190195,skew_normal,5
1442,5.404629462200992,skew_normal,5
1443,4.858239333853413,skew_normal,5
1444,3.278125855097241,skew_normal,5
1445,3.046015557827303,skew_normal,5
1446,1.9937444550823646,skew_normal,5
1447,3.110199593459276,skew_normal,5
1448,3.8458617800441472,skew_normal,5
1449,2.6736419675743535,skew_normal,5
1450,3.58963500581644,skew_normal,5
1451,2.879024885610493,skew_normal,5
1452,2.7662435177225584,skew_normal,5
1453,2.1027202552526965,skew_normal,5
1454,1.6661388874361258,skew_normal,5
1455,2.7778472555367832,skew_normal,5
1456,3.2659666782826977,skew_normal,5
1457,4.540915616885458,skew_normal,5
1458,4.056105585159224,skew_normal,5
1459,3.7458186991768354,skew_normal,5
1460,3.3739253162555207,skew_normal,5
1461,2.1855706580304743,skew_normal,5
1462,2.012565468234619,skew_normal,5
1463,3.2423325852288567,skew_normal,5
1464,2.422134363396577,skew_normal,5
1465,2.3398923324130703,skew_normal,5
1466,2.033189296444671,skew_normal,5
1467,2.8294223650950467,skew_normal,5
1468,2.4335836796225685,skew_normal,5
1469,2.2822297468803194,skew_normal,5
1470,2.520289509951015,skew_normal,5
1471,2.1211377229669086,skew_normal,5
1472,2.113183282406245,skew_normal,5
1473,3.4299048568997295,skew_normal,5
1474,3.45463500675004,skew_normal,5
1475,2.929769497095769,skew_normal,5
1476,2.6200680003239243,skew_normal,5
1477,2.349464087035277,skew_normal,5
1478,1.5879834665645347,skew_normal,5
1479,2.0740932020130236,skew_normal,5
1480,1.4379833536417288,skew_normal,5
1481,1.1190075706390863,skew_normal,5
1482,1.652442757118567,skew_normal,5
1483,2.0452596894584927,skew_normal,5
1484,3.205696743332484,skew_normal,5
1485,3.0657068155345457,skew_normal,5
1486,3.3680254897334674,skew_normal,5
1487,2.368074030617985,skew_normal,5
1488,2.2757320291951655,skew_normal,5
1489,2.4629154159661244,skew_normal,5
1490,3.252869793445432,skew_normal,5
1491,3.353154978893979,skew_normal,5
1492,3.6775895253149335,skew_normal,5
1493,3.3561736981815224,skew_normal,5
1494,2.729069404734421,skew_normal,5
1495,3.5561499650524784,skew_normal,5
1496,2.968168478478492,skew_normal,5
1497,2.3950722788188568,skew_normal,5
1498,2.376360419903062,skew_normal,5
1499,2.4887560694117457,skew_normal,5
1500,3.4569107972545323,skew_normal,5
1501,2.205493392165203,skew_normal,5
1502,1.9666101180655016,skew_normal,5
1503,1.8029589503943895,skew_normal,5
1504,1.7887417250403592,skew_normal,5
1505,2.6086396362652073,skew_normal,5
1506,2.3096216654884105,skew_normal,5
1507,2.418981637315986,skew_normal,5
1508,2.089482379595715,skew_normal,5
1509,1.2936736518971554,skew_normal,5
1510,1.8972430175145463,skew_normal,5
1511,2.017355227753037,skew_normal,5
1512,1.168546873369183,skew_normal,5
1513,2.3145925611592446,skew_normal,5
1514,1.6825635228882792,skew_normal,5
1515,2.3657677248561515,skew_normal,5
1516,1.8494123104900897,skew_normal,5
1517,1.4133811671709011,skew_normal,5
1518,1.5726364559770936,skew_normal,5
1519,1.6984524042012432,skew_normal,5
1520,1.9999019709351615,skew_normal,5
1521,3.1459066971615055,skew_normal,5
1522,1.9965667401172387,skew_normal,5
1523,4.329836705327946,skew_normal,5
1524,3.5202989071550475,skew_normal,5
1525,2.48834675065293,skew_normal,5
1526,2.0754617086117837,skew_normal,5
1527,2.449373576887945,skew_normal,5
1528,2.4203175397784844,skew_normal,5
1529,2.1742483119558615,skew_normal,5
1530,2.0525931684525753,skew_normal,5
1531,2.084428376752675,skew_normal,5
1532,1.5082147917860822,skew_normal,5
1533,1.383127633010548,skew_normal,5
1534,1.9188770299961986,skew_normal,5
1535,1.4888013662961492,skew_normal,5
1536,1.6966546758902266,skew_normal,5
1537,2.039588047877955,skew_normal,5
1538,1.681849506873423,skew_normal,5
1539,1.3453582903478807,skew_normal,5
1540,1.7067226084672549,skew_normal,5
1541,1.950960516615463,skew_normal,5
1542,1.9077276099088674,skew_normal,5
1543,1.8640699623682102,skew_normal,5
1544,1.8962852208246508,skew_normal,5
1545,1.4828716042379169,skew_normal,5
1546,0.895972579677101,skew_normal,5
1547,1.328740978498454,skew_normal,5
1548,1.7882422652219074,skew_normal,5
1549,2.305700255929654,skew_normal,5
1550,3.122370410508035,skew_normal,5
1551,2.9293456218003753,skew_normal,5
1552,2.9370878174798145,skew_normal,5
1553,1.9936306456608954,skew_normal,5
1554,2.928909163999034,skew_normal,5
1555,2.2340172800888793,skew_normal,5
1556,2.157819809379089,skew_normal,5
1557,2.4310990642584325,skew_normal,5
1558,2.847138767434962,skew_normal,5
1559,3.1291446686036655,skew_normal,5
1560,4.825094549066331,skew_normal,5
1561,4.175567319260813,skew_normal,5
1562,3.6555189926348133,skew_normal,5
1563,3.520244981307393,skew_normal,5
1564,3.4264228867052324,skew_normal,5
1565,3.3670276564972634,skew_normal,5
1566,2.5047267214557607,skew_normal,5
1567,2.078216486554445,skew_normal,5
1568,1.9467357875520455,skew_normal,5
1569,1.826469402406063,skew_normal,5
1570,1.596130903443155,skew_normal,5
1571,2.3789983214105197,skew_normal,5
1572,2.23197978642604,skew_normal,5
1573,1.630789088217738,skew_normal,5
1574,1.4373962232763045,skew_normal,5
1575,1.1489428979712146,skew_normal,5
1576,1.2041372322558919,skew_normal,5
1577,1.9050794562793354,skew_normal,5
1578,2.4312402212954307,skew_normal,5
1579,1.9806418941346369,skew_normal,5
1580,1.7231802738728286,skew_normal,5
1581,2.1709826636838248,skew_normal,5
1582,1.5630703431237607,skew_normal,5
1583,2.00413733035366,skew_normal,5
1584,1.7469014534987428,skew_normal,5
1585,1.7017461416405255,skew_normal,5
1586,1.542247039693546,skew_normal,5
1587,1.9001276891438654,skew_normal,5
1588,1.5006269599182733,skew_normal,5
1589,1.8135558092264896,skew_normal,5
1590,1.8931508242687871,skew_normal,5
1591,1.6046412048168914,skew_normal,5
1592,1.6295221611606392,skew_normal,5
1593,1.0852267897194214,skew_normal,5
1594,1.530881209282815,skew_normal,5
1595,2.0033198333143982,skew_normal,5
1596,1.3757398813529835,skew_normal,5
1597,2.2602458709461297,skew_normal,5
1598,2.9508889457967222,skew_normal,5
1599,3.0704013309641414,skew_normal,5
1600,3.4624509703326933,skew_normal,5
1601,2.3874272648783195,skew_normal,5
1602,2.593918541606008,skew_normal,5
1603,2.914433372561231,skew_normal,5
1604,1.8958926416368964,skew_normal,5
1605,1.551152120399954,skew_normal,5
1606,3.40925866725716,skew_normal,5
1607,2.7029103727627866,skew_normal,5
1608,3.1889127848407934,skew_normal,5
1609,2.8264559397730267,skew_normal,5
1610,2.035972731500866,skew_normal,5
1611,3.468471739437116,skew_normal,5
1612,2.220898003119593,skew_normal,5
1613,2.8708852577823842,skew_normal,5
1614,2.719216124525495,skew_normal,5
1615,3.5483478255933347,skew_normal,5
1616,2.6851995975029084,skew_normal,5
1617,2.327061385709526,skew_normal,5
1618,1.9942786195190305,skew_normal,5
1619,4.234834709206672,skew_normal,5
1620,3.1115121488601925,skew_normal,5
1621,3.090273918818621,skew_normal,5
1622,2.1975975600522695,skew_normal,5
1623,3.684162511060109,skew_normal,5
1624,3.819549105344791,skew_normal,5
1625,3.843625791547775,skew_normal,5
1626,3.2666389523675954,skew_normal,5
1627,2.9620708826802944,skew_normal,5
1628,2.403355094951257,skew_normal,5
1629,2.777368449197234,skew_normal,5
1630,1.7615405411171592,skew_normal,5
1631,1.568260376464365,skew_normal,5
1632,2.988477994791061,skew_normal,5
1633,2.7921004796850806,skew_normal,5
1634,2.159908183967224,skew_normal,5
1635,2.892068477846822,skew_normal,5
1636,2.570418768835419,skew_normal,5
1637,2.099416617786926,skew_normal,5
1638,1.8616622799335898,skew_normal,5
1639,2.354801858462683,skew_normal,5
1640,2.845456696815593,skew_normal,5
1641,2.845051044354587,skew_normal,5
1642,3.610381332272414,skew_normal,5
1643,3.9174036316058034,skew_normal,5
1644,3.7284061612676727,skew_normal,5
1645,2.9481587842038945,skew_normal,5
1646,3.7904459220467275,skew_normal,5
1647,3.9772253088451417,skew_normal,5
1648,4.450857203124647,skew_normal,5
1649,3.4490933375221964,skew_normal,5
1650,3.904709841713573,skew_normal,5
1651,4.53602779148369,skew_normal,5
1652,4.743817992130854,skew_normal,5
1653,3.2757729111548164,skew_normal,5
1654,3.7025186518325173,skew_normal,5
1655,3.081651707613793,skew_normal,5
1656,2.41583584724884,skew_normal,5
1657,1.8260935762511254,skew_normal,5
1658,2.049967366930841,skew_normal,5
1659,1.6102854704495193,skew_normal,5
1660,0.9527485291746705,skew_normal,5
1661,0.9413347816000236,skew_normal,5
1662,2.739236622844216,skew_normal,5
1663,2.176402605280405,skew_normal,5
1664,2.1675126963385933,skew_normal,5
1665,2.724540827836624,skew_normal,5
1666,2.3940809199171893,skew_normal,5
1667,2.237813220261577,skew_normal,5
1668,3.1103782969680815,skew_normal,5
1669,4.266965950042679,skew_normal,5
1670,4.046646512895779,skew_normal,5
1671,3.47651431848606,skew_normal,5
1672,2.5996591083557696,skew_normal,5
1673,2.573365814192319,skew_normal,5
1674,2.013920121169759,skew_normal,5
1675,2.8666520577273564,skew_normal,5
1676,2.1234306936466503,skew_normal,5
1677,2.931363616999178,skew_normal,5
1678,2.99056865181318,skew_normal,5
1679,3.036370463255905,skew_normal,5
1680,2.3796114487100324,skew_normal,5
1681,1.397252336233389,skew_normal,5
1682,1.1480651701413187,skew_normal,5
1683,1.2639679665272834,skew_normal,5
1684,2.433868076334552,skew_normal,5
1685,1.8790775284047105,skew_normal,5
1686,1.8118873605929338,skew_normal,5
1687,4.764488269914404,skew_normal,5
1688,4.065623652964341,skew_normal,5
1689,3.701483993551689,skew_normal,5
1690,4.495890693957088,skew_normal,5
1691,3.7947675990874576,skew_normal,5
1692,3.0021922530543446,skew_normal,5
1693,3.0038383679622545,skew_normal,5
1694,3.018993125267661,skew_normal,5
1695,3.7017016508089857,skew_normal,5
1696,3.7599444064292005,skew_normal,5
1697,3.533093882685776,skew_normal,5
1698,4.077999081094486,skew_normal,5
1699,3.577304580120131,skew_normal,5
1700,2.532237597247003,skew_normal,5
1701,2.0150220718658427,skew_normal,5
1702,3.1316032065551296,skew_normal,5
1703,3.693802335568677,skew_normal,5
1704,3.462263104981595,skew_normal,5
1705,2.9228536391347006,skew_normal,5
1706,2.4329947333343664,skew_normal,5
1707,1.4628153875750416,skew_normal,5
1708,1.200321220149446,skew_normal,5
1709,1.4629474465474996,skew_normal,5
1710,2.7486294349287124,skew_normal,5
1711,3.136058319024457,skew_normal,5
1712,4.217753408860904,skew_normal,5
1713,5.087411438756456,skew_normal,5
1714,4.0357696065968405,skew_normal,5
1715,2.823447780261294,skew_normal,5
1716,2.223247748075378,skew_normal,5
1717,2.4169586297796597,skew_normal,5
1718,2.4908557216734595,skew_normal,5
1719,3.5661001243860486,skew_normal,5
1720,4.346869461745886,skew_normal,5
1721,3.95463552981131,skew_normal,5
1722,3.9293694014916944,skew_normal,5
1723,3.4323991654565775,skew_normal,5
1724,2.7381426285004373,skew_normal,5
1725,1.8212717199089177,skew_normal,5
1726,1.9790185386969967,skew_normal,5
1727,2.2296028242821797,skew_normal,5
1728,1.9479797383225463,skew_normal,5
1729,2.236382249276928,skew_normal,5
1730,2.210392554946897,skew_normal,5
1731,2.1138795623166304,skew_normal,5
1732,1.7475735223750855,skew_normal,5
1733,2.2556838068546483,skew_normal,5
1734,2.804463235736163,skew_normal,5
1735,2.225314332438502,skew_normal,5
1736,1.83493427205673,skew_normal,5
1737,1.527355603646415,skew_normal,5
1738,2.368065455996809,skew_normal,5
1739,1.8754890688955068,skew_normal,5
1740,1.5442364876452503,skew_normal,5
1741,2.368522702846086,skew_normal,5
1742,3.7975614177959334,skew_normal,5
1743,3.618698573591755,skew_normal,5
1744,2.5077010456808866,skew_normal,5
1745,1.8017992350334737,skew_normal,5
1746,1.7355357979567878,skew_normal,5
1747,3.306511006035616,skew_normal,5
1748,3.190586279148192,skew_normal,5
1749,4.16664626844157,skew_normal,5
1750,3.473676643832275,skew_normal,5
1751,4.900462237030572,skew_normal,5
1752,4.976853976173202,skew_normal,5
1753,3.9101639296296944,skew_normal,5
1754,3.474622932727387,skew_normal,5
1755,3.8626860223003368,skew_normal,5
1756,3.078860999099843,skew_normal,5
1757,3.1409481113713626,skew_normal,5
1758,2.67284500925602,skew_normal,5
1759,2.4643738131077635,skew_normal,5
1760,2.522270840768832,skew_normal,5
1761,3.2113319705661594,skew_normal,5
1762,3.117132311582507,skew_normal,5
1763,4.146175361848531,skew_normal,5
1764,4.1230620719272,skew_normal,5
1765,2.528223427803694,skew_normal,5
1766,1.9980317634212734,skew_normal,5
1767,1.359796929114132,skew_normal,5
1768,2.2567310712355604,skew_normal,5
1769,2.302404465028611,skew_normal,5
1770,2.182570383734272,skew_normal,5
1771,2.0083168400405786,skew_normal,5
1772,1.9841079300335318,skew_normal,5
1773,1.8786953837460927,skew_normal,5
1774,1.3741960088548115,skew_normal,5
1775,1.0461811676275148,skew_normal,5
1776,0.7284012929969974,skew_normal,5
1777,2.0727438959864,skew_normal,5
1778,2.015658788114327,skew_normal,5
1779,2.4035719312207346,skew_normal,5
1780,2.0607415952969204,skew_normal,5
1781,2.3562756284608635,skew_normal,5
1782,1.3794114630005958,skew_normal,5
1783,1.9189300122103075,skew_normal,5
1784,1.4295128053630788,skew_normal,5
1785,1.1326458867762594,skew_normal,5
1786,1.3655944910753153,skew_normal,5
1787,3.220088741686117,skew_normal,5
1788,4.274055486118849,skew_normal,5
1789,3.5383539951054255,skew_normal,5
1790,2.854677186615384,skew_normal,5
1791,4.089303779619626,skew_normal,5
1792,3.184418527190084,skew_normal,5
1793,2.2864051764482274,skew_normal,5
1794,2.5992197755009885,skew_normal,5
1795,2.319992361704622,skew_normal,5
1796,3.4318896172614832,skew_normal,5
1797,3.5713286263078103,skew_normal,5
1798,3.0262276933167014,skew_normal,5
1799,2.8067685211739706,skew_normal,5
1800,2.6293932900216594,skew_normal,5
1801,1.8873303771073349,skew_normal,5
1802,1.8611974728890321,skew_normal,5
1803,1.7501830414237638,skew_normal,5
1804,2.257804428002302,skew_normal,5
1805,2.5439873797721466,skew_normal,5
1806,2.7124586775719752,skew_normal,5
1807,1.744346785081215,skew_normal,5
1808,1.270932893095989,skew_normal,5
1809,1.8045515829739611,skew_normal,5
1810,1.686801969864879,skew_normal,5
1811,2.825152243727124,skew_normal,5
1812,2.204734153341101,skew_normal,5
1813,1.2866035156497204,skew_normal,5
1814,2.339666153952077,skew_normal,5
1815,1.9310925494593445,skew_normal,5
1816,1.9232465949982387,skew_normal,5
1817,1.786347109417711,skew_normal,5
1818,1.5003931680815348,skew_normal,5
1819,1.4527316381808633,skew_normal,5
1820,1.6181064098969085,skew_normal,5
1821,1.9751031784788406,skew_normal,5
1822,2.136262891738987,skew_normal,5
1823,5.2479614887374915,skew_normal,5
1824,4.397360731695516,skew_normal,5
1825,4.209131069311953,skew_normal,5
1826,3.3687721841402474,skew_normal,5
1827,4.0876776086590905,skew_normal,5
1828,3.5639361826235287,skew_normal,5
1829,2.913047461876037,skew_normal,5
1830,2.4478466127940837,skew_normal,5
1831,2.3610837619785086,skew_normal,5
1832,1.8305359017716256,skew_normal,5
1833,1.4216631698863584,skew_normal,5
1834,1.0322650872673267,skew_normal,5
1835,1.0261548868501782,skew_normal,5
1836,3.0440278176058015,skew_normal,5
1837,3.627068667685212,skew_normal,5
1838,5.29945911039869,skew_normal,5
1839,3.261541190968339,skew_normal,5
1840,2.568155554845328,skew_normal,5
1841,2.600853754353728,skew_normal,5
1842,2.1049958945310663,skew_normal,5
1843,2.3059295556905397,skew_normal,5
1844,2.461662493484842,skew_normal,5
1845,2.2049902713356326,skew_normal,5
1846,1.7896818462639117,skew_normal,5
1847,1.5345566099561072,skew_normal,5
1848,2.7943848145802677,skew_normal,5
1849,1.8345006889227045,skew_normal,5
1850,1.978118201885389,skew_normal,5
1851,2.381581110171754,skew_normal,5
1852,2.0039137581827084,skew_normal,5
1853,1.6882983686761919,skew_normal,5
1854,1.9021337799810651,skew_normal,5
1855,1.5348899689846718,skew_normal,5
1856,3.8112575850119415,skew_normal,5
1857,3.044847305958141,skew_normal,5
1858,2.829240588815022,skew_normal,5
1859,2.8876737082432684,skew_normal,5
1860,3.253117879417048,skew_normal,5
1861,2.873948718869151,skew_normal,5
1862,2.0793104710384105,skew_normal,5
1863,1.917717696779854,skew_normal,5
1864,1.513767344972774,skew_normal,5
1865,1.588745070523499,skew_normal,5
1866,0.8360655179925461,skew_normal,5
1867,2.3486893674052833,skew_normal,5
1868,2.237025364206761,skew_normal,5
1869,1.4450723534940673,skew_normal,5
1870,2.2245671860858627,skew_normal,5
1871,1.475506915295968,skew_normal,5
1872,2.185987362958869,skew_normal,5
1873,1.5022221310252253,skew_normal,5
1874,1.1585685108671084,skew_normal,5
1875,1.4625613334600827,skew_normal,5
1876,3.069910637716876,skew_normal,5
1877,1.9383112973761318,skew_normal,5
1878,1.9071353565004439,skew_normal,5
1879,2.5632345743628653,skew_normal,5
1880,1.8564498454149072,skew_normal,5
1881,1.4946214236344615,skew_normal,5
1882,1.6326703850801314,skew_normal,5
1883,1.8266426234056823,skew_normal,5
1884,1.1378166985765257,skew_normal,5
1885,0.8564198468694751,skew_normal,5
1886,1.3226803137807952,skew_normal,5
1887,1.9024205548520416,skew_normal,5
1888,2.047221563176386,skew_normal,5
1889,2.807898181382447,skew_normal,5
1890,2.4146982253287597,skew_normal,5
1891,2.770269768295514,skew_normal,5
1892,2.2181170902170786,skew_normal,5
1893,2.420074667053014,skew_normal,5
1894,1.6956956558191894,skew_normal,5
1895,1.9055652957622722,skew_normal,5
1896,2.1915250955543915,skew_normal,5
1897,2.8752934633555385,skew_normal,5
1898,2.3867711294700387,skew_normal,5
1899,2.336042860827062,skew_normal,5
1900,1.6098649595393595,skew_normal,5
1901,2.2777168994233996,skew_normal,5
1902,2.0235839258979675,skew_normal,5
1903,2.464992494340052,skew_normal,5
1904,2.0789145821024335,skew_normal,5
1905,2.7677118148853115,skew_normal,5
1906,3.876106233351029,skew_normal,5
1907,3.18542851959989,skew_normal,5
1908,3.316818999069482,skew_normal,5
1909,2.1568744502010797,skew_normal,5
1910,3.633701776764483,skew_normal,5
1911,3.499625132060371,skew_normal,5
1912,4.754625311451835,skew_normal,5
1913,3.6767653548663874,skew_normal,5
1914,3.128593094916066,skew_normal,5
1915,2.2825508317842345,skew_normal,5
1916,2.5780338870857427,skew_normal,5
1917,1.735613559672055,skew_normal,5
1918,2.463800064781104,skew_normal,5
1919,2.678290902911926,skew_normal,5
1920,2.245854649287771,skew_normal,5
1921,2.120375803242759,skew_normal,5
1922,3.7984774761405236,skew_normal,5
1923,3.3577124791730855,skew_normal,5
1924,3.1646835746898794,skew_normal,5
1925,2.9536012168314127,skew_normal,5
1926,3.794329826562411,skew_normal,5
1927,3.15376181872851,skew_normal,5
1928,2.7667393552285295,skew_normal,5
1929,2.731382811996901,skew_normal,5
1930,1.6959965539696722,skew_normal,5
1931,2.0365349346041284,skew_normal,5
1932,1.8925682486787967,skew_normal,5
1933,2.4207075269481213,skew_normal,5
1934,2.6779194158449675,skew_normal,5
1935,2.2772851125764584,skew_normal,5
1936,1.8636285015995502,skew_normal,5
1937,1.8389610155127352,skew_normal,5
1938,2.145372015248849,skew_normal,5
1939,1.5146757726507911,skew_normal,5
1940,1.4962233085082932,skew_normal,5
1941,1.1948182213777758,skew_normal,5
1942,1.5711930744863247,skew_normal,5
1943,2.408577720931076,skew_normal,5
1944,3.110248796406618,skew_normal,5
1945,2.0301528109817406,skew_normal,5
1946,2.114349428523216,skew_normal,5
1947,2.6974131444001554,skew_normal,5
1948,2.2133921912929084,skew_normal,5
1949,2.1378589900204905,skew_normal,5
1950,2.0315815984607055,skew_normal,5
1951,1.4816979950941942,skew_normal,5
1952,1.7316187415231556,skew_normal,5
1953,2.1683027932032766,skew_normal,5
1954,2.7429089992052633,skew_normal,5
1955,2.668942688445518,skew_normal,5
1956,1.9498226611373235,skew_normal,5
1957,1.3324541562969634,skew_normal,5
1958,1.3534232776556359,skew_normal,5
1959,1.448556726651884,skew_normal,5
1960,2.2973427032784013,skew_normal,5
1961,2.1018473702927105,skew_normal,5
1962,2.9698456435682044,skew_normal,5
1963,2.384862075127492,skew_normal,5
1964,1.9967097926380222,skew_normal,5
1965,1.961458810343142,skew_normal,5
1966,1.6313358423618194,skew_normal,5
1967,1.5105145005354061,skew_normal,5
1968,2.347441254771174,skew_normal,5
1969,1.7518139748022659,skew_normal,5
1970,3.7262250978096856,skew_normal,5
1971,3.714147261076879,skew_normal,5
1972,2.785662261432364,skew_normal,5
1973,2.622588965549198,skew_normal,5
1974,1.8745046375836432,skew_normal,5
1975,3.2783773314948412,skew_normal,5
1976,2.8141183833790024,skew_normal,5
1977,1.6957103008765209,skew_normal,5
1978,3.45023484175966,skew_normal,5
1979,2.996527570440684,skew_normal,5
1980,2.4133924268286346,skew_normal,5
1981,1.9020331549156217,skew_normal,5
1982,3.198234406485485,skew_normal,5
1983,2.9524432825774864,skew_normal,5
1984,2.1727649283697112,skew_normal,5
1985,1.6593893589786017,skew_normal,5
1986,1.7422780777066673,skew_normal,5
1987,1.9221592234840958,skew_normal,5
1988,2.2264054771433583,skew_normal,5
1989,2.1970471645117264,skew_normal,5
1990,1.76854292666329,skew_normal,5
1991,1.1132572814189512,skew_normal,5
1992,1.5659544517775967,skew_normal,5
1993,1.291478498931063,skew_normal,5
1994,0.986918222173847,skew_normal,5
1995,0.9802072654695272,skew_normal,5
1996,3.0498622943817892,skew_normal,5
1997,2.2588073880570785,skew_normal,5
1998,2.728476839960633,skew_normal,5
1999,3.3597812906492286,skew_normal,5
2000,2.707646083251265,skew_normal,5
2001,3.1722282425359554,skew_normal,5
2002,2.667123365750661,skew_normal,5
2003,1.8153752744845721,skew_normal,5
2004,1.3490704805164695,skew_normal,5
2005,0.8116114754084787,skew_normal,5
2006,0.83189896059358,skew_normal,5
2007,1.1876757272760696,skew_normal,5
2008,0.8760865953241196,skew_normal,5
2009,2.7048226943621145,skew_normal,5
2010,3.2547714314205534,skew_normal,5
2011,3.5613198860042594,skew_normal,5
2012,3.1506556724509647,skew_normal,5
2013,2.479393524259761,skew_normal,5
2014,2.816467567365687,skew_normal,5
2015,2.178580724784213,skew_normal,5
2016,3.1508720583879657,skew_normal,5
2017,2.333239357659842,skew_normal,5
2018,2.8065949093069804,skew_normal,5
2019,2.7774619527817173,skew_normal,5
2020,2.1646786175276502,skew_normal,5
2021,3.8808977255571215,skew_normal,5
2022,2.6699663738383093,skew_normal,5
2023,2.458680200740204,skew_normal,5
2024,3.032713224270669,skew_normal,5
2025,2.4817834456841084,skew_normal,5
2026,2.380303165405303,skew_normal,5
2027,2.3701075666902987,skew_normal,5
2028,2.387893198188678,skew_normal,5
2029,1.7599108786552609,skew_normal,5
2030,1.8166161484292047,skew_normal,5
2031,2.1426126717333087,skew_normal,5
2032,1.6592277321736537,skew_normal,5
2033,1.3245238043126188,skew_normal,5
2034,1.9296465218638708,skew_normal,5
2035,1.3856553253925108,skew_normal,5
2036,1.2202198943237827,skew_normal,5
2037,1.8613168468499146,skew_normal,5
2038,3.076133345496388,skew_normal,5
2039,3.034905735311339,skew_normal,5
2040,3.306475444189954,skew_normal,5
2041,3.1183927001426843,skew_normal,5
2042,3.568655077090523,skew_normal,5
2043,3.8163604639888096,skew_normal,5
2044,3.7573591536820983,skew_normal,5
2045,4.2225432938609195,skew_normal,5
2046,3.2976927871819606,skew_normal,5
2047,2.656713974446028,skew_normal,5
2048,4.272820014856104,skew_normal,5
2049,3.1236009496662076,skew_normal,5
2050,2.7665684718675663,skew_normal,5
2051,2.3888043522528224,skew_normal,5
2052,3.828496986540202,skew_normal,5
2053,3.326822662718075,skew_normal,5
2054,2.494126105586552,skew_normal,5
2055,3.538660485901226,skew_normal,5
2056,2.911126454807801,skew_normal,5
2057,3.16047231512838,skew_normal,5
2058,2.7091956299623954,skew_normal,5
2059,2.059573099692496,skew_normal,5
2060,2.98344084408152,skew_normal,5
2061,3.754334788729928,skew_normal,5
2062,3.66439861866159,skew_normal,5
2063,4.683170093671119,skew_normal,5
2064,6.223218151455141,skew_normal,5
2065,6.9005082451786475,skew_normal,5
2066,5.291711627895911,skew_normal,5
2067,4.397212299652205,skew_normal,5
2068,2.989315689142013,skew_normal,5
2069,2.1142897431295165,skew_normal,5
2070,2.75253377691432,skew_normal,5
2071,3.187826707961329,skew_normal,5
2072,2.4186242496932286,skew_normal,5
2073,2.3575086719598013,skew_normal,5
2074,3.543580942045854,skew_normal,5
2075,3.3883770982306363,skew_normal,5
2076,3.574126457060396,skew_normal,5
2077,3.3465828217510003,skew_normal,5
2078,3.92180708049894,skew_normal,5
2079,2.674633308766975,skew_normal,5
2080,2.4667359451070783,skew_normal,5
2081,2.6250158311590495,skew_normal,5
2082,2.3803568235918995,skew_normal,5
2083,1.8482984762201837,skew_normal,5
2084,1.6708952696008446,skew_normal,5
2085,1.7580479820394814,skew_normal,5
2086,2.6690921353218293,skew_normal,5
2087,2.5618282874974283,skew_normal,5
2088,2.2104306424303033,skew_normal,5
2089,1.35038900148085,skew_normal,5
2090,1.283994379385815,skew_normal,5
2091,1.2389850981020682,skew_normal,5
2092,1.2063040086500743,skew_normal,5
2093,1.8093275782507212,skew_normal,5
2094,3.228235825572135,skew_normal,5
2095,2.1794908396936954,skew_normal,5
2096,2.5120709763664277,skew_normal,5
2097,2.3306157680243946,skew_normal,5
2098,3.090554185226812,skew_normal,5
2099,2.161618508095317,skew_normal,5
2100,1.6567562140747398,skew_normal,5
2101,2.0440015469354673,skew_normal,5
2102,2.2501300409315808,skew_normal,5
2103,3.5501942141403564,skew_normal,5
2104,2.729345014610559,skew_normal,5
2105,2.2850597523766067,skew_normal,5
2106,2.7141171082666737,skew_normal,5
2107,1.8016597979706963,skew_normal,5
2108,1.614375434056666,skew_normal,5
2109,2.8969630920380927,skew_normal,5
2110,1.8057654981028826,skew_normal,5
2111,1.843451009352282,skew_normal,5
2112,2.6628831987452912,skew_normal,5
2113,1.9583213181651922,skew_normal,5
2114,2.814174740236023,skew_normal,5
2115,2.139660400245117,skew_normal,5
2116,3.0787620330976755,skew_normal,5
2117,3.139473094456219,skew_normal,5
2118,2.784597419296349,skew_normal,5
2119,1.6082246279210108,skew_normal,5
2120,1.9259685756326985,skew_normal,5
2121,2.5906448263848723,skew_normal,5
2122,2.3433532352287507,skew_normal,5
2123,2.264406408169995,skew_normal,5
2124,1.7567178080588024,skew_normal,5
2125,1.7767459786567756,skew_normal,5
2126,1.7209382684379557,skew_normal,5
2127,2.493852446385982,skew_normal,5
2128,2.4729142755710014,skew_normal,5
2129,2.9178409041665905,skew_normal,5
2130,2.2825732854294523,skew_normal,5
2131,2.1612909458316376,skew_normal,5
2132,2.657809810422937,skew_normal,5
2133,2.326807668880777,skew_normal,5
2134,3.832074816635621,skew_normal,5
2135,2.580466754476525,skew_normal,5
2136,3.65115606125252,skew_normal,5
2137,3.051147302596202,skew_normal,5
2138,3.7092202708506408,skew_normal,5
2139,3.872430806210474,skew_normal,5
2140,4.424084440463858,skew_normal,5
2141,3.267009897459374,skew_normal,5
2142,4.1540470471588815,skew_normal,5
2143,4.5081440856720985,skew_normal,5
2144,3.9439931150493055,skew_normal,5
2145,4.207487269900911,skew_normal,5
2146,2.6967824164142344,skew_normal,5
2147,2.755001784041123,skew_normal,5
2148,2.1167246799806927,skew_normal,5
2149,1.9218607496926927,skew_normal,5
2150,1.6054680847579452,skew_normal,5
2151,2.513037143061047,skew_normal,5
2152,2.0601857898259452,skew_normal,5
2153,1.789068807852919,skew_normal,5
2154,1.9033956858812584,skew_normal,5
2155,1.8402769904366871,skew_normal,5
2156,1.692395056794588,skew_normal,5
2157,1.341118225398577,skew_normal,5
2158,1.0435240039642018,skew_normal,5
2159,0.900795133160111,skew_normal,5
2160,0.7530986672587521,skew_normal,5
2161,2.190173146413133,skew_normal,5
2162,2.0303168139272856,skew_normal,5
2163,1.8058310737552585,skew_normal,5
2164,1.3389545724835128,skew_normal,5
2165,1.1156403394339247,skew_normal,5
2166,2.942916768794302,skew_normal,5
2167,2.3676161628612307,skew_normal,5
2168,1.9470912341143332,skew_normal,5
2169,2.2479495107241068,skew_normal,5
2170,2.291871519944378,skew_normal,5
2171,2.690618448942849,skew_normal,5
2172,2.283906313387858,skew_normal,5
2173,1.8767287980906122,skew_normal,5
2174,1.877650632841125,skew_normal,5
2175,1.580931435789723,skew_normal,5
2176,1.4546198149104315,skew_normal,5
2177,0.8885476730547661,skew_normal,5
2178,2.245094769942315,skew_normal,5
2179,2.3562693849487473,skew_normal,5
2180,2.424622454935116,skew_normal,5
2181,2.6797230622924255,skew_normal,5
2182,3.9168593557192195,skew_normal,5
2183,3.1599681083066695,skew_normal,5
2184,3.601169788047298,skew_normal,5
2185,3.645903224423827,skew_normal,5
2186,3.152068010070829,skew_normal,5
2187,4.558407007347453,skew_normal,5
2188,4.288709851363334,skew_normal,5
2189,3.096234977581921,skew_normal,5
2190,2.723240911051442,skew_normal,5
2191,2.8709731235598652,skew_normal,5
2192,2.0281804840369944,skew_normal,5
2193,2.4179352220528694,skew_normal,5
2194,3.8501774487833083,skew_normal,5
2195,3.139204456770213,skew_normal,5
2196,3.1476195207227926,skew_normal,5
2197,2.9086098870651877,skew_normal,5
2198,3.314756486143928,skew_normal,5
2199,3.1713830985822753,skew_normal,5
2200,3.1940550281482754,skew_normal,5
2201,2.1846706189022034,skew_normal,5
2202,2.390284669480564,skew_normal,5
2203,1.8088165317914302,skew_normal,5
2204,1.6281704878139833,skew_normal,5
2205,2.23117728086856,skew_normal,5
2206,1.448056625417022,skew_normal,5
2207,3.4155737154149466,skew_normal,5
2208,3.5950226921456867,skew_normal,5
2209,2.8891077795723676,skew_normal,5
2210,2.2436769635767346,skew_normal,5
2211,1.7672403213008727,skew_normal,5
2212,2.525767307008942,skew_normal,5
2213,1.6984561341755098,skew_normal,5
2214,2.847876507525487,skew_normal,5
2215,2.9098625973647563,skew_normal,5
2216,3.3265736370874066,skew_normal,5
2217,3.5216683617692572,skew_normal,5
2218,2.986273967577352,skew_normal,5
2219,4.108543356871767,skew_normal,5
2220,3.370201173537315,skew_normal,5
2221,3.0592587321889653,skew_normal,5
2222,2.6716706066498146,skew_normal,5
2223,1.6085364448505401,skew_normal,5
2224,1.5556257042971047,skew_normal,5
2225,1.0114348265565873,skew_normal,5
2226,1.0207613363932495,skew_normal,5
2227,1.1781087126468164,skew_normal,5
2228,3.977104115239744,skew_normal,5
2229,3.652134551720838,skew_normal,5
2230,3.2301956522391135,skew_normal,5
2231,2.684249010161887,skew_normal,5
2232,3.4340458927043054,skew_normal,5
2233,2.414033201458981,skew_normal,5
2234,2.201064952542421,skew_normal,5
2235,1.5064698394287568,skew_normal,5
2236,2.114073570494628,skew_normal,5
2237,1.8260805500781103,skew_normal,5
2238,2.6204014470160275,skew_normal,5
2239,2.6175238290413176,skew_normal,5
2240,1.977507391101795,skew_normal,5
2241,1.9896758716323366,skew_normal,5
2242,2.1962171342200376,skew_normal,5
2243,2.002331694497058,skew_normal,5
2244,3.645585047307864,skew_normal,5
2245,2.650080189163076,skew_normal,5
2246,2.463623507284624,skew_normal,5
2247,2.6418072489543403,skew_normal,5
2248,2.650079462443604,skew_normal,5
2249,3.1232526570532473,skew_normal,5
2250,3.4692961382848875,skew_normal,5
2251,3.884999987659368,skew_normal,5
2252,3.044992918449652,skew_normal,5
2253,4.0316619667966265,skew_normal,5
2254,3.5857421631556585,skew_normal,5
2255,3.8277585961029157,skew_normal,5
2256,4.4375473486976675,skew_normal,5
2257,3.9226995563590625,skew_normal,5
2258,4.932298506831923,skew_normal,5
2259,4.508506002575496,skew_normal,5
2260,4.164239384711832,skew_normal,5
2261,3.625657386804732,skew_normal,5
2262,3.78398283954891,skew_normal,5
2263,3.604535616099377,skew_normal,5
2264,3.555017067076026,skew_normal,5
2265,3.0322137088306085,skew_normal,5
2266,2.160075154225154,skew_normal,5
2267,1.610387859128374,skew_normal,5
2268,2.195032681066756,skew_normal,5
2269,1.8797321504527404,skew_normal,5
2270,1.9463549662395745,skew_normal,5
2271,1.566971947856184,skew_normal,5
2272,1.4039114243528228,skew_normal,5
2273,1.5873426074096377,skew_normal,5
2274,1.9202271350231561,skew_normal,5
2275,1.5402190111787801,skew_normal,5
2276,1.3446445902944206,skew_normal,5
2277,1.7887459284225058,skew_normal,5
2278,2.3149766981253093,skew_normal,5
2279,3.0107890411072553,skew_normal,5
2280,2.357389691135756,skew_normal,5
2281,1.7475688119425923,skew_normal,5
2282,2.2618226404019444,skew_normal,5
2283,1.688667176576342,skew_normal,5
2284,1.475827848327286,skew_normal,5
2285,1.7331151727226528,skew_normal,5
2286,2.3633616231745895,skew_normal,5
2287,2.9003100371332264,skew_normal,5
2288,2.0277543421743993,skew_normal,5
2289,4.644411963183526,skew_normal,5
2290,3.2836229688329888,skew_normal,5
2291,2.657982181077919,skew_normal,5
2292,2.067987733764113,skew_normal,5
2293,1.9349656836449929,skew_normal,5
2294,1.9765265294514434,skew_normal,5
2295,2.4512215161615165,skew_normal,5
2296,2.3344442396234113,skew_normal,5
2297,1.8177568122574301,skew_normal,5
2298,1.9702523791959226,skew_normal,5
2299,1.5820457291589398,skew_normal,5
2300,2.893433222799233,skew_normal,5
2301,3.0528046233904966,skew_normal,5
2302,2.6972060995191365,skew_normal,5
2303,3.17309179884512,skew_normal,5
2304,3.1009114680421845,skew_normal,5
2305,3.3099012232122327,skew_normal,5
2306,2.8340513375948895,skew_normal,5
2307,2.55731014907625,skew_normal,5
2308,2.077679551900453,skew_normal,5
2309,2.0695305827034822,skew_normal,5
2310,1.8241054956814,skew_normal,5
2311,2.4898729758489226,skew_normal,5
2312,2.4703909892515137,skew_normal,5
2313,2.337893974569145,skew_normal,5
2314,2.386946951431871,skew_normal,5
2315,2.4865819815732593,skew_normal,5
2316,1.823587409509879,skew_normal,5
2317,1.4262622459393686,skew_normal,5
2318,1.7652031363622163,skew_normal,5
2319,1.6352666559839475,skew_normal,5
2320,1.4653324357073665,skew_normal,5
2321,2.177414870910895,skew_normal,5
2322,2.6330911003572384,skew_normal,5
2323,1.5875779744733929,skew_normal,5
2324,1.8259409262441229,skew_normal,5
2325,2.011046696161414,skew_normal,5
2326,1.8495279564097895,skew_normal,5
2327,2.2833306334541508,skew_normal,5
2328,2.6361545191867344,skew_normal,5
2329,2.449318647596969,skew_normal,5
2330,2.560034234408065,skew_normal,5
2331,2.065235824536137,skew_normal,5
2332,1.9890358160789403,skew_normal,5
2333,2.7907776393417523,skew_normal,5
2334,4.513393204889803,skew_normal,5
2335,3.7225280060068395,skew_normal,5
2336,3.1189335894092,skew_normal,5
2337,2.423131082347145,skew_normal,5
2338,3.1820283101686684,skew_normal,5
2339,4.564187672683231,skew_normal,5
2340,3.445424486621198,skew_normal,5
2341,2.38375419247523,skew_normal,5
2342,2.2479357927557873,skew_normal,5
2343,2.475133288755682,skew_normal,5
2344,2.472490700790395,skew_normal,5
2345,2.387791541578465,skew_normal,5
2346,1.99803587598976,skew_normal,5
2347,1.2283895456791118,skew_normal,5
2348,1.3446950893149634,skew_normal,5
2349,2.8982684941504284,skew_normal,5
2350,2.95801416927602,skew_normal,5
2351,2.0520834888444073,skew_normal,5
2352,1.4290031538429289,skew_normal,5
2353,0.9332571552397969,skew_normal,5
2354,0.9675916544671469,skew_normal,5
2355,0.544056275472374,skew_normal,5
2356,0.48803263640368466,skew_normal,5
2357,2.250611726620406,skew_normal,5
2358,2.7535043147735863,skew_normal,5
2359,2.676277886154428,skew_normal,5
2360,2.088498132287393,skew_normal,5
2361,1.7432348891647218,skew_normal,5
2362,2.516588320890471,skew_normal,5
2363,2.281333159477364,skew_normal,5
2364,3.86162594111906,skew_normal,5
2365,3.118007804312345,skew_normal,5
2366,3.61268282444461,skew_normal,5
2367,3.8493904892589694,skew_normal,5
2368,3.4046015471213673,skew_normal,5
2369,2.513675712877975,skew_normal,5
2370,2.160371806142729,skew_normal,5
2371,2.4046420105258393,skew_normal,5
2372,1.2685361985887675,skew_normal,5
2373,1.273314726095134,skew_normal,5
2374,1.6000796763319363,skew_normal,5
2375,1.572713430864431,skew_normal,5
2376,2.386049902942803,skew_normal,5
2377,2.8993563554270416,skew_normal,5
2378,3.136562555728374,skew_normal,5
2379,3.5711258626217606,skew_normal,5
2380,3.3309055491570927,skew_normal,5
2381,3.7046061918796283,skew_normal,5
2382,3.9101121373867676,skew_normal,5
2383,5.303449698850168,skew_normal,5
2384,5.709524075109053,skew_normal,5
2385,5.134889095346667,skew_normal,5
2386,5.697590083233987,skew_normal,5
2387,5.096583927416109,skew_normal,5
2388,4.7058720118705555,skew_normal,5
2389,4.356288133265116,skew_normal,5
2390,4.912623193073408,skew_normal,5
2391,3.5680889225831716,skew_normal,5
2392,4.226078547521055,skew_normal,5
2393,3.7299735135238374,skew_normal,5
2394,4.438853737061658,skew_normal,5
2395,4.155294176548754,skew_normal,5
2396,3.2138531208978436,skew_normal,5
2397,2.5658999253449997,skew_normal,5
2398,1.502156545096406,skew_normal,5
2399,1.7402752266711006,skew_normal,5
2400,3.7399472453370226,skew_normal,5
2401,4.621507229925427,skew_normal,5
2402,4.174238757535097,skew_normal,5
2403,2.708155852985028,skew_normal,5
2404,3.7404629657481965,skew_normal,5
2405,2.881505984640047,skew_normal,5
2406,2.755995569493384,skew_normal,5
2407,2.0785183670548597,skew_normal,5
2408,2.1257250625157584,skew_normal,5
2409,2.0336138657594125,skew_normal,5
2410,2.7034103486039838,skew_normal,5
2411,2.2397156402294667,skew_normal,5
2412,2.243382071061946,skew_normal,5
2413,2.3619172373102115,skew_normal,5
2414,2.7891282818581518,skew_normal,5
2415,2.874905054588834,skew_normal,5
2416,3.15453521064894,skew_normal,5
2417,2.4907734181430707,skew_normal,5
2418,2.698287275568992,skew_normal,5
2419,2.162570029942198,skew_normal,5
2420,1.5648198076379212,skew_normal,5
2421,1.8918207663969504,skew_normal,5
2422,1.9596305452589515,skew_normal,5
2423,1.4791311252430903,skew_normal,5
2424,2.1942600423573744,skew_normal,5
2425,2.4083751064348577,skew_normal,5
2426,1.9319087974991245,skew_normal,5
2427,2.430306919952179,skew_normal,5
2428,2.751784534168173,skew_normal,5
2429,2.4826165427375155,skew_normal,5
2430,4.201506473450978,skew_normal,5
2431,3.4144894881478622,skew_normal,5
2432,3.4574952408681545,skew_normal,5
2433,2.813698861322785,skew_normal,5
2434,3.1546096801709513,skew_normal,5
2435,4.0582395765743104,skew_normal,5
2436,3.636833523441953,skew_normal,5
2437,3.1664323443097517,skew_normal,5
2438,2.2350122679540387,skew_normal,5
2439,2.143493942327942,skew_normal,5
2440,2.4063225914309525,skew_normal,5
2441,3.630317673171124,skew_normal,5
2442,2.6223829091450286,skew_normal,5
2443,1.8807715373421383,skew_normal,5
2444,1.912581225347678,skew_normal,5
2445,2.0969060441539438,skew_normal,5
2446,1.7684394552358793,skew_normal,5
2447,3.346687463199385,skew_normal,5
2448,2.505946079385116,skew_normal,5
2449,2.404105133504385,skew_normal,5
2450,1.7187171108583459,skew_normal,5
2451,3.15777287374995,skew_normal,5
2452,2.919322804363057,skew_normal,5
2453,3.634152161706064,skew_normal,5
2454,2.7370297285196834,skew_normal,5
2455,3.113187648631831,skew_normal,5
2456,2.4584462007563967,skew_normal,5
2457,2.076125940999568,skew_normal,5
2458,1.799737454503417,skew_normal,5
2459,2.650067184420293,skew_normal,5
2460,2.5153488001435615,skew_normal,5
2461,2.1126277302630427,skew_normal,5
2462,1.9215201257536607,skew_normal,5
2463,2.5763929517864606,skew_normal,5
2464,2.174121973806854,skew_normal,5
2465,2.478432911660124,skew_normal,5
2466,4.679097343911375,skew_normal,5
2467,4.412224648882783,skew_normal,5
2468,4.288529852469633,skew_normal,5
2469,3.6714784073174425,skew_normal,5
2470,4.353575552053153,skew_normal,5
2471,3.740608707782788,skew_normal,5
2472,2.7873594988501806,skew_normal,5
2473,4.15068998993431,skew_normal,5
2474,3.3380703731497396,skew_normal,5
2475,2.433258479632408,skew_normal,5
2476,1.95671553030355,skew_normal,5
2477,1.333303627049387,skew_normal,5
2478,2.7333789397787878,skew_normal,5
2479,2.210276973122312,skew_normal,5
2480,2.5804866013525394,skew_normal,5
2481,3.047641088102825,skew_normal,5
2482,2.803108993902721,skew_normal,5
2483,2.558782977146781,skew_normal,5
2484,2.3044384863678493,skew_normal,5
2485,2.004360961284716,skew_normal,5
2486,2.596491485555239,skew_normal,5
2487,1.8918136936793963,skew_normal,5
2488,1.6516007385579479,skew_normal,5
2489,1.2003351342304396,skew_normal,5
2490,1.2134558635002795,skew_normal,5
2491,1.3725630660508266,skew_normal,5
2492,1.9516829754200473,skew_normal,5
2493,1.65338366840695,skew_normal,5
2494,3.0935880708742154,skew_normal,5
2495,2.6170142640239735,skew_normal,5
2496,2.7110813343725546,skew_normal,5
2497,2.319677363371949,skew_normal,5
2498,3.191371246978206,skew_normal,5
2499,2.940068236367745,skew_normal,5
