timestamp,value,noise_type,df
0,-0.4851401593396327,student_t,3
1,-6.41733208691414,student_t,3
2,-3.3118428475602375,student_t,3
3,-0.32088285694371455,student_t,3
4,-0.13576548652223214,student_t,3
5,0.36458113472467724,student_t,3
6,-0.5892685815857908,student_t,3
7,-1.6876269997105409,student_t,3
8,-2.6153197016026084,student_t,3
9,-0.6119162105691744,student_t,3
10,-3.051065232731208,student_t,3
11,-3.314013459483463,student_t,3
12,-2.3198006461215157,student_t,3
13,1.8204413077552302,student_t,3
14,3.2351601091889304,student_t,3
15,2.316309595000244,student_t,3
16,2.989897006586725,student_t,3
17,3.3570538520657753,student_t,3
18,3.2299792483521146,student_t,3
19,2.582058072264,student_t,3
20,-0.5755510792917522,student_t,3
21,1.8480748810811256,student_t,3
22,2.2777028210729924,student_t,3
23,-0.4741498752968931,student_t,3
24,-3.051434135957341,student_t,3
25,-2.7010075620699836,student_t,3
26,-1.1647585190260679,student_t,3
27,-2.3168938773688588,student_t,3
28,-1.3329892595134343,student_t,3
29,1.3748483238494227,student_t,3
30,2.233983383736408,student_t,3
31,2.1443769412022933,student_t,3
32,1.8775635767740466,student_t,3
33,0.6121971045477014,student_t,3
34,0.9345842897715324,student_t,3
35,0.6137630359217826,student_t,3
36,-0.6774419605147506,student_t,3
37,-1.873226654058505,student_t,3
38,-0.9466485463272133,student_t,3
39,-1.3482067823798851,student_t,3
40,-2.1135764657032916,student_t,3
41,-1.7937656601624101,student_t,3
42,-1.7513510452988608,student_t,3
43,-1.8973024934353901,student_t,3
44,-0.3371900692871155,student_t,3
45,1.5599464445838955,student_t,3
46,-2.099227228257603,student_t,3
47,-1.4500451884486374,student_t,3
48,-1.4980381948182528,student_t,3
49,0.8951724281017295,student_t,3
50,-2.030481220214355,student_t,3
51,-0.7805964026009696,student_t,3
52,-0.9918890263735303,student_t,3
53,-1.7287015556029104,student_t,3
54,-2.228597885289956,student_t,3
55,-1.51473831232011,student_t,3
56,-0.4435916123744177,student_t,3
57,-0.07679888949881264,student_t,3
58,-0.9189264631838268,student_t,3
59,-0.37793783891403715,student_t,3
60,-0.005247927806877328,student_t,3
61,-2.3532691437906497,student_t,3
62,-1.9055510139309553,student_t,3
63,0.8434806398040973,student_t,3
64,-0.01475473194712984,student_t,3
65,-0.10847721998636253,student_t,3
66,-0.37420637053229333,student_t,3
67,-0.734451158374236,student_t,3
68,-1.4101306990563296,student_t,3
69,-2.3673048804996,student_t,3
70,-1.854453990242416,student_t,3
71,-2.0244998003525128,student_t,3
72,-2.787986014831882,student_t,3
73,-2.3751758834183985,student_t,3
74,-3.1898476351567284,student_t,3
75,-2.284966498496524,student_t,3
76,-3.547918717756507,student_t,3
77,-1.7928773169258756,student_t,3
78,0.15307832060873627,student_t,3
79,0.5188115701230921,student_t,3
80,-0.12086685545185172,student_t,3
81,4.488204236529513,student_t,3
82,3.0414671807369276,student_t,3
83,2.083634340187352,student_t,3
84,1.2568696916634643,student_t,3
85,0.16476275074688584,student_t,3
86,-0.25787396246810734,student_t,3
87,1.8267730693628852,student_t,3
88,1.0707901130934336,student_t,3
89,0.7978089116490072,student_t,3
90,1.651735054749066,student_t,3
91,0.5532635654709069,student_t,3
92,-7.567097828875613,student_t,3
93,-7.371004945819969,student_t,3
94,-5.79401481911491,student_t,3
95,-4.651847210592765,student_t,3
96,-3.5853232597305977,student_t,3
97,0.19652480168242148,student_t,3
98,-0.05365993636915295,student_t,3
99,-1.260271087724217,student_t,3
100,0.7812402578426052,student_t,3
101,2.687464838537237,student_t,3
102,2.2935967975522624,student_t,3
103,3.0014749730805654,student_t,3
104,1.5051648603450465,student_t,3
105,2.111036152252133,student_t,3
106,1.4164744896541868,student_t,3
107,0.29170677253412913,student_t,3
108,-0.20954123923221607,student_t,3
109,3.2274057902411317,student_t,3
110,0.06913680206490325,student_t,3
111,-0.8443372188786433,student_t,3
112,1.4400926938385996,student_t,3
113,1.047745462145882,student_t,3
114,0.8708495895855087,student_t,3
115,0.061185606022500116,student_t,3
116,-2.2201919214913883,student_t,3
117,-0.917179385649768,student_t,3
118,-0.43063279746265626,student_t,3
119,0.16059513980288015,student_t,3
120,0.5709809885391872,student_t,3
121,0.8431126750526898,student_t,3
122,1.9869833697106447,student_t,3
123,2.920681482159015,student_t,3
124,2.3119591989297317,student_t,3
125,6.401196884900331,student_t,3
126,8.336490535816484,student_t,3
127,6.004591927958017,student_t,3
128,4.08537909391668,student_t,3
129,3.2013523939573467,student_t,3
130,2.0844252416069136,student_t,3
131,2.612559823139379,student_t,3
132,1.4860751871602513,student_t,3
133,1.144030540026441,student_t,3
134,2.8483493814556615,student_t,3
135,2.7639397830230163,student_t,3
136,2.451090995626922,student_t,3
137,2.524296524644521,student_t,3
138,1.684327161437088,student_t,3
139,0.526912413906901,student_t,3
140,4.654247479848338,student_t,3
141,2.018122790770027,student_t,3
142,3.431252673792347,student_t,3
143,2.097061114286384,student_t,3
144,2.2216309918775408,student_t,3
145,1.3731652401629588,student_t,3
146,3.1530620992226135,student_t,3
147,0.9170830041053379,student_t,3
148,0.07435925325298642,student_t,3
149,-0.5583390987247637,student_t,3
150,0.9448305459176345,student_t,3
151,-0.45657811338840915,student_t,3
152,-2.48545995576315,student_t,3
153,-1.8471827218260983,student_t,3
154,0.9219039778213269,student_t,3
155,1.2609473664967097,student_t,3
156,-2.134690083417959,student_t,3
157,-2.6012030391190955,student_t,3
158,-2.1503523604648525,student_t,3
159,-0.893761636506034,student_t,3
160,-0.39762170004249664,student_t,3
161,-1.3233491324073245,student_t,3
162,-2.477340047375219,student_t,3
163,-2.2226635882002546,student_t,3
164,-2.42320264990417,student_t,3
165,-3.0750278119953016,student_t,3
166,-1.7149907277932974,student_t,3
167,-1.006083416028941,student_t,3
168,0.40044913542028804,student_t,3
169,1.7281190010432526,student_t,3
170,-0.057044725352336734,student_t,3
171,0.6321244110111339,student_t,3
172,-3.8720418529751273,student_t,3
173,-2.43824322504686,student_t,3
174,-1.4517513243937066,student_t,3
175,-2.17870397160096,student_t,3
176,-1.2130777926239895,student_t,3
177,1.0862858452559416,student_t,3
178,0.23173670994135853,student_t,3
179,-0.03552769241818571,student_t,3
180,0.5110299711531029,student_t,3
181,0.20350075754978908,student_t,3
182,-1.6975579484293075,student_t,3
183,-1.6126909728338417,student_t,3
184,-0.7718570604010955,student_t,3
185,-1.458370858735483,student_t,3
186,8.280743273942017,student_t,3
187,5.550978469147847,student_t,3
188,3.0996073733417706,student_t,3
189,1.7803596233569108,student_t,3
190,0.6853491618102598,student_t,3
191,-3.133694448638434,student_t,3
192,-2.1769607733536107,student_t,3
193,-3.3272011945508435,student_t,3
194,-2.1798072714116734,student_t,3
195,-2.91635006820166,student_t,3
196,-2.3909670016201425,student_t,3
197,-4.312519487391847,student_t,3
198,-2.6133090405218757,student_t,3
199,-0.8492064091328079,student_t,3
200,0.30435962865111954,student_t,3
201,-0.07616363345147517,student_t,3
202,-0.07601459436607412,student_t,3
203,0.15981859868784998,student_t,3
204,0.012500527022120747,student_t,3
205,0.08261167050921092,student_t,3
206,0.5920746177860544,student_t,3
207,0.19623442467786908,student_t,3
208,0.6387467909233072,student_t,3
209,-0.6300901758214464,student_t,3
210,-1.2455649196830518,student_t,3
211,-2.823130908364337,student_t,3
212,-1.265668519354909,student_t,3
213,0.8238733229822781,student_t,3
214,-6.325296359619678,student_t,3
215,-6.963069304463075,student_t,3
216,-4.903520579364295,student_t,3
217,-3.4863161215805425,student_t,3
218,-1.5517525041564153,student_t,3
219,-1.7186725730932935,student_t,3
220,-1.137541740614872,student_t,3
221,-0.48012506632879115,student_t,3
222,4.256189216317549,student_t,3
223,2.4605653669157217,student_t,3
224,4.290907724785459,student_t,3
225,0.9291606377948662,student_t,3
226,-0.13039793905640618,student_t,3
227,1.2298894279500696,student_t,3
228,1.6042920368346643,student_t,3
229,2.4884673283410947,student_t,3
230,0.6693503255072901,student_t,3
231,0.9658297377324909,student_t,3
232,-0.08226366716147904,student_t,3
233,-1.4227466143333851,student_t,3
234,-1.3962873419355533,student_t,3
235,-0.40289278828089703,student_t,3
236,-0.740548256158397,student_t,3
237,0.6331513462962821,student_t,3
238,2.043412716006255,student_t,3
239,3.283494959339583,student_t,3
240,0.599404095868741,student_t,3
241,4.08155547045297,student_t,3
242,2.298618580413447,student_t,3
243,1.776857623829617,student_t,3
244,1.223156439547317,student_t,3
245,-2.201399765733381,student_t,3
246,-0.9194074960713859,student_t,3
247,0.8417096306298879,student_t,3
248,-0.11801494172960691,student_t,3
249,-2.2303189239057652,student_t,3
250,-1.8722899282925298,student_t,3
251,-0.3058461308443219,student_t,3
252,0.2963093962225678,student_t,3
253,0.07075414781720024,student_t,3
254,-0.2200782110949639,student_t,3
255,-2.3439029878135273,student_t,3
256,-1.962470050911958,student_t,3
257,-2.2380791336787533,student_t,3
258,-1.3932535167304554,student_t,3
259,-0.5583645286158745,student_t,3
260,-0.14795138472184197,student_t,3
261,0.17600906313977083,student_t,3
262,0.13245938373580318,student_t,3
263,-3.498605618566408,student_t,3
264,-2.2222518625525387,student_t,3
265,-1.4371406332550634,student_t,3
266,-1.0105354817967171,student_t,3
267,-0.7157461253952888,student_t,3
268,-2.4434271857908616,student_t,3
269,-2.661560313009688,student_t,3
270,-2.1324030154992526,student_t,3
271,0.2852115243182136,student_t,3
272,1.1370722321307583,student_t,3
273,0.0015167987747993772,student_t,3
274,-1.256339455147205,student_t,3
275,-0.38335687078224767,student_t,3
276,-2.212059711167294,student_t,3
277,-2.413973136850187,student_t,3
278,-2.1932680996284746,student_t,3
279,-1.4339620383487017,student_t,3
280,-1.1316313150980335,student_t,3
281,-1.4556608131033522,student_t,3
282,-2.9466083789187265,student_t,3
283,-3.2669073643257294,student_t,3
284,-1.9378442519163572,student_t,3
285,-2.5464575669041687,student_t,3
286,-2.9078445828032997,student_t,3
287,-3.7094285945844705,student_t,3
288,-2.7700209570935366,student_t,3
289,-3.466555822976461,student_t,3
290,-3.4123851636468236,student_t,3
291,-0.21250769490875587,student_t,3
292,-0.2299635275092666,student_t,3
293,-0.2308535403465233,student_t,3
294,0.2798026622810931,student_t,3
295,1.5823490593761524,student_t,3
296,1.6523019306573965,student_t,3
297,1.9683484390137926,student_t,3
298,0.8118979303991918,student_t,3
299,-0.4344907782930997,student_t,3
300,-0.05954718439790674,student_t,3
301,-1.3016803828811194,student_t,3
302,-0.43899800894711277,student_t,3
303,1.012034015635259,student_t,3
304,0.12099885213116335,student_t,3
305,-0.5471292050051335,student_t,3
306,3.1656098920281366,student_t,3
307,2.5570260912157985,student_t,3
308,1.2415744131274824,student_t,3
309,1.1255957683983928,student_t,3
310,2.367794418757866,student_t,3
311,1.0245272109842478,student_t,3
312,1.2977681240523156,student_t,3
313,-0.8994064780001254,student_t,3
314,-2.6453323659190864,student_t,3
315,-2.4414505485965523,student_t,3
316,-1.8742014921390586,student_t,3
317,-2.3038970259801443,student_t,3
318,-0.9078259469494455,student_t,3
319,-1.0866667636257217,student_t,3
320,-2.4503260447915114,student_t,3
321,-3.0270813038936955,student_t,3
322,-0.7324945506759808,student_t,3
323,0.1931558817939074,student_t,3
324,0.33127226744257554,student_t,3
325,-0.3140982981826671,student_t,3
326,0.4128294372841844,student_t,3
327,0.686797297265282,student_t,3
328,-1.432840925009796,student_t,3
329,-0.9858073529631122,student_t,3
330,-1.4268493058402374,student_t,3
331,-2.451331036225129,student_t,3
332,-4.66447041000408,student_t,3
333,-2.1597686369519904,student_t,3
334,-1.5110895550471217,student_t,3
335,-1.8298068779323986,student_t,3
336,-1.2313918608156913,student_t,3
337,-1.7693615082980902,student_t,3
338,-1.916707709896015,student_t,3
339,-2.509107883630891,student_t,3
340,-3.2755455765356833,student_t,3
341,1.3726530106949646,student_t,3
342,1.749750879395836,student_t,3
343,1.2991483450111365,student_t,3
344,2.222602183971776,student_t,3
345,1.3971222431928867,student_t,3
346,0.557286851682355,student_t,3
347,1.1960133334433611,student_t,3
348,0.9273355098035793,student_t,3
349,2.3120979907361154,student_t,3
350,2.9632221175069553,student_t,3
351,2.330501600200648,student_t,3
352,1.933931543768789,student_t,3
353,0.4976468793263459,student_t,3
354,0.9317961389069968,student_t,3
355,1.994272121504131,student_t,3
356,2.160127051853724,student_t,3
357,1.0843943150977524,student_t,3
358,-2.038815021963977,student_t,3
359,-1.3717588947964892,student_t,3
360,-2.31882592059625,student_t,3
361,1.5068058227775865,student_t,3
362,1.4030451653867377,student_t,3
363,0.05826198876256561,student_t,3
364,0.7222116511180017,student_t,3
365,2.0540602336818603,student_t,3
366,-0.2181048514558348,student_t,3
367,-0.049999038517656094,student_t,3
368,-1.758617937684425,student_t,3
369,-1.399323533918843,student_t,3
370,-3.1106296351049503,student_t,3
371,-4.336961761041165,student_t,3
372,-2.9254157236502754,student_t,3
373,-1.1749463817055337,student_t,3
374,-2.7846027680272685,student_t,3
375,-1.230959313185415,student_t,3
376,-1.334138682568357,student_t,3
377,-2.6089640424745824,student_t,3
378,-0.432816048389397,student_t,3
379,-0.5084557540677097,student_t,3
380,0.3202070834554627,student_t,3
381,-0.29535167689069575,student_t,3
382,-1.5474026175239293,student_t,3
383,-1.8783723398247418,student_t,3
384,-1.5087545762221843,student_t,3
385,0.3320838232766452,student_t,3
386,0.08645276549831116,student_t,3
387,0.3067214269607299,student_t,3
388,-0.4923053953772072,student_t,3
389,-0.32851667924989425,student_t,3
390,2.5027596947058828,student_t,3
391,2.318808077547212,student_t,3
392,-0.7215721051708925,student_t,3
393,1.6206179831663519,student_t,3
394,2.6778784995505847,student_t,3
395,4.447777413816162,student_t,3
396,3.2485628827672772,student_t,3
397,2.812841853012095,student_t,3
398,2.8734963656145434,student_t,3
399,1.4799721224924798,student_t,3
400,0.19290917851292888,student_t,3
401,2.137856122851531,student_t,3
402,1.6596443996577648,student_t,3
403,1.3869751685726481,student_t,3
404,1.3474945971448142,student_t,3
405,0.15707928741672328,student_t,3
406,0.23151874394282107,student_t,3
407,-0.9234322152868715,student_t,3
408,-1.7172559050494702,student_t,3
409,0.7279733021459482,student_t,3
410,-0.1626143883697171,student_t,3
411,1.2605164135114362,student_t,3
412,0.9976454315122378,student_t,3
413,0.2501273189069608,student_t,3
414,-0.15548127877337842,student_t,3
415,0.2364497305436161,student_t,3
416,1.2098214380235968,student_t,3
417,-17.717586045810517,student_t,3
418,-12.922362895294725,student_t,3
419,-10.67958799917007,student_t,3
420,-7.962645775654035,student_t,3
421,-5.346044770650934,student_t,3
422,-4.2138377465113415,student_t,3
423,-2.3275095804427677,student_t,3
424,-3.509879151015191,student_t,3
425,-2.5986044674304885,student_t,3
426,-1.853841071822,student_t,3
427,-2.24185757689529,student_t,3
428,-2.037424721613759,student_t,3
429,-1.2530003331924087,student_t,3
430,-0.7593056687355699,student_t,3
431,-0.21481923578681422,student_t,3
432,-0.658851767996535,student_t,3
433,-0.23381564381790224,student_t,3
434,-0.8104307019472219,student_t,3
435,-0.5776082322189356,student_t,3
436,-0.9066223489808148,student_t,3
437,0.014580614326884733,student_t,3
438,-0.1780778354545993,student_t,3
439,-0.663611738333088,student_t,3
440,-2.9040956334656696,student_t,3
441,-2.1777263133308122,student_t,3
442,-3.318419024824345,student_t,3
443,-1.9391994791549194,student_t,3
444,-0.20336516063845012,student_t,3
445,0.21826475927067557,student_t,3
446,0.8354216986318397,student_t,3
447,1.5325506427884714,student_t,3
448,1.0077725227434566,student_t,3
449,0.6601516338790251,student_t,3
450,-0.09778873162615265,student_t,3
451,0.21346482554228843,student_t,3
452,1.3172280809950792,student_t,3
453,0.04423890118293561,student_t,3
454,-1.239117476012504,student_t,3
455,0.16575690096964046,student_t,3
456,0.2409110641418091,student_t,3
457,3.361538967573379,student_t,3
458,1.8695994092316426,student_t,3
459,2.366246191989565,student_t,3
460,1.8458557062418581,student_t,3
461,0.4427687588569059,student_t,3
462,-0.48656893544213137,student_t,3
463,0.4995548017818165,student_t,3
464,0.5590924328332753,student_t,3
465,1.7488613461142561,student_t,3
466,1.7121882264476245,student_t,3
467,2.104008546746333,student_t,3
468,6.322795929802101,student_t,3
469,3.1411369825762634,student_t,3
470,1.9746997007045899,student_t,3
471,0.1602834259640613,student_t,3
472,1.9590189838337833,student_t,3
473,1.5636922957750294,student_t,3
474,-1.4077313406232874,student_t,3
475,-1.8401837249010062,student_t,3
476,-1.6909276743354316,student_t,3
477,0.42336016746955507,student_t,3
478,1.9112084334444426,student_t,3
479,-2.0817342925351645,student_t,3
480,-0.19914521617845637,student_t,3
481,0.3927561162275608,student_t,3
482,0.5455835951068376,student_t,3
483,0.6098059337560557,student_t,3
484,0.025798152777957495,student_t,3
485,-0.18772415844011722,student_t,3
486,0.7358730578927009,student_t,3
487,0.8206392549043505,student_t,3
488,-1.516630211768573,student_t,3
489,-2.7361886196445546,student_t,3
490,-1.141163400539583,student_t,3
491,1.3681089741229284,student_t,3
492,-1.363985935026518,student_t,3
493,-0.11138771060888752,student_t,3
494,-1.3257585275599544,student_t,3
495,1.9448955384995652,student_t,3
496,0.03001446763664628,student_t,3
497,2.588760562204313,student_t,3
498,1.2892453420674657,student_t,3
499,0.8615726562579945,student_t,3
500,0.6226119808517859,student_t,3
501,-0.3555914020622135,student_t,3
502,-1.9490318684648282,student_t,3
503,-1.8874082559107614,student_t,3
504,0.34242700737873744,student_t,3
505,-0.7238580406699219,student_t,3
506,-1.5800405880213384,student_t,3
507,-2.2248043836149525,student_t,3
508,-1.6495213715291341,student_t,3
509,-3.403323552129113,student_t,3
510,-2.4850655749849304,student_t,3
511,-6.300513799420676,student_t,3
512,-4.575583137155737,student_t,3
513,-2.7153035899214464,student_t,3
514,-1.9848882887706019,student_t,3
515,-2.1065947269027543,student_t,3
516,-1.606893726130803,student_t,3
517,-1.547038845906859,student_t,3
518,-1.7015180451858727,student_t,3
519,-2.1549082176233743,student_t,3
520,0.3660100184123911,student_t,3
521,0.7534164671617283,student_t,3
522,-0.7183930055615194,student_t,3
523,-1.045573463650983,student_t,3
524,-1.817495625797267,student_t,3
525,-1.0231355828038329,student_t,3
526,-3.081713750929887,student_t,3
527,-2.727525888679833,student_t,3
528,-2.0292402288159708,student_t,3
529,-3.3162340265318155,student_t,3
530,-5.254761981189319,student_t,3
531,-3.802363676480867,student_t,3
532,-2.6875257061391427,student_t,3
533,0.1175273307393172,student_t,3
534,0.7059161478208328,student_t,3
535,-1.8831992874400545,student_t,3
536,-1.3433052963285934,student_t,3
537,-1.1087672245373004,student_t,3
538,-0.9445945377931142,student_t,3
539,-0.6173786640877446,student_t,3
540,-1.1226369771649563,student_t,3
541,-2.8766026124964,student_t,3
542,-3.839466051741682,student_t,3
543,-2.2835620921626587,student_t,3
544,-1.9789222622952582,student_t,3
545,-1.2399000475565198,student_t,3
546,-3.5704136928084615,student_t,3
547,-3.2918497817458197,student_t,3
548,-0.9624587957694162,student_t,3
549,-1.7231296735011556,student_t,3
550,-1.139497268810782,student_t,3
551,-0.8621257591757427,student_t,3
552,-3.9338271449963815,student_t,3
553,-8.758587875307507,student_t,3
554,-8.412550264780508,student_t,3
555,-6.414075722464698,student_t,3
556,-4.144015721678614,student_t,3
557,-2.5570806682726204,student_t,3
558,-2.679016168789384,student_t,3
559,-2.1147638841726155,student_t,3
560,-1.7978686150325827,student_t,3
561,1.9735174637444826,student_t,3
562,0.7987044310389376,student_t,3
563,-0.00469780440415013,student_t,3
564,0.6586781613872938,student_t,3
565,0.10165753201742989,student_t,3
566,-0.44945466715658544,student_t,3
567,-1.7788347295201186,student_t,3
568,-3.7059005943421743,student_t,3
569,-2.652266526282462,student_t,3
570,-1.5369848337433771,student_t,3
571,-4.8337858935991616,student_t,3
572,-3.4143026964078413,student_t,3
573,1.7410737384221617,student_t,3
574,1.5028469621699996,student_t,3
575,0.5158599120694454,student_t,3
576,-0.7539778938930265,student_t,3
577,-1.8148475240571105,student_t,3
578,0.07114791761727468,student_t,3
579,-0.9649828503350762,student_t,3
580,-0.21725698347224798,student_t,3
581,0.00867811131890861,student_t,3
582,-1.3719450751966862,student_t,3
583,-1.2492359442421503,student_t,3
584,2.1188300307200505,student_t,3
585,0.7097352398727532,student_t,3
586,-0.20242530936576553,student_t,3
587,-1.3748135685891159,student_t,3
588,0.24264177619960636,student_t,3
589,1.319747207759534,student_t,3
590,-0.7376053320377373,student_t,3
591,-0.23683476525827513,student_t,3
592,0.23043985370686546,student_t,3
593,0.025761972633253888,student_t,3
594,0.055016626367462476,student_t,3
595,-0.17337732266150835,student_t,3
596,-0.12828693991467963,student_t,3
597,3.9631368284069612,student_t,3
598,3.5158702859544633,student_t,3
599,2.3650710500494014,student_t,3
600,-0.996121145160759,student_t,3
601,-1.3307067150260994,student_t,3
602,-0.35843645346706976,student_t,3
603,-1.5430992056460386,student_t,3
604,-3.6218672596735297,student_t,3
605,-2.5105172638567006,student_t,3
606,-2.287749413703215,student_t,3
607,-0.9332580962779736,student_t,3
608,-1.2265123857906621,student_t,3
609,0.040990657430651556,student_t,3
610,-1.1376333039703048,student_t,3
611,-0.2791883089361259,student_t,3
612,0.42614026542151934,student_t,3
613,0.1620455320692987,student_t,3
614,0.27336065417032046,student_t,3
615,0.20757975461843997,student_t,3
616,0.12520030079712113,student_t,3
617,-3.2281631566614717,student_t,3
618,-5.35195079449843,student_t,3
619,-3.2073345908848516,student_t,3
620,-1.86330953070359,student_t,3
621,-0.7231199355967839,student_t,3
622,-1.686563533791951,student_t,3
623,-1.6695853088147732,student_t,3
624,-2.1853912959840787,student_t,3
625,-1.1358388806586366,student_t,3
626,-0.6101719651388176,student_t,3
627,0.279650716637934,student_t,3
628,-0.393591425765077,student_t,3
629,0.06392970631332268,student_t,3
630,0.5745487476460794,student_t,3
631,0.8146893660176524,student_t,3
632,-0.37675299431662623,student_t,3
633,-0.05348966239222805,student_t,3
634,-0.17347679270640215,student_t,3
635,-1.3185120616796817,student_t,3
636,0.28680935265490515,student_t,3
637,0.29979264954956764,student_t,3
638,0.7583246638397575,student_t,3
639,0.1305456403415856,student_t,3
640,1.1680438093271022,student_t,3
641,0.7511562912693424,student_t,3
642,0.7785128619860416,student_t,3
643,-0.1424853571947805,student_t,3
644,1.167847487357842,student_t,3
645,-4.79135054855092,student_t,3
646,-1.1310251545483947,student_t,3
647,-1.2125508048616231,student_t,3
648,-0.7590218813175944,student_t,3
649,0.04659551311169252,student_t,3
650,1.9338943764605392,student_t,3
651,2.6697967928266872,student_t,3
652,2.5344220692870776,student_t,3
653,1.2534623382177672,student_t,3
654,1.051264971012746,student_t,3
655,-0.6307286372346169,student_t,3
656,0.609803355771843,student_t,3
657,0.39268549105866646,student_t,3
658,-1.5212953316025613,student_t,3
659,-1.3943245197683194,student_t,3
660,0.044389981396358635,student_t,3
661,0.6562271447699612,student_t,3
662,-0.2954824871940844,student_t,3
663,1.8604347561092878,student_t,3
664,3.4746419365432084,student_t,3
665,2.014575162913334,student_t,3
666,1.475351608333416,student_t,3
667,-3.258350005710498,student_t,3
668,-4.872250914326232,student_t,3
669,-7.719978373715826,student_t,3
670,-5.480354160934443,student_t,3
671,-4.860642838185984,student_t,3
672,-3.0716332309578944,student_t,3
673,-4.737163467393653,student_t,3
674,-6.452197066617324,student_t,3
675,-4.777854690413133,student_t,3
676,-4.299987995084355,student_t,3
677,-2.775116713054971,student_t,3
678,-0.7329548624158921,student_t,3
679,-1.8165230532799534,student_t,3
680,-2.1342834267027833,student_t,3
681,-3.588853556259236,student_t,3
682,-4.188853653752732,student_t,3
683,-3.0595113983244486,student_t,3
684,-1.9378566697012163,student_t,3
685,-1.3445343146076807,student_t,3
686,-0.16314002478277856,student_t,3
687,-3.2283718472564282,student_t,3
688,-3.530741244408236,student_t,3
689,-1.5562317256345204,student_t,3
690,0.0215888421129935,student_t,3
691,-0.9133363212876525,student_t,3
692,0.9387814271303965,student_t,3
693,0.7241688819302541,student_t,3
694,0.8467538261030805,student_t,3
695,0.870527821313287,student_t,3
696,-0.5426569835517254,student_t,3
697,-1.0781225765705762,student_t,3
698,-5.963589165351154,student_t,3
699,-2.9026460889664074,student_t,3
700,-2.4064670431650015,student_t,3
701,-1.1418215554078865,student_t,3
702,-0.9008694131838082,student_t,3
703,-0.8358298784314846,student_t,3
704,-1.3464934163955133,student_t,3
705,-1.7466875536087385,student_t,3
706,-1.4699219372937837,student_t,3
707,0.46508296242419345,student_t,3
708,0.955920400481604,student_t,3
709,1.4501396249556813,student_t,3
710,1.197646008186787,student_t,3
711,0.845425217047783,student_t,3
712,2.0648317206289786,student_t,3
713,1.5958343096366967,student_t,3
714,1.2580950824362855,student_t,3
715,0.9095202623382416,student_t,3
716,0.4032964911918442,student_t,3
717,0.32134624029305225,student_t,3
718,-0.2058195428924546,student_t,3
719,1.994754790635455,student_t,3
720,1.3449765123477322,student_t,3
721,0.5338709268907003,student_t,3
722,0.5942103796837749,student_t,3
723,-0.5237071803496813,student_t,3
724,0.3148019071419964,student_t,3
725,0.5121580915558502,student_t,3
726,0.004375287323839017,student_t,3
727,0.9527556904961788,student_t,3
728,1.5659256735268392,student_t,3
729,-0.07772660829794265,student_t,3
730,1.2807398095392188,student_t,3
731,0.8664034401864712,student_t,3
732,-1.1587740915121143,student_t,3
733,-1.2066124951769992,student_t,3
734,2.34965270878251,student_t,3
735,0.18439002607902677,student_t,3
736,-2.8198454712908796,student_t,3
737,-1.2002484855785909,student_t,3
738,1.259083339367017,student_t,3
739,0.2633034001971126,student_t,3
740,0.45893208797319573,student_t,3
741,0.897115652705051,student_t,3
742,1.0555463722940992,student_t,3
743,1.2264780079487347,student_t,3
744,1.3830764430517086,student_t,3
745,-1.1712758675951345,student_t,3
746,-5.774535167470544,student_t,3
747,-4.31792735536867,student_t,3
748,-3.0808263174866046,student_t,3
749,-1.4598970690607616,student_t,3
750,-0.6562083503649674,student_t,3
751,0.709698335348548,student_t,3
752,0.30137945063760785,student_t,3
753,1.0627036428661096,student_t,3
754,0.9619714795229201,student_t,3
755,-1.2824002101227285,student_t,3
756,-1.927208857615822,student_t,3
757,-1.6011257533997862,student_t,3
758,-0.8442888157919415,student_t,3
759,-1.1023324913237322,student_t,3
760,-0.32096390892750926,student_t,3
761,-2.2023066986833353,student_t,3
762,-2.5799216817272566,student_t,3
763,-1.573340715185337,student_t,3
764,-2.570804263714737,student_t,3
765,-1.4704694937756813,student_t,3
766,1.3323357630853523,student_t,3
767,-0.2599027391898584,student_t,3
768,0.6921546727843588,student_t,3
769,-0.6304750936159729,student_t,3
770,0.20888438061271591,student_t,3
771,-0.4131028927020075,student_t,3
772,0.7910751138903761,student_t,3
773,-6.150037057591873,student_t,3
774,-2.8633988785745803,student_t,3
775,-3.6101739945165194,student_t,3
776,-3.2554647809725696,student_t,3
777,-2.3219569175143473,student_t,3
778,-2.261314855836514,student_t,3
779,-1.6407976315228017,student_t,3
780,-1.296391555476889,student_t,3
781,-0.3721397200895311,student_t,3
782,-0.13485879774628712,student_t,3
783,0.16539427151519814,student_t,3
784,0.5422820705394729,student_t,3
785,-0.027432232446401972,student_t,3
786,-0.4572355967800622,student_t,3
787,0.4457443108031085,student_t,3
788,-0.1965672421893786,student_t,3
789,1.2038747787930706,student_t,3
790,1.15440682082441,student_t,3
791,1.6760182000768817,student_t,3
792,0.17222617759270786,student_t,3
793,-0.13982271988537748,student_t,3
794,1.797811586985176,student_t,3
795,-0.11054058725837379,student_t,3
796,0.343684444861748,student_t,3
797,-0.6509827718627157,student_t,3
798,2.6135353900991727,student_t,3
799,1.3255346611588052,student_t,3
800,-0.781981321689077,student_t,3
801,-0.45477533546583804,student_t,3
802,0.9885325355242012,student_t,3
803,-5.218939469552357,student_t,3
804,-6.766628843149851,student_t,3
805,-4.672089625936343,student_t,3
806,-3.1069143462618074,student_t,3
807,-1.3382660961103503,student_t,3
808,0.6019918897619396,student_t,3
809,4.09997740570621,student_t,3
810,3.042245052109876,student_t,3
811,0.4564764468907154,student_t,3
812,3.1074564787916614,student_t,3
813,1.5207825086287141,student_t,3
814,1.0286706050979912,student_t,3
815,0.7475760635231409,student_t,3
816,1.638086709415067,student_t,3
817,0.1587807621626297,student_t,3
818,-0.14315180474679978,student_t,3
819,0.7704716644808663,student_t,3
820,1.2922468966136096,student_t,3
821,1.1646202393977796,student_t,3
822,0.5985387849317805,student_t,3
823,-0.7276604121328099,student_t,3
824,-0.9973979308365883,student_t,3
825,-1.295101646660278,student_t,3
826,-2.909424700431131,student_t,3
827,-2.855865991983468,student_t,3
828,-2.281005362145016,student_t,3
829,-5.377194031637941,student_t,3
830,-4.402563636068849,student_t,3
831,-2.6886177659039485,student_t,3
832,-6.898953068721699,student_t,3
833,-5.2593646945931845,student_t,3
834,-2.571245194437609,student_t,3
835,-2.214255384970891,student_t,3
836,-2.9581440702606385,student_t,3
837,-2.637928905287829,student_t,3
838,-1.5961731128689858,student_t,3
839,0.14673284665265052,student_t,3
840,0.2359777962122181,student_t,3
841,-0.7309506493478604,student_t,3
842,-1.3542261056455487,student_t,3
843,-0.5189277546563531,student_t,3
844,-0.41871402920693046,student_t,3
845,-0.06140180097396064,student_t,3
846,-1.0504737601754084,student_t,3
847,-2.3881036710273307,student_t,3
848,-0.679151290290708,student_t,3
849,-1.0478417828544082,student_t,3
850,-0.37205517429249013,student_t,3
851,-0.1324942868537307,student_t,3
852,1.2658730909393,student_t,3
853,1.3482629207055024,student_t,3
854,-2.572484980716229,student_t,3
855,-1.3101393750000119,student_t,3
856,-6.968593079974817,student_t,3
857,-5.853561213713031,student_t,3
858,-1.609572718898033,student_t,3
859,1.344014523804507,student_t,3
860,-0.10374904274231267,student_t,3
861,-1.390676337281214,student_t,3
862,-0.23227723186892557,student_t,3
863,-0.8390879872623543,student_t,3
864,-1.2543075000705768,student_t,3
865,-0.5517997609741225,student_t,3
866,-0.8858748830454583,student_t,3
867,2.068630898021958,student_t,3
868,2.8832186135590168,student_t,3
869,4.020516826329954,student_t,3
870,2.359743440657526,student_t,3
871,0.48054759829014926,student_t,3
872,-0.7216909545769443,student_t,3
873,0.9376124785521386,student_t,3
874,0.9272743894975257,student_t,3
875,1.4884233774369393,student_t,3
876,0.8863506537138405,student_t,3
877,0.923716779772469,student_t,3
878,0.3605912803822757,student_t,3
879,-0.39035679825968544,student_t,3
880,-1.3674706892728739,student_t,3
881,-0.6579923317450842,student_t,3
882,-1.0347169629453077,student_t,3
883,0.7406427046094759,student_t,3
884,-1.5102169030454724,student_t,3
885,-1.002053200466302,student_t,3
886,-0.6305330314818618,student_t,3
887,-2.156495065825312,student_t,3
888,-6.384640671950786,student_t,3
889,-5.325283179664568,student_t,3
890,-0.1520021139464931,student_t,3
891,0.8837895162952174,student_t,3
892,-0.05252375500022877,student_t,3
893,-0.6963337179071818,student_t,3
894,-1.4816790791327388,student_t,3
895,-1.917812939277205,student_t,3
896,-1.8550627106936322,student_t,3
897,-1.1053319478026304,student_t,3
898,3.145863949558081,student_t,3
899,2.3053946812679302,student_t,3
900,1.8015809642189509,student_t,3
901,1.0395087614132241,student_t,3
902,-0.38659646015579874,student_t,3
903,1.6378084428829394,student_t,3
904,2.13200717216683,student_t,3
905,0.6846978374166233,student_t,3
906,0.6940283412281217,student_t,3
907,0.6619771138612897,student_t,3
908,2.2081427279507713,student_t,3
909,1.9600407399920816,student_t,3
910,6.2122999428009225,student_t,3
911,3.4902470515067434,student_t,3
912,1.333690737173696,student_t,3
913,1.6306036130066988,student_t,3
914,0.3426973719840539,student_t,3
915,-0.12244245165928155,student_t,3
916,0.38207201261895984,student_t,3
917,0.15705742071370485,student_t,3
918,0.5682785329873624,student_t,3
919,1.1673241701220116,student_t,3
920,0.43981827592207895,student_t,3
921,-0.19553290123437905,student_t,3
922,-2.2621123641489644,student_t,3
923,-2.4459183160184135,student_t,3
924,-1.0086941818132433,student_t,3
925,-1.5641385013572053,student_t,3
926,0.6896361018010264,student_t,3
927,-0.966482597745091,student_t,3
928,-0.9165297429410327,student_t,3
929,0.16184185988532906,student_t,3
930,0.6332362727253095,student_t,3
931,1.3544134329339035,student_t,3
932,-0.5160003874249726,student_t,3
933,-2.263807722523196,student_t,3
934,-2.872490736656741,student_t,3
935,-2.0530035843429313,student_t,3
936,-1.1948535977336687,student_t,3
937,-0.271850484370182,student_t,3
938,1.3536512891184678,student_t,3
939,-0.26429257124867944,student_t,3
940,1.348135911425071,student_t,3
941,-0.40134200952692944,student_t,3
942,0.7849856975082901,student_t,3
943,1.9440944228761898,student_t,3
944,1.3525942068909087,student_t,3
945,0.031683631604902285,student_t,3
946,-0.485512368551267,student_t,3
947,0.5085005457101833,student_t,3
948,1.8950442249843176,student_t,3
949,1.240643900742082,student_t,3
950,2.7311648390916536,student_t,3
951,2.901873347266143,student_t,3
952,2.219737515660149,student_t,3
953,1.891412610291096,student_t,3
954,2.4633229742352554,student_t,3
955,1.9767802950751947,student_t,3
956,1.289713162576214,student_t,3
957,-0.5895266413824934,student_t,3
958,-0.7706956226708075,student_t,3
959,-5.048237701243598,student_t,3
960,-2.7209426840425595,student_t,3
961,-2.6190996237381814,student_t,3
962,-2.38085392013026,student_t,3
963,2.091014243725102,student_t,3
964,1.6002150199805438,student_t,3
965,2.2880711390940887,student_t,3
966,0.44134829445747714,student_t,3
967,-1.0639151111083187,student_t,3
968,-1.2139697157084897,student_t,3
969,-0.748771350953885,student_t,3
970,-2.3986795987131515,student_t,3
971,-2.5261037494266008,student_t,3
972,-1.3057526800291426,student_t,3
973,-1.1862149484726556,student_t,3
974,-0.5744553251525067,student_t,3
975,-1.0794369992315924,student_t,3
976,0.3161460438339043,student_t,3
977,0.2015916923855945,student_t,3
978,3.787967624984376,student_t,3
979,3.357389690911665,student_t,3
980,1.6143864547427693,student_t,3
981,-0.27725026232091854,student_t,3
982,-0.9216331574863084,student_t,3
983,11.616865678135234,student_t,3
984,8.002294030709125,student_t,3
985,9.77878992487948,student_t,3
986,6.388623084749477,student_t,3
987,5.843846228206562,student_t,3
988,0.45781746726260053,student_t,3
989,0.45736512751719993,student_t,3
990,-0.8854654816162691,student_t,3
991,-3.973833904240925,student_t,3
992,-3.5476844771681337,student_t,3
993,-2.2696904459968947,student_t,3
994,-0.0736982297089106,student_t,3
995,-1.194019771933693,student_t,3
996,-0.8358205758357097,student_t,3
997,0.9207813722828985,student_t,3
998,0.3595802349097153,student_t,3
999,-0.28749784043546045,student_t,3
1000,-0.5526513092318313,student_t,3
1001,0.9933060024236187,student_t,3
1002,0.5507662974989866,student_t,3
1003,1.1239041609347857,student_t,3
1004,0.45007692874481636,student_t,3
1005,0.17027344256022797,student_t,3
1006,1.602255558344024,student_t,3
1007,-2.556855021408885,student_t,3
1008,0.1539811413146841,student_t,3
1009,-0.7602956457654724,student_t,3
1010,0.39608563578158895,student_t,3
1011,6.732185474038695,student_t,3
1012,4.300505704136753,student_t,3
1013,2.925418178883847,student_t,3
1014,2.356092244879449,student_t,3
1015,3.5227279250849506,student_t,3
1016,3.1542025413420145,student_t,3
1017,1.6832719163499599,student_t,3
1018,1.26833553959249,student_t,3
1019,1.1249622084557247,student_t,3
1020,1.8674799373416124,student_t,3
1021,1.7231284131465245,student_t,3
1022,2.5463694754762276,student_t,3
1023,0.13140713271636484,student_t,3
1024,-0.23305763835179466,student_t,3
1025,4.5091971447954595,student_t,3
1026,0.872932403362582,student_t,3
1027,-0.3710128583137522,student_t,3
1028,-0.4676723451107246,student_t,3
1029,-1.1702428802927587,student_t,3
1030,1.9297348779927521,student_t,3
1031,-0.4759375740870466,student_t,3
1032,1.9146160316011933,student_t,3
1033,2.124330545941416,student_t,3
1034,1.2858150488458475,student_t,3
1035,0.8624729608341807,student_t,3
1036,-6.389542081679256,student_t,3
1037,-5.205332233759048,student_t,3
1038,-3.4934596405374427,student_t,3
1039,-2.9296082591932926,student_t,3
1040,-3.527525331394542,student_t,3
1041,-1.4899267120948645,student_t,3
1042,-0.8721419215150743,student_t,3
1043,-1.1278262213720374,student_t,3
1044,-2.2246322410559376,student_t,3
1045,-1.499312926227092,student_t,3
1046,-0.2819046823769572,student_t,3
1047,-0.37323854669147477,student_t,3
1048,3.8542285484990875,student_t,3
1049,3.590406446183113,student_t,3
1050,2.6548515171664477,student_t,3
1051,2.8058674944557804,student_t,3
1052,1.7334985779834204,student_t,3
1053,0.8894035586358302,student_t,3
1054,1.4888699240867278,student_t,3
1055,-1.873155971235576,student_t,3
1056,-1.061385657705118,student_t,3
1057,-5.163349575137886,student_t,3
1058,-2.2484469489031897,student_t,3
1059,-2.3587030686231385,student_t,3
1060,-3.5704113874311143,student_t,3
1061,-3.2186586807339257,student_t,3
1062,-4.114069930914021,student_t,3
1063,-2.9929789692318685,student_t,3
1064,-5.880737776536716,student_t,3
1065,-5.190871555376032,student_t,3
1066,-3.7821763584410513,student_t,3
1067,-3.5272071469707558,student_t,3
1068,0.7608805878482716,student_t,3
1069,0.31301521330234366,student_t,3
1070,-1.8393527669578238,student_t,3
1071,-2.509960325082165,student_t,3
1072,-0.9441961850414435,student_t,3
1073,1.2117732194288908,student_t,3
1074,0.8974322136599012,student_t,3
1075,0.20124075322847074,student_t,3
1076,0.45156010365702304,student_t,3
1077,0.010366836673772806,student_t,3
1078,1.2046772532520456,student_t,3
1079,0.9183917040021556,student_t,3
1080,-1.6794438048088849,student_t,3
1081,-2.0891404968931035,student_t,3
1082,-4.804500411703476,student_t,3
1083,-3.640684091957913,student_t,3
1084,-2.577573542728607,student_t,3
1085,-1.7211717664560342,student_t,3
1086,-1.3959244169506093,student_t,3
1087,-2.629341174375323,student_t,3
1088,-0.650466814445283,student_t,3
1089,-0.6674036762460581,student_t,3
1090,-1.0522913913926644,student_t,3
1091,-1.37230711671577,student_t,3
1092,-3.7242527131934633,student_t,3
1093,-2.3290839828604186,student_t,3
1094,-1.721736192732939,student_t,3
1095,-0.4344340550169685,student_t,3
1096,-0.48173033377554025,student_t,3
1097,-1.2245455846999667,student_t,3
1098,0.32520463218904516,student_t,3
1099,-0.5864885997266733,student_t,3
1100,2.2220519738434037,student_t,3
1101,2.383947979848745,student_t,3
1102,3.57844894509889,student_t,3
1103,2.4699670023994793,student_t,3
1104,2.7608319262088292,student_t,3
1105,0.9201947697211568,student_t,3
1106,0.9412589219355127,student_t,3
1107,-2.8810263049546325,student_t,3
1108,-1.8632433403570905,student_t,3
1109,-1.875962806989361,student_t,3
1110,0.751592733079453,student_t,3
1111,0.5823584165225322,student_t,3
1112,0.5353501150976797,student_t,3
1113,-0.9725007217523154,student_t,3
1114,-1.9597629664830292,student_t,3
1115,-1.768841536408023,student_t,3
1116,-0.9527456183695555,student_t,3
1117,-2.227318826778215,student_t,3
1118,-1.2978406369754962,student_t,3
1119,-0.8473658361881629,student_t,3
1120,-0.003787563942668104,student_t,3
1121,-0.1552321571013948,student_t,3
1122,-2.6228276920534137,student_t,3
1123,-1.4543729840924444,student_t,3
1124,-4.961881769326979,student_t,3
1125,-2.945911187174974,student_t,3
1126,-0.012133459732639462,student_t,3
1127,0.931476132037606,student_t,3
1128,-0.20919602230805145,student_t,3
1129,2.3300985076427256,student_t,3
1130,0.9872385651675903,student_t,3
1131,0.7734141066631961,student_t,3
1132,-0.867741337931606,student_t,3
1133,0.5277323369771539,student_t,3
1134,0.4009556442444784,student_t,3
1135,0.7025407547240583,student_t,3
1136,1.5562709373164563,student_t,3
1137,0.2626489666408802,student_t,3
1138,-1.2689827511071108,student_t,3
1139,-0.3465001108921054,student_t,3
1140,-1.801836662638386,student_t,3
1141,-0.2717349081956396,student_t,3
1142,1.344483893572684,student_t,3
1143,2.0665497212592605,student_t,3
1144,1.0711597989967698,student_t,3
1145,0.3203829357202864,student_t,3
1146,1.3618878075813257,student_t,3
1147,1.6855408181321334,student_t,3
1148,2.817839513161804,student_t,3
1149,3.8714521394653136,student_t,3
1150,2.114539151157552,student_t,3
1151,1.6669661384690042,student_t,3
1152,1.9130001745212966,student_t,3
1153,-3.116540064070854,student_t,3
1154,-2.6800232099637307,student_t,3
1155,-2.9025632700897788,student_t,3
1156,-1.9147957871859573,student_t,3
1157,-3.2007919519334744,student_t,3
1158,-2.2685850365660447,student_t,3
1159,-1.127032130765832,student_t,3
1160,-1.1526596162379679,student_t,3
1161,-2.108215455748571,student_t,3
1162,-2.676451846590942,student_t,3
1163,0.17566440079166035,student_t,3
1164,-0.6201689793205772,student_t,3
1165,0.5054971334643388,student_t,3
1166,-0.04933191814198229,student_t,3
1167,-1.1587924944759547,student_t,3
1168,-1.518401792699697,student_t,3
1169,-2.1828645034785046,student_t,3
1170,-2.360844341871709,student_t,3
1171,-1.5581098472186747,student_t,3
1172,-2.7831892102313125,student_t,3
1173,-3.094680239637328,student_t,3
1174,-0.39417670443595365,student_t,3
1175,-0.9043739733656893,student_t,3
1176,0.986421827489224,student_t,3
1177,2.721507827228298,student_t,3
1178,1.5847146833816392,student_t,3
1179,-0.03290809716261278,student_t,3
1180,1.475525810461669,student_t,3
1181,0.4894334125379657,student_t,3
1182,0.3298088923768235,student_t,3
1183,0.8402626049246273,student_t,3
1184,-0.8329947136347996,student_t,3
1185,-0.5415070951723205,student_t,3
1186,1.7999514555784009,student_t,3
1187,3.7822627227136447,student_t,3
1188,1.2713137041766471,student_t,3
1189,2.9466488819058654,student_t,3
1190,2.4478211758069675,student_t,3
1191,1.5158679094260115,student_t,3
1192,0.3760339124411469,student_t,3
1193,1.133608595091818,student_t,3
1194,0.8534026386333193,student_t,3
1195,1.1316131216586673,student_t,3
1196,0.5648910093988556,student_t,3
1197,1.3161292365403345,student_t,3
1198,0.45404513917963324,student_t,3
1199,1.7835340548354501,student_t,3
1200,-3.288387192293753,student_t,3
1201,-3.098203477625116,student_t,3
1202,-1.4371038203291868,student_t,3
1203,-5.189128300619056,student_t,3
1204,-3.4407396203464473,student_t,3
1205,-3.1370368833378874,student_t,3
1206,-3.193586400471058,student_t,3
1207,-2.62530720657032,student_t,3
1208,-3.238047398641978,student_t,3
1209,-2.4409408231583916,student_t,3
1210,-2.179497055297471,student_t,3
1211,-7.4609033271125105,student_t,3
1212,-4.883000144332835,student_t,3
1213,-3.664968360893855,student_t,3
1214,-1.9964799713392827,student_t,3
1215,-1.0903387394944204,student_t,3
1216,-0.2895799448854134,student_t,3
1217,0.2803657785921134,student_t,3
1218,-0.3470817758648477,student_t,3
1219,0.4125319538999921,student_t,3
1220,0.589722462840329,student_t,3
1221,0.7606505715798568,student_t,3
1222,-0.9555778626119266,student_t,3
1223,-2.3480799315422787,student_t,3
1224,-0.9213170659407676,student_t,3
1225,-1.4674100796444938,student_t,3
1226,-2.2431644081148896,student_t,3
1227,-0.7129807116744329,student_t,3
1228,0.7146156717808023,student_t,3
1229,-0.4524728733977239,student_t,3
1230,0.7668265138280634,student_t,3
1231,-0.9298995106875192,student_t,3
1232,0.23120863166750194,student_t,3
1233,-2.627276277376359,student_t,3
1234,-2.3293488293720643,student_t,3
1235,-2.0326086092802242,student_t,3
1236,-5.644740614760746,student_t,3
1237,-5.419238126407584,student_t,3
1238,-5.867087990676792,student_t,3
1239,-7.9566391948046356,student_t,3
1240,-7.378346733791003,student_t,3
1241,-12.616732066817761,student_t,3
1242,-6.972846874741377,student_t,3
1243,-4.9689921561434875,student_t,3
1244,-2.652226948194385,student_t,3
1245,-2.7795657243314915,student_t,3
1246,-1.7534540964886454,student_t,3
1247,-1.4609338004352952,student_t,3
1248,-3.118833193454262,student_t,3
1249,-1.4878061614240703,student_t,3
1250,0.09063533247568478,student_t,3
1251,1.374805497320907,student_t,3
1252,0.6110120475163193,student_t,3
1253,1.0308724515099854,student_t,3
1254,-0.8790157070983653,student_t,3
1255,0.9499019254776385,student_t,3
1256,1.6809194228316606,student_t,3
1257,-0.47953967469156633,student_t,3
1258,-0.6655966714889838,student_t,3
1259,-0.22831880189891254,student_t,3
1260,0.7274575971205355,student_t,3
1261,-0.8955008640435491,student_t,3
1262,-0.7241639443802578,student_t,3
1263,-0.8654478778418261,student_t,3
1264,-2.6851333862589626,student_t,3
1265,-0.6244568475187491,student_t,3
1266,-2.163313919167215,student_t,3
1267,-1.573803488061585,student_t,3
1268,0.5723101115756537,student_t,3
1269,-0.6507499238576661,student_t,3
1270,-2.044167521110353,student_t,3
1271,-1.797734239124392,student_t,3
1272,-2.749524697584186,student_t,3
1273,-1.5994728219039442,student_t,3
1274,1.823460663033141,student_t,3
1275,6.168352884841623,student_t,3
1276,4.622267622602495,student_t,3
1277,0.019377532870711534,student_t,3
1278,-2.2103420055995695,student_t,3
1279,-0.6990640846623181,student_t,3
1280,1.6072658535214646,student_t,3
1281,0.9043364575028837,student_t,3
1282,0.0622022907954467,student_t,3
1283,2.687293018796558,student_t,3
1284,2.247822574878446,student_t,3
1285,1.9652896234501456,student_t,3
1286,1.1822916133803352,student_t,3
1287,1.4687733285354203,student_t,3
1288,1.046720660676598,student_t,3
1289,0.2742767104044609,student_t,3
1290,-2.923139352900777,student_t,3
1291,-2.320940319811858,student_t,3
1292,1.2900877365597956,student_t,3
1293,3.2816821648128833,student_t,3
1294,2.0155599907145048,student_t,3
1295,2.101244872049735,student_t,3
1296,1.4905886331013407,student_t,3
1297,0.3506148101519222,student_t,3
1298,0.6715786347922886,student_t,3
1299,-1.287371892716474,student_t,3
1300,-1.3959326894546027,student_t,3
1301,-5.274466592267993,student_t,3
1302,-4.241517280211842,student_t,3
1303,-2.21830595376783,student_t,3
1304,3.8579262521416093,student_t,3
1305,3.5227651644234683,student_t,3
1306,1.0418150625579072,student_t,3
1307,1.8249359743240894,student_t,3
1308,0.9949811739357676,student_t,3
1309,1.2248363193043041,student_t,3
1310,2.2305012761702727,student_t,3
1311,1.7805416172125967,student_t,3
1312,1.6605955832734485,student_t,3
1313,0.5289710147828653,student_t,3
1314,0.020896875980016993,student_t,3
1315,-0.126870115524807,student_t,3
1316,0.7245398712395615,student_t,3
1317,1.8688939984109578,student_t,3
1318,2.762597174066279,student_t,3
1319,1.4928792156917932,student_t,3
1320,2.706451848160714,student_t,3
1321,2.0767455431952273,student_t,3
1322,0.3389239801771422,student_t,3
1323,0.6734280876381926,student_t,3
1324,-1.7183473427001765,student_t,3
1325,-1.0947269423052555,student_t,3
1326,2.1115776284479,student_t,3
1327,-1.0214591147312624,student_t,3
1328,-0.9220639131432393,student_t,3
1329,-1.182262701392327,student_t,3
1330,1.0797638965858372,student_t,3
1331,1.741779180929252,student_t,3
1332,0.7391854443278592,student_t,3
1333,0.38735051403467036,student_t,3
1334,-0.43888356373297066,student_t,3
1335,0.5048918198347885,student_t,3
1336,-0.19402111993117577,student_t,3
1337,0.6208056668112877,student_t,3
1338,0.5671701172355497,student_t,3
1339,-0.7939777484477588,student_t,3
1340,0.9218562612029151,student_t,3
1341,0.11307132530735553,student_t,3
1342,-0.3471269926865972,student_t,3
1343,-1.3119283773062864,student_t,3
1344,-0.08711559751645881,student_t,3
1345,-1.3559992391666276,student_t,3
1346,-0.516838621083196,student_t,3
1347,-0.09788416302077008,student_t,3
1348,1.3583294676264983,student_t,3
1349,0.4835774051243945,student_t,3
1350,-1.3256885972935086,student_t,3
1351,-2.3905852428954115,student_t,3
1352,-0.1838704593431728,student_t,3
1353,0.006566302193862422,student_t,3
1354,0.7447577287566824,student_t,3
1355,-0.4030380430055581,student_t,3
1356,-1.38744452099811,student_t,3
1357,-5.156963668315209,student_t,3
1358,-2.242187642801942,student_t,3
1359,-2.707113159340243,student_t,3
1360,-3.4629941846518877,student_t,3
1361,-2.0268259274431983,student_t,3
1362,-0.41236384322111075,student_t,3
1363,-0.8261329715855142,student_t,3
1364,2.0669599852884035,student_t,3
1365,1.710118579104089,student_t,3
1366,0.7472415741697005,student_t,3
1367,2.778685868890949,student_t,3
1368,2.3906619507974454,student_t,3
1369,2.089218542293149,student_t,3
1370,0.09491598861230632,student_t,3
1371,0.3753453592956799,student_t,3
1372,-0.013244961706132707,student_t,3
1373,-0.7613857540921345,student_t,3
1374,-1.1891961955901658,student_t,3
1375,-1.0628274977575511,student_t,3
1376,-1.0427579699055944,student_t,3
1377,-1.1137805565832914,student_t,3
1378,-9.86494865793845,student_t,3
1379,-8.588720730156842,student_t,3
1380,-4.97110897251587,student_t,3
1381,-3.7843023217119485,student_t,3
1382,-1.2967911882629684,student_t,3
1383,-0.2410559537420307,student_t,3
1384,0.39540584132208784,student_t,3
1385,0.9191653517133752,student_t,3
1386,2.1727892116955454,student_t,3
1387,1.7746082455034613,student_t,3
1388,-0.6675029927257885,student_t,3
1389,-1.2996821363548658,student_t,3
1390,0.5641450530313888,student_t,3
1391,1.4480635747470845,student_t,3
1392,4.264193142721579,student_t,3
1393,4.160701489862788,student_t,3
1394,3.494273633215695,student_t,3
1395,4.300431376111904,student_t,3
1396,2.7931978256696697,student_t,3
1397,0.8199120236896889,student_t,3
1398,0.11641610366460109,student_t,3
1399,-0.5657877240042737,student_t,3
1400,0.4089004396220878,student_t,3
1401,0.7877740284322561,student_t,3
1402,0.6620806625613,student_t,3
1403,0.7232674410740247,student_t,3
1404,-0.11512687605117888,student_t,3
1405,-0.20354896778536175,student_t,3
1406,0.5835803971804145,student_t,3
1407,-3.734983870253746,student_t,3
1408,-1.480007173990632,student_t,3
1409,-3.2279797920092212,student_t,3
1410,-4.869683411709559,student_t,3
1411,-1.418615914637371,student_t,3
1412,-0.17885647857346254,student_t,3
1413,0.4147590493557203,student_t,3
1414,-0.48238161140149993,student_t,3
1415,-1.7900090056148443,student_t,3
1416,-1.4374279398960812,student_t,3
1417,-1.150934774675235,student_t,3
1418,-2.7410664159277984,student_t,3
1419,-3.9737967446915237,student_t,3
1420,-1.5281534441193012,student_t,3
1421,-0.5798999641924343,student_t,3
1422,-0.5273718906085697,student_t,3
1423,-0.5091789046159684,student_t,3
1424,-3.615592444949911,student_t,3
1425,-2.9829004395946863,student_t,3
1426,-1.655075579226826,student_t,3
1427,1.021367518814551,student_t,3
1428,0.7195953839657571,student_t,3
1429,0.45371136051217986,student_t,3
1430,3.023648932551716,student_t,3
1431,0.9108507370043202,student_t,3
1432,-0.27154131202374143,student_t,3
1433,-0.44631600220771644,student_t,3
1434,0.11974092340296655,student_t,3
1435,-0.3723946118544943,student_t,3
1436,-1.3615697767582833,student_t,3
1437,-0.17625957253249513,student_t,3
1438,-1.3723977404149057,student_t,3
1439,-0.9794285262940802,student_t,3
1440,2.6906348692174347,student_t,3
1441,2.540989282645778,student_t,3
1442,0.5231933147198984,student_t,3
1443,-0.7641026492963741,student_t,3
1444,-1.8084052550219882,student_t,3
1445,-1.457712292931223,student_t,3
1446,0.5269514529504102,student_t,3
1447,0.6756502558915192,student_t,3
1448,-0.19729405425260793,student_t,3
1449,0.36864614531274076,student_t,3
1450,0.3013219651577185,student_t,3
1451,0.23816552240123998,student_t,3
1452,-0.7797944903525759,student_t,3
1453,1.652465409905746,student_t,3
1454,1.5028167868685893,student_t,3
1455,1.7130178167874048,student_t,3
1456,1.1421223188541731,student_t,3
1457,0.6066146170488881,student_t,3
1458,1.017694973482587,student_t,3
1459,-0.10549019779077529,student_t,3
1460,-0.5189172339106838,student_t,3
1461,-0.004082171986508121,student_t,3
1462,-5.201620977944127,student_t,3
1463,-2.4047910637313272,student_t,3
1464,-3.6277964381312753,student_t,3
1465,-2.266502689763702,student_t,3
1466,-1.668548011623843,student_t,3
1467,-1.8327806847664858,student_t,3
1468,-2.6103522124884213,student_t,3
1469,-1.9651297611170544,student_t,3
1470,-1.6460876180548527,student_t,3
1471,-2.2881435141790334,student_t,3
1472,-0.11419321568503116,student_t,3
1473,2.5598891711612977,student_t,3
1474,2.261232271700285,student_t,3
1475,0.14102843231257212,student_t,3
1476,-0.8792790691045286,student_t,3
1477,-1.4659854840370774,student_t,3
1478,-1.4861823220133963,student_t,3
1479,-1.048870171471127,student_t,3
1480,0.28712161205540276,student_t,3
1481,0.19836600911391777,student_t,3
1482,0.7503780304921439,student_t,3
1483,-0.15282261064193547,student_t,3
1484,-1.2269630386005057,student_t,3
1485,-1.8776635876637098,student_t,3
1486,-2.5160907675903736,student_t,3
1487,-2.171214328956409,student_t,3
1488,-1.3417922315267892,student_t,3
1489,0.18123323625744858,student_t,3
1490,0.02039091050623043,student_t,3
1491,-1.704874437477932,student_t,3
1492,-1.286394241416182,student_t,3
1493,-0.8616033259584751,student_t,3
1494,-1.540225593323967,student_t,3
1495,-0.7502184806034882,student_t,3
1496,-0.9622410179862958,student_t,3
1497,-0.7435607616965805,student_t,3
1498,-1.0921063745433248,student_t,3
1499,-0.32010907263435506,student_t,3
1500,-0.9099819825549686,student_t,3
1501,-0.186281495026555,student_t,3
1502,-0.049361544803933455,student_t,3
1503,0.3489734891229688,student_t,3
1504,-0.9424432064633943,student_t,3
1505,-0.7077787104778579,student_t,3
1506,-0.2816347236909895,student_t,3
1507,-1.2397002207371017,student_t,3
1508,-1.5875941803766065,student_t,3
1509,-1.078913372006485,student_t,3
1510,-0.6675682815572209,student_t,3
1511,0.06757328634419169,student_t,3
1512,0.8640834996851299,student_t,3
1513,-0.46492542059965525,student_t,3
1514,0.0702566131917638,student_t,3
1515,1.231702382588575,student_t,3
1516,3.1050845443477444,student_t,3
1517,1.499854979760765,student_t,3
1518,1.6179572905760153,student_t,3
1519,0.5145352243989705,student_t,3
1520,0.9993620672054355,student_t,3
1521,3.2693791925866025,student_t,3
1522,2.8868442242411896,student_t,3
1523,2.22790099496403,student_t,3
1524,1.6864228483324277,student_t,3
1525,2.9023800577793346,student_t,3
1526,0.4896184384583191,student_t,3
1527,-0.024639907640730097,student_t,3
1528,-0.8173770219250153,student_t,3
1529,-1.0858013177572197,student_t,3
1530,0.5169163097894852,student_t,3
1531,0.05697701914424724,student_t,3
1532,0.6801320416286665,student_t,3
1533,3.378955142350982,student_t,3
1534,1.7582294590008791,student_t,3
1535,1.5831721740885487,student_t,3
1536,1.840332214975578,student_t,3
1537,0.30392101619743783,student_t,3
1538,1.9779629017542908,student_t,3
1539,0.9735078581652905,student_t,3
1540,-1.2898433032544365,student_t,3
1541,-1.3201899442870473,student_t,3
1542,-4.483845689524879,student_t,3
1543,-4.491686303920006,student_t,3
1544,-4.59505017229326,student_t,3
1545,-3.1284948114278586,student_t,3
1546,-2.9058420807753333,student_t,3
1547,-3.1475667681022723,student_t,3
1548,-2.3196316695747754,student_t,3
1549,-4.880886495984584,student_t,3
1550,-4.0522038642940865,student_t,3
1551,-1.107404745961363,student_t,3
1552,-2.5795449776726125,student_t,3
1553,-1.7888393297380847,student_t,3
1554,-1.7346311473892622,student_t,3
1555,0.5224156047571233,student_t,3
1556,-1.854702530107322,student_t,3
1557,-1.9029501202858743,student_t,3
1558,0.21056672283997147,student_t,3
1559,1.0140889017648493,student_t,3
1560,0.4260543349968734,student_t,3
1561,0.9752687861729641,student_t,3
1562,-0.32969678521385226,student_t,3
1563,1.0663947078235612,student_t,3
1564,-0.4542566635363885,student_t,3
1565,0.13821147204792023,student_t,3
1566,0.36454825266980284,student_t,3
1567,0.5954577922968236,student_t,3
1568,1.8350520534848647,student_t,3
1569,0.5490641693265677,student_t,3
1570,0.8353159267939343,student_t,3
1571,0.7575990899290456,student_t,3
1572,-1.6190999077500825,student_t,3
1573,-0.6666356886391744,student_t,3
1574,-1.0096861448929337,student_t,3
1575,-2.4366970530160676,student_t,3
1576,-2.4397283773903444,student_t,3
1577,-4.204626619173672,student_t,3
1578,-4.47749896848331,student_t,3
1579,-2.797303835983265,student_t,3
1580,-6.26066754407827,student_t,3
1581,-3.6726203460696754,student_t,3
1582,-0.9106611740839681,student_t,3
1583,-1.1878619273195805,student_t,3
1584,-0.6979355633854873,student_t,3
1585,0.14082305960975217,student_t,3
1586,0.059690304142778115,student_t,3
1587,-0.5229173794637771,student_t,3
1588,0.11974524196373099,student_t,3
1589,0.9319930231803666,student_t,3
1590,1.0932584963518288,student_t,3
1591,0.29369565008711207,student_t,3
1592,0.5601692139649788,student_t,3
1593,-0.7858588341173893,student_t,3
1594,-1.0162980750455652,student_t,3
1595,-0.19347769972946427,student_t,3
1596,0.7482152796734358,student_t,3
1597,0.9770811534662218,student_t,3
1598,0.5225120075755577,student_t,3
1599,-1.924641561916022,student_t,3
1600,-2.6680580624684884,student_t,3
1601,-2.652505424101359,student_t,3
1602,-1.338651781303058,student_t,3
1603,0.06791806903168363,student_t,3
1604,1.0789353540799371,student_t,3
1605,1.1805459230143733,student_t,3
1606,1.6673179374505889,student_t,3
1607,1.5459389412425752,student_t,3
1608,1.4697680239870365,student_t,3
1609,-0.16173409177631304,student_t,3
1610,0.5016045714499082,student_t,3
1611,0.2731190407364469,student_t,3
1612,1.50501016615687,student_t,3
1613,0.6963199102665532,student_t,3
1614,0.18432966028123615,student_t,3
1615,1.0196190208577596,student_t,3
1616,0.29043495634551625,student_t,3
1617,0.7178362829165696,student_t,3
1618,1.606278181990794,student_t,3
1619,1.0021291098001,student_t,3
1620,2.5521916153640856,student_t,3
1621,1.5280969618041034,student_t,3
1622,0.9730838664712969,student_t,3
1623,-0.09422898968719495,student_t,3
1624,1.2565432605285145,student_t,3
1625,0.776798792067291,student_t,3
1626,0.8926371709290205,student_t,3
1627,0.4648804845103975,student_t,3
1628,-1.4845887945311054,student_t,3
1629,3.6407640603836557,student_t,3
1630,3.522930996786341,student_t,3
1631,3.6988934222758467,student_t,3
1632,2.269565130419808,student_t,3
1633,1.2930302007569434,student_t,3
1634,-0.7117671730020557,student_t,3
1635,-4.728878538340568,student_t,3
1636,-1.9348419209733019,student_t,3
1637,0.20334709235818993,student_t,3
1638,-8.52030438414013,student_t,3
1639,-6.22460981919333,student_t,3
1640,-2.9770487307716174,student_t,3
1641,-4.203773928955582,student_t,3
1642,-2.6237455501783553,student_t,3
1643,-2.5269002112454286,student_t,3
1644,-2.1318658413816296,student_t,3
1645,1.7444027855410627,student_t,3
1646,1.6971595799326817,student_t,3
1647,0.4375055495116549,student_t,3
1648,-1.9977630330789122,student_t,3
1649,-0.8179106763624823,student_t,3
1650,-1.2265243352160677,student_t,3
1651,-0.631678419470904,student_t,3
1652,-1.9458764053592168,student_t,3
1653,-0.8030010525336256,student_t,3
1654,-0.8093833007641051,student_t,3
1655,-1.1728870398174487,student_t,3
1656,1.781801780169252,student_t,3
1657,-0.026896219125126963,student_t,3
1658,1.4044596962492095,student_t,3
1659,-0.8810307558986098,student_t,3
1660,-0.23816831387139142,student_t,3
1661,-1.7199065320775073,student_t,3
1662,-1.5223485639003282,student_t,3
1663,-1.202263000993556,student_t,3
1664,-0.19217574928038506,student_t,3
1665,0.7774148331897236,student_t,3
1666,0.5126587033251783,student_t,3
1667,1.07996493442418,student_t,3
1668,-0.16168207273950586,student_t,3
1669,0.6201242540880564,student_t,3
1670,0.6880558352347415,student_t,3
1671,-0.2335303546762995,student_t,3
1672,-1.355619701327329,student_t,3
1673,-0.32752486591140895,student_t,3
1674,0.44812853804882935,student_t,3
1675,0.04859877150465153,student_t,3
1676,0.8365279832816994,student_t,3
1677,0.3027484261057078,student_t,3
1678,0.3619516342101452,student_t,3
1679,0.7476532206657949,student_t,3
1680,0.3318610305038889,student_t,3
1681,-0.5178501177696396,student_t,3
1682,0.9045014615911163,student_t,3
1683,-0.4616043043670919,student_t,3
1684,0.5043635351251659,student_t,3
1685,2.0872783351849185,student_t,3
1686,1.8910419748951752,student_t,3
1687,0.9491107190522426,student_t,3
1688,-0.6676805475635469,student_t,3
1689,0.9997217484988419,student_t,3
1690,-0.34511982569134714,student_t,3
1691,-2.373078953968129,student_t,3
1692,-1.3428468979992867,student_t,3
1693,-0.6869139200766827,student_t,3
1694,8.023509663860501,student_t,3
1695,6.49584735745915,student_t,3
1696,4.3926915233039745,student_t,3
1697,4.978064558975177,student_t,3
1698,10.35474736959915,student_t,3
1699,8.888246950761573,student_t,3
1700,7.303478168248104,student_t,3
1701,4.7998389809663,student_t,3
1702,4.305445990053527,student_t,3
1703,2.741120851526251,student_t,3
1704,1.5500480792035711,student_t,3
1705,1.783264908328544,student_t,3
1706,-0.4123394033850347,student_t,3
1707,0.3357589018618484,student_t,3
1708,0.23460522471199696,student_t,3
1709,0.021629937181399356,student_t,3
1710,-1.7755585929190993,student_t,3
1711,0.3225726706496228,student_t,3
1712,0.11600135529360175,student_t,3
1713,-0.47571891987146186,student_t,3
1714,0.5147891869240193,student_t,3
1715,-0.5413807841126643,student_t,3
1716,-2.8449887871359687,student_t,3
1717,-0.7909676523792191,student_t,3
1718,1.2746341936372687,student_t,3
1719,-0.4508455016278625,student_t,3
1720,-0.2644918282925722,student_t,3
1721,-0.9372954644713701,student_t,3
1722,-0.7997192826267635,student_t,3
1723,0.22902778466111495,student_t,3
1724,3.0098715637396802,student_t,3
1725,4.632176052347024,student_t,3
1726,0.1373416684870543,student_t,3
1727,0.8703240522656192,student_t,3
1728,0.10024734214860154,student_t,3
1729,-2.0728917456171225,student_t,3
1730,-1.0595321250620084,student_t,3
1731,-0.6072084011758156,student_t,3
1732,-1.2942904585599528,student_t,3
1733,-1.540693354862895,student_t,3
1734,4.948665906021095,student_t,3
1735,2.944257741968709,student_t,3
1736,1.7309288129544718,student_t,3
1737,1.5204449004035125,student_t,3
1738,1.6081461357507938,student_t,3
1739,1.610397401158163,student_t,3
1740,1.4426837486154556,student_t,3
1741,-1.3986453741743616,student_t,3
1742,-2.47534982146079,student_t,3
1743,-1.204032596683304,student_t,3
1744,-0.7940298806448282,student_t,3
1745,-0.6784255999322002,student_t,3
1746,-0.9964979231965532,student_t,3
1747,-1.2751274301528293,student_t,3
1748,-3.2917158496908994,student_t,3
1749,-1.6885171009664508,student_t,3
1750,-2.145455944230606,student_t,3
1751,-1.330765959278943,student_t,3
1752,0.3099089982137776,student_t,3
1753,0.24898051381642866,student_t,3
1754,0.9801395782765988,student_t,3
1755,0.3530685844052604,student_t,3
1756,-0.001583671196952019,student_t,3
1757,-0.45663717977284873,student_t,3
1758,9.395663571961522,student_t,3
1759,4.520401987766213,student_t,3
1760,3.8472393797608286,student_t,3
1761,2.030722601438086,student_t,3
1762,-1.4848286476091037,student_t,3
1763,-0.620637826247467,student_t,3
1764,-0.16468762327586356,student_t,3
1765,0.19865552536870568,student_t,3
1766,0.2853684632338852,student_t,3
1767,0.3116071290020626,student_t,3
1768,1.6758944584365603,student_t,3
1769,2.363101230151445,student_t,3
1770,1.6900772068988432,student_t,3
1771,3.5002975317305474,student_t,3
1772,0.3167131851086835,student_t,3
1773,0.27248988015266756,student_t,3
1774,4.384050211893,student_t,3
1775,2.3356511832127764,student_t,3
1776,0.6145157939268515,student_t,3
1777,-0.4516969705726962,student_t,3
1778,-1.1281869326716203,student_t,3
1779,-0.4255701395087056,student_t,3
1780,1.7249167448536586,student_t,3
1781,0.74616739401483,student_t,3
1782,-0.5737783562111894,student_t,3
1783,-0.3895513654357318,student_t,3
1784,-5.014949538395877,student_t,3
1785,-3.116389403993119,student_t,3
1786,-2.8550214793946393,student_t,3
1787,-1.420620902898652,student_t,3
1788,-0.9223061678123595,student_t,3
1789,-0.7862954121427563,student_t,3
1790,-0.9372522092735478,student_t,3
1791,-1.6511989428191702,student_t,3
1792,-1.9705711802687897,student_t,3
1793,-0.6101936506417641,student_t,3
1794,1.1096065403926931,student_t,3
1795,1.2199419635306428,student_t,3
1796,-0.9701174597012893,student_t,3
1797,0.382546847514166,student_t,3
1798,-0.3927043956169862,student_t,3
1799,-1.1248180664944405,student_t,3
1800,-0.4858117205203554,student_t,3
1801,-4.97234107296033,student_t,3
1802,-3.9686548237705477,student_t,3
1803,-1.9682231542986262,student_t,3
1804,-1.8846229942259969,student_t,3
1805,-4.177798375346359,student_t,3
1806,-1.4009075944461675,student_t,3
1807,-1.3351792827453597,student_t,3
1808,-0.8936919365268707,student_t,3
1809,-0.01837785998950059,student_t,3
1810,0.08601963181129976,student_t,3
1811,-0.42199439126066346,student_t,3
1812,-2.345591745880404,student_t,3
1813,0.6336486729446418,student_t,3
1814,1.9753467124734443,student_t,3
1815,0.2755521929547593,student_t,3
1816,1.4007128582075965,student_t,3
1817,-0.14729566756478862,student_t,3
1818,-1.1261046684284914,student_t,3
1819,-1.2045033624521202,student_t,3
1820,-2.5819001606508305,student_t,3
1821,-2.5677657916646863,student_t,3
1822,-0.5948850057924884,student_t,3
1823,-0.5279068065333514,student_t,3
1824,-0.05434759651087667,student_t,3
1825,-0.7744100395455826,student_t,3
1826,-1.227467513787142,student_t,3
1827,-0.9041487118855682,student_t,3
1828,-0.8842275739328598,student_t,3
1829,-0.655049500131925,student_t,3
1830,-0.5446821019667448,student_t,3
1831,-0.9384077434214138,student_t,3
1832,-0.982325623415034,student_t,3
1833,-0.8354812950787885,student_t,3
1834,-1.361847337017969,student_t,3
1835,0.8647270103049126,student_t,3
1836,2.291720389803168,student_t,3
1837,0.8359602191273072,student_t,3
1838,0.4810397991687762,student_t,3
1839,-0.06445030299816984,student_t,3
1840,-0.4607733483069542,student_t,3
1841,-1.212842915719455,student_t,3
1842,-0.675340793148044,student_t,3
1843,0.055349697805561204,student_t,3
1844,2.2658465912677954,student_t,3
1845,2.509252233807894,student_t,3
1846,-0.13045271172133255,student_t,3
1847,1.8293874039628837,student_t,3
1848,1.894158706452915,student_t,3
1849,0.33546189229778667,student_t,3
1850,-1.1904702022312348,student_t,3
1851,-1.0171370638012347,student_t,3
1852,-3.8802372731066983,student_t,3
1853,-5.727278263076517,student_t,3
1854,-2.849012118227148,student_t,3
1855,-2.6043537273572657,student_t,3
1856,-2.44409130006113,student_t,3
1857,-1.1169388762122119,student_t,3
1858,-1.012029045837238,student_t,3
1859,1.1839785249598376,student_t,3
1860,3.0189258720097945,student_t,3
1861,3.736551700051775,student_t,3
1862,2.6596692337328243,student_t,3
1863,0.9947482856918539,student_t,3
1864,1.7606268475775912,student_t,3
1865,2.225637907179046,student_t,3
1866,2.0160059218079645,student_t,3
1867,0.9520023028575766,student_t,3
1868,0.918731206587658,student_t,3
1869,-0.9044095847514958,student_t,3
1870,-3.2625688080751187,student_t,3
1871,-1.6036904066653563,student_t,3
1872,0.403291466479224,student_t,3
1873,0.025853117293025696,student_t,3
1874,-1.950422827832825,student_t,3
1875,-0.891579529549525,student_t,3
1876,-0.625545166028593,student_t,3
1877,0.40892868471497157,student_t,3
1878,0.921001364037123,student_t,3
1879,7.046939668459392,student_t,3
1880,5.213662345012832,student_t,3
1881,5.227756485538627,student_t,3
1882,2.7592832075195126,student_t,3
1883,1.1318548255814176,student_t,3
1884,0.1651337510984835,student_t,3
1885,-0.24543454310681762,student_t,3
1886,0.37799922436374556,student_t,3
1887,-0.6131656864492856,student_t,3
1888,-0.5141729061728098,student_t,3
1889,-3.1355745172302236,student_t,3
1890,-2.2788833040820893,student_t,3
1891,-1.1410248766509645,student_t,3
1892,-1.2128334249154293,student_t,3
1893,-0.32238417030835687,student_t,3
1894,-2.000213359950878,student_t,3
1895,-1.8981862075794274,student_t,3
1896,-1.407615152187879,student_t,3
1897,-1.7493631880992537,student_t,3
1898,-0.9766556175153833,student_t,3
1899,-1.9206049383512562,student_t,3
1900,-1.8153642748555914,student_t,3
1901,-0.808705662361945,student_t,3
1902,0.4599277962464795,student_t,3
1903,-1.6832557182975834,student_t,3
1904,3.7623860317159092,student_t,3
1905,2.8340165578301533,student_t,3
1906,2.117069910993232,student_t,3
1907,1.4695825516460848,student_t,3
1908,-0.6991580363178247,student_t,3
1909,-2.109230476679352,student_t,3
1910,-0.5717754012464104,student_t,3
1911,-0.09425730355198403,student_t,3
1912,0.6359152092350591,student_t,3
1913,0.45458723821884983,student_t,3
1914,1.2832422268507075,student_t,3
1915,-0.06335615100415948,student_t,3
1916,0.8347998361735836,student_t,3
1917,1.9096065152478594,student_t,3
1918,1.36518593077348,student_t,3
1919,-1.5390358127783772,student_t,3
1920,0.3651576199267099,student_t,3
1921,0.296289147180224,student_t,3
1922,0.05868315452720868,student_t,3
1923,0.9496942884726344,student_t,3
1924,0.2864024977538336,student_t,3
1925,-0.27407376020820107,student_t,3
1926,-0.04838428067014777,student_t,3
1927,4.713856076230597,student_t,3
1928,2.8750529254953046,student_t,3
1929,1.450338165623751,student_t,3
1930,-0.1262563929036835,student_t,3
1931,-0.6932617963268208,student_t,3
1932,-1.7223721484093812,student_t,3
1933,-0.7655664633037087,student_t,3
1934,-1.637541761537951,student_t,3
1935,-0.4065962922930214,student_t,3
1936,-2.4649827239356172,student_t,3
1937,-1.3815120554771019,student_t,3
1938,-1.1084707917353278,student_t,3
1939,0.11506404627528477,student_t,3
1940,-1.64742034080511,student_t,3
1941,0.7905205876655712,student_t,3
1942,1.5516140487985055,student_t,3
1943,4.94316065656319,student_t,3
1944,3.6374891653466284,student_t,3
1945,2.473776612232684,student_t,3
1946,3.8667382236884817,student_t,3
1947,3.318922470937771,student_t,3
1948,0.1555111543738681,student_t,3
1949,0.6811846129284208,student_t,3
1950,-0.6716153451603595,student_t,3
1951,-0.9176234289645904,student_t,3
1952,-0.6208910265895665,student_t,3
1953,-0.6833771336335073,student_t,3
1954,-3.212278436443318,student_t,3
1955,-1.904880112174622,student_t,3
1956,-2.306221641153285,student_t,3
1957,-2.6325408187160626,student_t,3
1958,-1.6366179122118651,student_t,3
1959,2.580822345271227,student_t,3
1960,2.694808626753169,student_t,3
1961,-0.6409153791546984,student_t,3
1962,0.6784216056748482,student_t,3
1963,0.09462182963276455,student_t,3
1964,-3.2843871208443542,student_t,3
1965,-2.060747080276927,student_t,3
1966,-0.5474274097782411,student_t,3
1967,0.0701258309482855,student_t,3
1968,1.922353298402279,student_t,3
1969,4.091693332423603,student_t,3
1970,1.4859086074391674,student_t,3
1971,0.8559293805484289,student_t,3
1972,1.164369673461108,student_t,3
1973,2.644834784957551,student_t,3
1974,1.2536079893566006,student_t,3
1975,1.5267898094946042,student_t,3
1976,-0.3502157763613869,student_t,3
1977,-1.010538954862281,student_t,3
1978,-0.46975552913668484,student_t,3
1979,-4.355049957383696,student_t,3
1980,-2.8032073480423727,student_t,3
1981,-1.99361586459519,student_t,3
1982,-2.3601908248955574,student_t,3
1983,-2.3214462494311583,student_t,3
1984,-2.640685357794452,student_t,3
1985,-1.5422210227741466,student_t,3
1986,-1.2082771516975463,student_t,3
1987,-0.6353376480578604,student_t,3
1988,-0.7132251942692471,student_t,3
1989,-1.043961604718652,student_t,3
1990,-1.8501861502257315,student_t,3
1991,-1.6414079656980642,student_t,3
1992,-1.1119722103955052,student_t,3
1993,-1.6573142619460914,student_t,3
1994,-0.3624859753285009,student_t,3
1995,-0.08706549713924336,student_t,3
1996,-0.13640537760069857,student_t,3
1997,-3.946621445014913,student_t,3
1998,-1.1064454354127382,student_t,3
1999,-0.8530923090686425,student_t,3
2000,-1.5538265039850558,student_t,3
2001,-2.2936267774030767,student_t,3
2002,-2.260094781942222,student_t,3
2003,-0.30527142947727026,student_t,3
2004,-2.862385226809322,student_t,3
2005,-1.6954601530177629,student_t,3
2006,-1.6869137357439263,student_t,3
2007,-2.168918919576816,student_t,3
2008,-1.8560669412140922,student_t,3
2009,-0.9892527844632867,student_t,3
2010,0.027395399025919698,student_t,3
2011,-0.9231286863811912,student_t,3
2012,-0.8106059013860449,student_t,3
2013,-1.468350863335882,student_t,3
2014,-2.720738357138907,student_t,3
2015,-2.1794024463433814,student_t,3
2016,0.7044124808619578,student_t,3
2017,1.4656991013565626,student_t,3
2018,0.9703582797420256,student_t,3
2019,0.5415037568229664,student_t,3
2020,0.9228957643449721,student_t,3
2021,0.514877636752813,student_t,3
2022,-0.2551777826169357,student_t,3
2023,-0.16589056131906432,student_t,3
2024,-3.020860091011923,student_t,3
2025,0.022988349310024248,student_t,3
2026,1.3952858862966573,student_t,3
2027,0.4823981344048226,student_t,3
2028,-0.37349087466147546,student_t,3
2029,2.46990341917974,student_t,3
2030,2.698087129302394,student_t,3
2031,0.201527226546383,student_t,3
2032,-1.7130126846435234,student_t,3
2033,-1.2574749436434864,student_t,3
2034,-1.5697096876067058,student_t,3
2035,-2.2506918787531562,student_t,3
2036,-2.337514116906332,student_t,3
2037,-1.681815249187216,student_t,3
2038,-1.925666792910819,student_t,3
2039,0.7989601941828912,student_t,3
2040,-0.35042897370547443,student_t,3
2041,-0.12588899436006235,student_t,3
2042,-0.7990356110314771,student_t,3
2043,-0.7861677851984354,student_t,3
2044,1.0480570415561294,student_t,3
2045,2.9175751822531684,student_t,3
2046,5.831331524891687,student_t,3
2047,4.150123350085414,student_t,3
2048,2.749726984684541,student_t,3
2049,-1.5950248721816214,student_t,3
2050,-3.3017056243135765,student_t,3
2051,-3.1412138638142295,student_t,3
2052,-1.3099802436896915,student_t,3
2053,-0.9878154216396192,student_t,3
2054,-1.8913328234415012,student_t,3
2055,-0.3023936768056734,student_t,3
2056,1.994115399659783,student_t,3
2057,1.5668572555024807,student_t,3
2058,1.4250982331928452,student_t,3
2059,0.5018062555600169,student_t,3
2060,0.6921668702310633,student_t,3
2061,-2.063254699098265,student_t,3
2062,-0.5876335590591797,student_t,3
2063,1.2863833098254598,student_t,3
2064,1.7300116989286503,student_t,3
2065,0.10761559660996078,student_t,3
2066,-1.9612466688325696,student_t,3
2067,0.542515218554934,student_t,3
2068,-0.7921338505065356,student_t,3
2069,-0.6991500807552189,student_t,3
2070,-1.355859937548297,student_t,3
2071,-1.2048518118241043,student_t,3
2072,-1.6907262280291642,student_t,3
2073,-1.896540357908846,student_t,3
2074,-1.7874640458467195,student_t,3
2075,-0.4780983941946131,student_t,3
2076,-1.8355814021115797,student_t,3
2077,-0.8239601510081406,student_t,3
2078,1.4168788592821704,student_t,3
2079,1.135527268392751,student_t,3
2080,1.4498373163025369,student_t,3
2081,0.7026442749004713,student_t,3
2082,0.55403693225551,student_t,3
2083,-1.3817065968017588,student_t,3
2084,-3.3241363639282455,student_t,3
2085,-1.0502223515167124,student_t,3
2086,-2.023904590847863,student_t,3
2087,-0.6757715317971223,student_t,3
2088,1.1621311716680545,student_t,3
2089,-0.07673196415596184,student_t,3
2090,-0.20546044906142447,student_t,3
2091,-0.9189403110474199,student_t,3
2092,1.1972714243647329,student_t,3
2093,-1.8152224496618756,student_t,3
2094,-0.5065408838181565,student_t,3
2095,-0.40392460905561234,student_t,3
2096,0.9709323972760142,student_t,3
2097,-1.5487910991125413,student_t,3
2098,1.0107790795618803,student_t,3
2099,0.9095930898079561,student_t,3
2100,0.31992040889000173,student_t,3
2101,0.3534856888043554,student_t,3
2102,1.4983688165948608,student_t,3
2103,3.6337010938720136,student_t,3
2104,1.5252981756795378,student_t,3
2105,0.952667564380281,student_t,3
2106,-3.120076274621168,student_t,3
2107,-3.1835688923493937,student_t,3
2108,-0.8149354105647746,student_t,3
2109,-2.240000335919168,student_t,3
2110,0.06713839519854026,student_t,3
2111,0.07478653934808727,student_t,3
2112,-0.016128361261398244,student_t,3
2113,-0.0019653233690237783,student_t,3
2114,0.7658765516757307,student_t,3
2115,0.26132144811015573,student_t,3
2116,0.27937849140904464,student_t,3
2117,-2.274052018945435,student_t,3
2118,-1.8237620349911539,student_t,3
2119,-3.084102591385405,student_t,3
2120,-2.0781628332267514,student_t,3
2121,-0.09366956985460684,student_t,3
2122,-0.9999487066271479,student_t,3
2123,-0.11177612369033318,student_t,3
2124,-0.27844523859629045,student_t,3
2125,-0.6984755796366018,student_t,3
2126,-1.465919351506544,student_t,3
2127,-1.6999148770449686,student_t,3
2128,-1.18676677604702,student_t,3
2129,-1.1038128596539036,student_t,3
2130,2.266895557242548,student_t,3
2131,0.19344820515205208,student_t,3
2132,2.7942472674418983,student_t,3
2133,4.341072204599403,student_t,3
2134,2.8034500624875323,student_t,3
2135,2.239795090883185,student_t,3
2136,3.6850293840882817,student_t,3
2137,1.359549848680607,student_t,3
2138,0.47362231417610434,student_t,3
2139,-0.3024179859436121,student_t,3
2140,1.1084610255333367,student_t,3
2141,0.9887564875605295,student_t,3
2142,1.1960381329389935,student_t,3
2143,0.2956460731792653,student_t,3
2144,-2.976473908194868,student_t,3
2145,-2.0016896071044936,student_t,3
2146,-0.2557478311360917,student_t,3
2147,1.4538146967449386,student_t,3
2148,1.6468530941579629,student_t,3
2149,0.993176945102505,student_t,3
2150,-0.996429102869935,student_t,3
2151,-2.092650381621693,student_t,3
2152,16.356540158119582,student_t,3
2153,13.90262133853719,student_t,3
2154,10.577481429885932,student_t,3
2155,11.828621843647177,student_t,3
2156,6.899646679759806,student_t,3
2157,3.01487138220238,student_t,3
2158,1.107763194151834,student_t,3
2159,-0.31935888940643475,student_t,3
2160,-1.0819852817489601,student_t,3
2161,-0.5130306864085304,student_t,3
2162,0.24877227662701035,student_t,3
2163,3.682960593337041,student_t,3
2164,-3.4346903173008294,student_t,3
2165,-2.467180099398865,student_t,3
2166,-2.005390428614937,student_t,3
2167,-0.25428259827153665,student_t,3
2168,0.33705807658147996,student_t,3
2169,1.2394208946550922,student_t,3
2170,-0.9062139762930372,student_t,3
2171,-0.0942357480033662,student_t,3
2172,-0.3401393269569663,student_t,3
2173,0.39827992549062646,student_t,3
2174,-1.2418515821570077,student_t,3
2175,-4.17965194141254,student_t,3
2176,-6.77523972343521,student_t,3
2177,-2.548616075925954,student_t,3
2178,-2.5170055621977236,student_t,3
2179,-1.0768354619651812,student_t,3
2180,-1.199594451237256,student_t,3
2181,2.248790963350016,student_t,3
2182,3.6004539963739948,student_t,3
2183,4.407625215567254,student_t,3
2184,3.606603485155993,student_t,3
2185,0.20098429155673125,student_t,3
2186,0.2569519981639188,student_t,3
2187,0.17919987133054427,student_t,3
2188,0.23767711570200775,student_t,3
2189,0.2566368248330393,student_t,3
2190,-0.6060307819438827,student_t,3
2191,-0.47506007727886423,student_t,3
2192,1.292975046552496,student_t,3
2193,2.3063088781738528,student_t,3
2194,0.9556588808273628,student_t,3
2195,1.317050856846803,student_t,3
2196,0.6523551868125126,student_t,3
2197,0.4258419040593015,student_t,3
2198,2.0453591505067696,student_t,3
2199,1.338752133377815,student_t,3
2200,-0.5795489620398068,student_t,3
2201,1.1897385401326162,student_t,3
2202,-0.5204425085660574,student_t,3
2203,-0.7770355393075554,student_t,3
2204,-0.21021424956181095,student_t,3
2205,-1.7413428244400158,student_t,3
2206,-0.6537196145896166,student_t,3
2207,0.33162894773027507,student_t,3
2208,-1.0815047668957187,student_t,3
2209,1.6150126077437768,student_t,3
2210,0.7461842867883104,student_t,3
2211,1.6146605972533048,student_t,3
2212,2.413125056192056,student_t,3
2213,2.6694848542409337,student_t,3
2214,-4.066107827440592,student_t,3
2215,0.5891172431694205,student_t,3
2216,1.3983173773257642,student_t,3
2217,0.2255408731958819,student_t,3
2218,0.8728891529264908,student_t,3
2219,0.6870496419971779,student_t,3
2220,-0.12018494127208978,student_t,3
2221,-1.8629897571863139,student_t,3
2222,-4.855046787607889,student_t,3
2223,-4.132572320819991,student_t,3
2224,-4.089438415419248,student_t,3
2225,-2.6634930758855084,student_t,3
2226,-0.21339706542315473,student_t,3
2227,0.7884989484028866,student_t,3
2228,0.3148649849954346,student_t,3
2229,0.5329495398069447,student_t,3
2230,0.3405672503056804,student_t,3
2231,-1.3777635665627492,student_t,3
2232,-5.711877834836644,student_t,3
2233,-2.208843429720878,student_t,3
2234,0.6371671843955704,student_t,3
2235,0.7526703326853492,student_t,3
2236,-0.03977416981881976,student_t,3
2237,0.9950174897636244,student_t,3
2238,0.8112056115310888,student_t,3
2239,-1.1315336132386662,student_t,3
2240,-2.8233271896052767,student_t,3
2241,-2.198131477821629,student_t,3
2242,-0.9816061447454625,student_t,3
2243,-0.87756810290893,student_t,3
2244,-1.6449196920175553,student_t,3
2245,-0.6639859112379576,student_t,3
2246,9.900720108216337,student_t,3
2247,6.2863587175224716,student_t,3
2248,4.3858708573187775,student_t,3
2249,4.811854768186732,student_t,3
2250,6.136827642777444,student_t,3
2251,5.249105635654155,student_t,3
2252,3.0073759024274938,student_t,3
2253,0.840297202861455,student_t,3
2254,0.5245093046142633,student_t,3
2255,1.2978216943036909,student_t,3
2256,1.9166758016906984,student_t,3
2257,0.4818753170551914,student_t,3
2258,2.2509967516200224,student_t,3
2259,1.485902199684213,student_t,3
2260,1.6787371313223898,student_t,3
2261,1.577383285886934,student_t,3
2262,-0.29517834515888963,student_t,3
2263,-0.5138831860392,student_t,3
2264,3.898459439041771,student_t,3
2265,0.7663221391091675,student_t,3
2266,1.1648693760818871,student_t,3
2267,-0.6332267169719048,student_t,3
2268,-4.7188843378327325,student_t,3
2269,-3.4380083860708455,student_t,3
2270,-3.746648375114402,student_t,3
2271,-1.2342625076145297,student_t,3
2272,-0.4852152325884958,student_t,3
2273,-0.021370572285117073,student_t,3
2274,-0.012576751831983675,student_t,3
2275,3.1090578046050314,student_t,3
2276,3.7821741219720937,student_t,3
2277,3.572964500810288,student_t,3
2278,2.076277321500809,student_t,3
2279,1.1199878179004568,student_t,3
2280,1.6879792809150174,student_t,3
2281,-0.0483081872290283,student_t,3
2282,-1.694082370493159,student_t,3
2283,-0.7838654498907689,student_t,3
2284,0.2813685208287867,student_t,3
2285,-0.7021916809476979,student_t,3
2286,-1.4379735303374985,student_t,3
2287,-0.32598878818184995,student_t,3
2288,1.995636706169414,student_t,3
2289,1.4201897756317772,student_t,3
2290,1.3576973607772607,student_t,3
2291,-0.04503449961203965,student_t,3
2292,-0.7728678980400625,student_t,3
2293,0.9473484302770211,student_t,3
2294,0.23308164332586073,student_t,3
2295,-1.2537682706444129,student_t,3
2296,-1.0165867039886007,student_t,3
2297,-3.6584682605564254,student_t,3
2298,-1.1240209848244775,student_t,3
2299,-0.43062131857336144,student_t,3
2300,-0.8120387558635903,student_t,3
2301,-0.07270662294824504,student_t,3
2302,-0.5058333805985737,student_t,3
2303,1.3083871593001044,student_t,3
2304,-0.5924156067639776,student_t,3
2305,-2.8203627744153463,student_t,3
2306,-1.0737919372604239,student_t,3
2307,-0.8332621765543733,student_t,3
2308,-0.29405011560738714,student_t,3
2309,1.6680945336848558,student_t,3
2310,8.877801973399258,student_t,3
2311,6.290026497370773,student_t,3
2312,6.148677165406726,student_t,3
2313,6.162353732462838,student_t,3
2314,4.798580761234176,student_t,3
2315,3.169436409579007,student_t,3
2316,0.5580956756947493,student_t,3
2317,0.06889656741297917,student_t,3
2318,1.498545787840493,student_t,3
2319,0.6278691814945747,student_t,3
2320,-0.8735370091012864,student_t,3
2321,-0.31060858995077584,student_t,3
2322,0.41782450352154765,student_t,3
2323,0.24063789635115035,student_t,3
2324,-1.0554083123464557,student_t,3
2325,-0.4782274725964079,student_t,3
2326,-1.9867729827968144,student_t,3
2327,-4.0370113824089096,student_t,3
2328,-0.7899041348720459,student_t,3
2329,-1.7938415854362384,student_t,3
2330,0.7480949791555891,student_t,3
2331,1.681086289222991,student_t,3
2332,3.327674379993512,student_t,3
2333,3.1297323676177435,student_t,3
2334,1.7687596166815227,student_t,3
2335,0.8262672700157063,student_t,3
2336,0.6757942060787478,student_t,3
2337,0.7366503142566534,student_t,3
2338,1.6278624450573786,student_t,3
2339,9.196388636605095,student_t,3
2340,5.999590081609106,student_t,3
2341,3.7983488066098183,student_t,3
2342,2.913056671151469,student_t,3
2343,4.0446675038094995,student_t,3
2344,1.5672015344783645,student_t,3
2345,3.0274518315258696,student_t,3
2346,4.218736251884504,student_t,3
2347,3.8208378713977478,student_t,3
2348,0.772177034840392,student_t,3
2349,-0.5318046253925134,student_t,3
2350,-0.6195855185507159,student_t,3
2351,-2.431009127784308,student_t,3
2352,-2.313699747670326,student_t,3
2353,-1.1887845254176208,student_t,3
2354,-0.5599395809986398,student_t,3
2355,-1.179169260215303,student_t,3
2356,-0.7608514397695303,student_t,3
2357,-1.1162687860083942,student_t,3
2358,-0.34633058427298613,student_t,3
2359,1.0376844386563753,student_t,3
2360,0.9217702397741072,student_t,3
2361,0.8990884995479151,student_t,3
2362,-0.3645170987831109,student_t,3
2363,-0.4843611256890229,student_t,3
2364,-0.3543829702036744,student_t,3
2365,-0.032336163681355945,student_t,3
2366,1.2516352927001682,student_t,3
2367,0.985745854019212,student_t,3
2368,1.4093237458790964,student_t,3
2369,1.2593597698498036,student_t,3
2370,0.8907925541314222,student_t,3
2371,0.14389259212927974,student_t,3
2372,-1.181565652095298,student_t,3
2373,-2.6766438971319064,student_t,3
2374,-3.85459978770995,student_t,3
2375,-3.316551866964489,student_t,3
2376,-3.247414510754365,student_t,3
2377,-2.1011147260678884,student_t,3
2378,-2.089662168151104,student_t,3
2379,-1.813531240398609,student_t,3
2380,-4.822640600533619,student_t,3
2381,-1.8142110306307468,student_t,3
2382,-1.4049103609171114,student_t,3
2383,-1.8661666505049328,student_t,3
2384,-0.7904545185133199,student_t,3
2385,-0.20239639137271276,student_t,3
2386,-0.9802865448643808,student_t,3
2387,-0.9644809037394972,student_t,3
2388,-1.6548155803778652,student_t,3
2389,-4.854784577042787,student_t,3
2390,-3.1900428364994577,student_t,3
2391,-3.6460364061475072,student_t,3
2392,-2.550226171117586,student_t,3
2393,-0.4755383873136041,student_t,3
2394,-3.4962919005622703,student_t,3
2395,-2.7307634182158127,student_t,3
2396,-1.3445496260996244,student_t,3
2397,0.5023009502352626,student_t,3
2398,-0.415010446007853,student_t,3
2399,-0.5835896299838064,student_t,3
2400,0.6148003838779632,student_t,3
2401,-0.2713357529431282,student_t,3
2402,0.8323654260398569,student_t,3
2403,0.4201031226627206,student_t,3
2404,0.2652648777754292,student_t,3
2405,-0.2070425091053763,student_t,3
2406,-0.42501598598620216,student_t,3
2407,1.9497999976382425,student_t,3
2408,0.5392803575755124,student_t,3
2409,0.6420132548693873,student_t,3
2410,0.7194795717000988,student_t,3
2411,-4.212214782457684,student_t,3
2412,-3.179615040799772,student_t,3
2413,-1.2342656565881032,student_t,3
2414,-0.3447925712402171,student_t,3
2415,-0.13892389845771363,student_t,3
2416,-0.4386756991814298,student_t,3
2417,-0.15605207487719844,student_t,3
2418,0.6139545265199251,student_t,3
2419,-1.9892598990241865,student_t,3
2420,-1.5413435582318804,student_t,3
2421,-2.175218150460364,student_t,3
2422,-0.7316238915095031,student_t,3
2423,4.018969731505096,student_t,3
2424,3.9051470764600698,student_t,3
2425,-1.5893894407595188,student_t,3
2426,-0.4751950641406286,student_t,3
2427,-0.6724360295731607,student_t,3
2428,-1.122552842258791,student_t,3
2429,-2.381327491015921,student_t,3
2430,2.7998599323370885,student_t,3
2431,1.5590550435498587,student_t,3
2432,1.1739829649587912,student_t,3
2433,0.9379483534919529,student_t,3
2434,0.3659538001803611,student_t,3
2435,1.24068084518598,student_t,3
2436,1.4641847094155835,student_t,3
2437,2.9986374746280156,student_t,3
2438,3.6152700562591384,student_t,3
2439,2.405652975230394,student_t,3
2440,-0.988330649408949,student_t,3
2441,-0.5149133347422943,student_t,3
2442,-2.970734787708974,student_t,3
2443,-1.8462265496789367,student_t,3
2444,-2.0183713630688223,student_t,3
2445,-2.1076556941113584,student_t,3
2446,-0.3292802616622448,student_t,3
2447,0.7005456912930248,student_t,3
2448,-0.5081633521707972,student_t,3
2449,-0.8440414507063158,student_t,3
2450,-0.4425468712083692,student_t,3
2451,0.14892868847199142,student_t,3
2452,1.7560920790901502,student_t,3
2453,0.599203145841454,student_t,3
2454,-0.9340025123028596,student_t,3
2455,-1.238993812656543,student_t,3
2456,-1.1120040839573053,student_t,3
2457,0.20620068566636152,student_t,3
2458,0.4436542513010662,student_t,3
2459,0.2183271326315215,student_t,3
2460,0.5848505052972162,student_t,3
2461,-0.12690387275697096,student_t,3
2462,0.21637616728140951,student_t,3
2463,-0.8714540844137587,student_t,3
2464,0.8585786633227717,student_t,3
2465,0.2782931843610982,student_t,3
2466,-1.945256752688657,student_t,3
2467,-4.368627530136914,student_t,3
2468,-3.080371942221405,student_t,3
2469,-2.824656737042287,student_t,3
2470,-3.101976060803012,student_t,3
2471,-0.7966366783395478,student_t,3
2472,-0.3874893688711788,student_t,3
2473,-0.6463749070150091,student_t,3
2474,-1.1246621276933124,student_t,3
2475,0.0004043411234155858,student_t,3
2476,-5.888321321021705,student_t,3
2477,-4.546994169589706,student_t,3
2478,-3.435844143092803,student_t,3
2479,-2.1416053747433406,student_t,3
2480,-1.5920348826100634,student_t,3
2481,-0.6593619539299425,student_t,3
2482,-1.7027157296526245,student_t,3
2483,0.3905319590126419,student_t,3
2484,-0.6958824118904001,student_t,3
2485,-1.3963566252782562,student_t,3
2486,-1.8875116727681622,student_t,3
2487,1.0471955229563323,student_t,3
2488,-1.4796767356466478,student_t,3
2489,-1.3800454446208308,student_t,3
2490,-0.11827055318661628,student_t,3
2491,5.453480594802477,student_t,3
2492,3.644484143167514,student_t,3
2493,3.7090590583218788,student_t,3
2494,6.490326389373553,student_t,3
2495,3.83096436167259,student_t,3
2496,3.4217358236884214,student_t,3
2497,-0.3675551141824269,student_t,3
2498,-1.7911835420676843,student_t,3
2499,-0.49357791022171504,student_t,3
