timestamp,value,regime,true_variance
0,0.05480492078909139,0,0.25
1,0.8296040030831456,0,0.25
2,0.12610659973008098,0,0.25
3,-0.20754370915408754,0,0.25
4,-0.051478983489343516,0,0.25
5,-0.20097026733222007,0,0.25
6,-0.737061493343457,0,0.25
7,-0.6183813006342136,0,0.25
8,-0.6122813839445711,0,0.25
9,-0.12686116745645204,0,0.25
10,-0.9211970819553637,0,0.25
11,-0.9949274762137301,0,0.25
12,-0.12075372860602596,0,0.25
13,0.8441378935914378,0,0.25
14,-0.16469325333017648,0,0.25
15,0.20713847811526565,0,0.25
16,-0.345307007928625,0,0.25
17,-0.6701414829080825,0,0.25
18,-0.9050386296634845,0,0.25
19,-0.8447810053456363,0,0.25
20,-0.09312679028526433,0,0.25
21,0.2910218822385989,0,0.25
22,0.23328743917653913,0,0.25
23,-0.018354231817381328,0,0.25
24,-0.011203540805111892,0,0.25
25,-0.06080769959228994,0,0.25
26,0.35396127001638195,0,0.25
27,-0.06801292588464039,0,0.25
28,-0.050706502362127946,0,0.25
29,-0.08602835755811189,0,0.25
30,-0.0863739257166077,0,0.25
31,0.06414708128082841,0,0.25
32,0.14373300241782916,0,0.25
33,0.7680373888132713,0,0.25
34,0.49418836903047214,0,0.25
35,1.1266980050457758,0,0.25
36,0.6357620929487275,0,0.25
37,0.20616775642500296,0,0.25
38,0.19468652387392812,0,0.25
39,0.3139998028864257,0,0.25
40,0.35460606524384847,0,0.25
41,0.8942059373646755,0,0.25
42,1.1956156455679148,0,0.25
43,1.0841511509580843,0,0.25
44,0.5907376761023826,0,0.25
45,0.36320920011811364,0,0.25
46,0.9609454490435714,0,0.25
47,0.7832888757559997,0,0.25
48,-0.10708435366067304,0,0.25
49,-0.4197416635865616,0,0.25
50,-0.5825757811262972,0,0.25
51,0.1682993383994294,0,0.25
52,0.06422754446752667,0,0.25
53,1.175012667987404,0,0.25
54,1.1508186027213965,0,0.25
55,0.8679764345700748,0,0.25
56,0.3897315446848073,0,0.25
57,0.7589017361189513,0,0.25
58,0.41087564415123123,0,0.25
59,-0.12444877580269847,0,0.25
60,0.1969522158035551,0,0.25
61,0.14424570941557063,0,0.25
62,0.6955023595031714,0,0.25
63,0.4500549922777992,0,0.25
64,-1.1148054887168186,0,0.25
65,-0.38568064001178326,0,0.25
66,-1.2088468899818796,0,0.25
67,-0.07681475028279727,0,0.25
68,0.8569120440940762,0,0.25
69,0.38632273791344407,0,0.25
70,-0.3119250385182867,0,0.25
71,-0.9168845392969314,0,0.25
72,-0.20549186688193655,0,0.25
73,-0.24490339562759011,0,0.25
74,-0.47061234365038046,0,0.25
75,-0.45113849117839316,0,0.25
76,0.7284603999739824,0,0.25
77,0.683381943525661,0,0.25
78,0.8512308354841902,0,0.25
79,0.9843153804004388,0,0.25
80,1.1982313328742809,0,0.25
81,1.3694376523556864,0,0.25
82,0.6033731331509924,0,0.25
83,0.31476729199387443,0,0.25
84,-0.16004304990213197,0,0.25
85,-0.46761174908402753,0,0.25
86,0.24342564435851566,0,0.25
87,-0.08047982254628905,0,0.25
88,-0.09591155637397375,0,0.25
89,-0.41355126046469287,0,0.25
90,-0.5861872678468427,0,0.25
91,-0.016212115722950338,0,0.25
92,-0.23406347675536784,0,0.25
93,-0.404904527082367,0,0.25
94,-0.03665433848194194,0,0.25
95,0.22458562681115785,0,0.25
96,0.5534212474211275,0,0.25
97,0.47277709942757284,0,0.25
98,-0.5459264606392222,0,0.25
99,-0.06700028415270487,0,0.25
100,0.20226440844323568,0,0.25
101,0.6506538906925695,0,0.25
102,0.03222341504565829,0,0.25
103,1.2829602076094566,0,0.25
104,0.28187908792498284,0,0.25
105,0.5607919918923878,0,0.25
106,0.4155320063758166,0,0.25
107,0.047306081707474246,0,0.25
108,0.4411804377735517,0,0.25
109,0.16811124583565235,0,0.25
110,-1.0501330383869951,0,0.25
111,-1.318732351725983,0,0.25
112,-0.6942836104150283,0,0.25
113,0.632984278577615,0,0.25
114,-0.2975406057336743,0,0.25
115,-0.21675108287741826,0,0.25
116,0.5736410137450949,0,0.25
117,0.7049838691924929,0,0.25
118,0.30567828639546,0,0.25
119,-0.4969874740724011,0,0.25
120,-1.238466880854191,0,0.25
121,-1.240879710254474,0,0.25
122,-1.0528205626706788,0,0.25
123,-1.8615334580912144,0,0.25
124,-2.1499109410849444,0,0.25
125,-1.353113426105341,0,0.25
126,-1.1516755672926269,0,0.25
127,-1.1835881923104647,0,0.25
128,-1.0322713172184166,0,0.25
129,-1.1289023026060439,0,0.25
130,-0.3264735078657448,0,0.25
131,0.5914455776033585,0,0.25
132,1.4508196686507306,0,0.25
133,1.3704726979524169,0,0.25
134,1.3329071846715406,0,0.25
135,1.6645827691067572,0,0.25
136,2.03443234549357,0,0.25
137,2.1567050840620694,0,0.25
138,2.1158352616156217,0,0.25
139,1.1637584333226283,0,0.25
140,0.014781651381719718,0,0.25
141,0.4489235620605753,0,0.25
142,0.2673302691093812,0,0.25
143,0.15929567103260986,0,0.25
144,-0.3332033973329914,0,0.25
145,-0.8837181039808654,0,0.25
146,0.0824806374013175,0,0.25
147,0.2902869430377698,0,0.25
148,-0.32931544956456443,0,0.25
149,-0.035310510672751594,0,0.25
150,0.12808272863323783,0,0.25
151,0.35058265520143195,0,0.25
152,1.362043265513452,0,0.25
153,0.9360792352440871,0,0.25
154,0.015443873538565245,0,0.25
155,0.02908203222062223,0,0.25
156,-0.3028208702074671,0,0.25
157,0.06230930928305989,0,0.25
158,0.14888774451228642,0,0.25
159,0.2774722963965936,0,0.25
160,-0.08929497665598102,0,0.25
161,0.14433292051237137,0,0.25
162,-0.15409498367948304,0,0.25
163,0.15076318878246897,0,0.25
164,-0.04496833204434536,0,0.25
165,-0.5906810480717276,0,0.25
166,-0.1642149218409274,0,0.25
167,-0.4679973802573197,0,0.25
168,0.3943423855079467,0,0.25
169,0.49751780028753056,0,0.25
170,0.5821150675156546,0,0.25
171,0.45815294233198284,0,0.25
172,0.2910310691934812,0,0.25
173,-0.9896271237542518,0,0.25
174,-0.08165370818893503,0,0.25
175,-0.4641135996055321,0,0.25
176,0.15325140896651207,0,0.25
177,-0.21197929143369248,0,0.25
178,-0.2199487128321569,0,0.25
179,-0.2660590152687712,0,0.25
180,-0.7054889307428198,0,0.25
181,-0.5796967757396212,0,0.25
182,-0.16761465484432858,0,0.25
183,-0.3244193911849815,0,0.25
184,-0.8591352454012348,0,0.25
185,-0.8880024497877784,0,0.25
186,-0.4966930568908348,0,0.25
187,0.22591590098387387,0,0.25
188,0.5761131090748138,0,0.25
189,0.5469809988715842,0,0.25
190,-0.11491145024647498,0,0.25
191,0.3730067186104353,0,0.25
192,0.27321007522036744,0,0.25
193,0.07125618530873681,0,0.25
194,0.5049346116695205,0,0.25
195,0.6623766035883032,0,0.25
196,0.7134726444444744,0,0.25
197,-0.07634127152658476,0,0.25
198,-0.3586970903871811,0,0.25
199,-1.1030306670310384,0,0.25
200,-0.6749027780218781,0,0.25
201,-0.45831132037600586,0,0.25
202,0.14546232889528354,0,0.25
203,0.20784528961153653,0,0.25
204,-0.038480581547541526,0,0.25
205,1.0288077951033439,0,0.25
206,0.20537870945475556,0,0.25
207,-0.5243750579924416,0,0.25
208,-0.6723462194902268,0,0.25
209,-0.2082952224065165,0,0.25
210,-0.3204607184588889,0,0.25
211,-0.44469173424545594,0,0.25
212,-0.8719280144207434,0,0.25
213,0.12607275476560376,0,0.25
214,-0.22343519042724497,0,0.25
215,-0.6967556094221979,0,0.25
216,-0.5489939729426005,0,0.25
217,-0.7881673288352973,0,0.25
218,-0.6679952420923941,0,0.25
219,0.19997849884827495,0,0.25
220,-0.083243414152463,0,0.25
221,-0.08316473206249887,0,0.25
222,-0.24248770198417263,0,0.25
223,-0.2656111756147802,0,0.25
224,0.2239121371077651,0,0.25
225,0.4225553581221856,0,0.25
226,0.1249812327361754,0,0.25
227,-0.37796337734809227,0,0.25
228,-0.3316828612841499,0,0.25
229,0.1841188036132598,0,0.25
230,0.12020652805324464,0,0.25
231,0.020315458660479027,0,0.25
232,-0.8897374910456671,0,0.25
233,-0.12583175529612056,0,0.25
234,-0.8336466581164108,0,0.25
235,-1.2246064007124422,0,0.25
236,-1.045078185389184,0,0.25
237,-0.7142327918885327,0,0.25
238,-0.4774238752800408,0,0.25
239,-0.7160701591192009,0,0.25
240,-0.6578183649817564,0,0.25
241,-0.7639676232753398,0,0.25
242,-1.4395529507045788,0,0.25
243,-1.1354459366287286,0,0.25
244,-1.1417118290485169,0,0.25
245,-0.5895994015138784,0,0.25
246,-0.4853196743407448,0,0.25
247,0.1421768779025211,0,0.25
248,0.4476348086451172,0,0.25
249,0.7630470972395305,0,0.25
250,1.1383220046436509,0,0.25
251,1.1434522554067255,0,0.25
252,0.7172362731022192,0,0.25
253,1.178621946425046,0,0.25
254,0.3607221059889628,0,0.25
255,0.2347692307191933,0,0.25
256,0.5941614373848376,0,0.25
257,0.2721647013657824,0,0.25
258,0.547990264074766,0,0.25
259,-0.018133115555268475,0,0.25
260,-0.28293415988404474,0,0.25
261,0.07503480126536344,0,0.25
262,0.4084689911450812,0,0.25
263,0.8845055389425835,0,0.25
264,0.5841203647334736,0,0.25
265,0.5579978161765604,0,0.25
266,0.703694774964298,0,0.25
267,0.7263023716096418,0,0.25
268,-0.14289905574814477,0,0.25
269,-0.3850741638737027,0,0.25
270,0.45192309033680184,0,0.25
271,-0.30565140387519363,0,0.25
272,0.10048418301782694,0,0.25
273,-0.14245713502123322,0,0.25
274,0.40188478539417216,0,0.25
275,-0.10776945457089665,0,0.25
276,-0.05096630314327376,0,0.25
277,-1.0488773564495757,0,0.25
278,-0.7551823245778269,0,0.25
279,0.008643762465795457,0,0.25
280,-0.7443790664134962,0,0.25
281,0.07180687074642655,0,0.25
282,-0.3072758114664693,0,0.25
283,-0.24071233056450084,0,0.25
284,-1.5557903117805938,0,0.25
285,-0.5497391526199618,0,0.25
286,-0.8226603652961308,0,0.25
287,-0.8449169153048781,0,0.25
288,-1.2305496902184352,0,0.25
289,-1.3577695062300243,0,0.25
290,-0.37872471054372336,0,0.25
291,-0.5196435966102191,0,0.25
292,0.08374995176784916,0,0.25
293,-0.029476716852120534,0,0.25
294,0.15240803248133986,0,0.25
295,-0.146469441907429,0,0.25
296,0.11105340064674403,0,0.25
297,1.3720221732732112,0,0.25
298,1.2868620286799721,0,0.25
299,1.1537233160236184,0,0.25
300,0.5696309058933625,0,0.25
301,0.9041960039552073,0,0.25
302,1.3125376882148938,0,0.25
303,0.06773139844493237,0,0.25
304,-0.6427541359802698,0,0.25
305,0.6009604464186936,0,0.25
306,0.6336218962603126,0,0.25
307,0.508135441897172,0,0.25
308,0.6371760659283083,0,0.25
309,0.994405608326998,0,0.25
310,1.0964933512054054,0,0.25
311,0.6560037124514535,0,0.25
312,1.4910379307701098,0,0.25
313,1.0500383022463267,0,0.25
314,0.2976399130187997,0,0.25
315,-0.07019175119560361,0,0.25
316,-0.11528520106507237,0,0.25
317,-0.27031213334736104,0,0.25
318,-0.28311534644129205,0,0.25
319,-0.040447667398861964,0,0.25
320,-1.6702710909925322,0,0.25
321,-1.5585363900564033,0,0.25
322,-0.6158031190168178,0,0.25
323,-0.14956153262713195,0,0.25
324,-0.4450201055160885,0,0.25
325,-0.6237657690825142,0,0.25
326,0.1336119306890881,0,0.25
327,-0.030336120126669586,0,0.25
328,-0.2863379215376355,0,0.25
329,0.7274206570728325,0,0.25
330,0.3242583966149467,0,0.25
331,0.5691042857205132,0,0.25
332,0.3755378514751244,0,0.25
333,0.2882698209461048,0,0.25
334,-0.27182390335684486,0,0.25
335,-0.6037704415294737,0,0.25
336,0.20639749426759596,0,0.25
337,-0.424966883134149,0,0.25
338,-0.15879675947757843,0,0.25
339,-0.7083807138425721,0,0.25
340,-0.6160849171433019,0,0.25
341,-0.4498635749081984,0,0.25
342,-1.1297437018843617,0,0.25
343,-0.22338890364517006,0,0.25
344,-0.24827194831177243,0,0.25
345,0.4335785003838362,0,0.25
346,-0.16363434722652032,0,0.25
347,0.341387163442933,0,0.25
348,1.4060910619600135,0,0.25
349,1.0925297212096703,0,0.25
350,0.4412365661697285,0,0.25
351,0.5482186237273903,0,0.25
352,0.4541666129699713,0,0.25
353,0.21291732856809942,0,0.25
354,0.0887888079898938,0,0.25
355,-0.22726072566797498,0,0.25
356,0.05285128867824926,0,0.25
357,-0.15666977960022255,0,0.25
358,-0.5381029198801701,0,0.25
359,0.030984902620424748,0,0.25
360,-0.061218577225121834,0,0.25
361,1.2798237186393961,0,0.25
362,0.7711416647652388,0,0.25
363,0.18113021786710992,0,0.25
364,-0.14795751367471885,0,0.25
365,0.08197321572012779,0,0.25
366,-0.2912916518911445,0,0.25
367,-0.835554737906863,0,0.25
368,0.234717850862187,0,0.25
369,-0.4557698223514353,0,0.25
370,0.43778400835283976,0,0.25
371,0.3769770891319848,0,0.25
372,-0.2671650170517713,0,0.25
373,0.6461746888482901,0,0.25
374,0.3505954801834906,0,0.25
375,-0.25835692791070897,0,0.25
376,-0.14814506989741394,0,0.25
377,0.5395213202178344,0,0.25
378,0.7195365827620328,0,0.25
379,0.9167980059012224,0,0.25
380,1.518926766253304,0,0.25
381,1.1705307286418498,0,0.25
382,1.0072789027549955,0,0.25
383,0.5921031491780347,0,0.25
384,-0.3128747311273612,0,0.25
385,-0.2912796416798551,0,0.25
386,0.6045936535789986,0,0.25
387,-0.44231125655097414,0,0.25
388,0.36235518774480757,0,0.25
389,0.3844184183695264,0,0.25
390,-0.18616678410439236,0,0.25
391,-0.09758200349490373,0,0.25
392,0.8198536621277748,0,0.25
393,0.28733096930204416,0,0.25
394,0.5964284849599695,0,0.25
395,0.9832569263399155,0,0.25
396,0.23973284968425923,0,0.25
397,0.48416892575310355,0,0.25
398,0.6064958243380373,0,0.25
399,-0.5237577435891966,1,4.0
400,1.0033414082438872,1,4.0
401,-0.0200493847297305,1,4.0
402,-1.1688944382600868,1,4.0
403,-3.287685105046798,1,4.0
404,-1.5304197870311826,1,4.0
405,-1.929673835830978,1,4.0
406,-2.468624226571837,1,4.0
407,-4.02603691340137,1,4.0
408,-5.548537391911059,1,4.0
409,-5.462454204981132,1,4.0
410,-2.363798308033023,1,4.0
411,-3.2824225507904816,1,4.0
412,0.5920232096952542,1,4.0
413,1.2309351637188164,1,4.0
414,1.1777849026790679,1,4.0
415,-1.5820318987613011,1,4.0
416,2.7997550301715926,1,4.0
417,-0.921438474902321,1,4.0
418,0.4231432865076389,1,4.0
419,3.684856947417846,1,4.0
420,2.1815054148183597,1,4.0
421,0.1600024327812377,1,4.0
422,0.07400545782710471,1,4.0
423,1.88312901111215,1,4.0
424,4.035604768352594,1,4.0
425,4.033798706228945,1,4.0
426,0.6848278453476149,1,4.0
427,-0.8690001074274786,1,4.0
428,-0.2014839697053319,1,4.0
429,-2.693369100724221,1,4.0
430,-2.3659650347701433,1,4.0
431,2.8257316151839946,1,4.0
432,-0.1369117001610396,1,4.0
433,2.2252798327834795,1,4.0
434,-0.3082729881806927,1,4.0
435,-0.8972388647166558,1,4.0
436,-0.7683294639791058,1,4.0
437,-3.548876929952313,1,4.0
438,-2.6943735176335086,1,4.0
439,0.7075801934432218,1,4.0
440,1.9296911318187284,1,4.0
441,2.74632600699273,1,4.0
442,0.3134325217530505,1,4.0
443,-0.07070079640817212,1,4.0
444,0.3551552416743363,1,4.0
445,1.6060077679944698,1,4.0
446,3.809229197074954,1,4.0
447,0.6677989690797168,1,4.0
448,3.866555458416939,1,4.0
449,2.1341563539007606,1,4.0
450,0.9906355158753758,1,4.0
451,-1.7234488617534327,1,4.0
452,-1.3420043725381257,1,4.0
453,-1.3957750295353615,1,4.0
454,-3.4460511877058586,1,4.0
455,-2.995003299697793,1,4.0
456,-1.8537879467847582,1,4.0
457,-2.120519274803841,1,4.0
458,0.07415721149627363,1,4.0
459,-1.9974591235179313,1,4.0
460,0.3815429500548635,1,4.0
461,-0.10488486953145487,1,4.0
462,0.6711201502254389,1,4.0
463,-3.2205861674992757,1,4.0
464,-1.9961185740935534,1,4.0
465,-1.5210834642748665,1,4.0
466,0.8066573831305974,1,4.0
467,-1.79514617335228,1,4.0
468,1.4714806954058672,1,4.0
469,-1.1352258556241928,1,4.0
470,1.8387302760184836,1,4.0
471,2.4435024473193563,1,4.0
472,0.20152891653622662,1,4.0
473,4.480593426676796,1,4.0
474,0.7451667174865766,1,4.0
475,0.17766828277015512,1,4.0
476,0.5385019090058012,1,4.0
477,1.4205188261668562,1,4.0
478,1.4471417602692764,1,4.0
479,2.6112597850910397,1,4.0
480,2.746373468958334,1,4.0
481,1.987860768152674,1,4.0
482,-0.46762330860734447,1,4.0
483,-1.0174103257787768,1,4.0
484,1.0927718176480412,1,4.0
485,-1.5680583429837585,1,4.0
486,-0.8756572166977065,1,4.0
487,-4.709753210351283,1,4.0
488,-4.688049139743511,1,4.0
489,-6.5279555711399855,1,4.0
490,-2.080487338519661,1,4.0
491,-5.101839524516703,1,4.0
492,-4.050500464590707,1,4.0
493,-1.378464196392959,1,4.0
494,0.252843600192456,1,4.0
495,1.723359944155838,1,4.0
496,3.3310596193873865,1,4.0
497,3.2787517811706994,1,4.0
498,3.9643219901670315,1,4.0
499,2.666742841597607,1,4.0
500,1.8154406135940806,1,4.0
501,-2.24999285874398,1,4.0
502,-1.237584578060727,1,4.0
503,1.6682444402008714,1,4.0
504,-0.328125890841682,1,4.0
505,-2.5691824213967007,1,4.0
506,-1.6159587635072734,1,4.0
507,1.1376668397477214,1,4.0
508,3.209515459865611,1,4.0
509,-0.754269661632859,1,4.0
510,0.3720526299437942,1,4.0
511,-1.0520618430468855,1,4.0
512,-0.1815013523106519,1,4.0
513,-4.642456663808477,1,4.0
514,-1.4061442440103349,1,4.0
515,-1.7754842049178472,1,4.0
516,-0.8328195959421509,1,4.0
517,-0.9422757669160171,1,4.0
518,-2.727524959927438,1,4.0
519,-0.8581923876846682,1,4.0
520,-1.5640756629460681,1,4.0
521,-2.4716852302071572,1,4.0
522,-0.4117934378256456,1,4.0
523,-0.4554586441421215,1,4.0
524,-1.7178475976450613,1,4.0
525,0.6760829756689919,1,4.0
526,-0.7075765484143944,1,4.0
527,-0.5580055592219468,1,4.0
528,1.0778414830742338,1,4.0
529,2.641908345920016,1,4.0
530,4.249656321405019,1,4.0
531,6.288247238519618,1,4.0
532,4.491739444695739,1,4.0
533,1.5478649107927491,1,4.0
534,4.379573478897275,1,4.0
535,5.848916698123789,1,4.0
536,3.4955191222294997,1,4.0
537,3.849273210345432,1,4.0
538,1.939288125760228,1,4.0
539,-1.7571004536011114,1,4.0
540,0.8463809185933946,1,4.0
541,1.2845703721860708,1,4.0
542,1.1439628117335356,1,4.0
543,4.1807860433618895,1,4.0
544,5.791974513706393,1,4.0
545,2.771134911919856,1,4.0
546,-0.27725767402553614,1,4.0
547,-3.9834868981226697,1,4.0
548,-2.7759962543832923,1,4.0
549,-2.7154468425559988,1,4.0
550,-1.1744184827407924,1,4.0
551,-0.7963954398610051,1,4.0
552,-1.8701415681108595,1,4.0
553,-2.1177984966808823,1,4.0
554,-4.598471606904968,1,4.0
555,-0.7621700502694693,1,4.0
556,-1.5986232791512536,1,4.0
557,0.10567583216167908,1,4.0
558,-1.2415235258584172,1,4.0
559,-0.727362016670869,1,4.0
560,0.7509801897648717,1,4.0
561,-0.021917294707646473,1,4.0
562,-1.6457823784611063,1,4.0
563,3.4983731163889553,1,4.0
564,2.0518915403995885,1,4.0
565,2.5728701760915413,1,4.0
566,1.6391283477310146,1,4.0
567,-0.3990663263444316,1,4.0
568,2.349172152978246,1,4.0
569,2.4267452089571915,1,4.0
570,2.3805459850475,1,4.0
571,-2.8849265752581292,1,4.0
572,-1.4451430959134137,1,4.0
573,0.6675234120645386,1,4.0
574,1.0332541249374305,1,4.0
575,0.42641013829225843,1,4.0
576,2.6841842823101447,1,4.0
577,2.371144859302275,1,4.0
578,2.8210062212966824,1,4.0
579,4.048041112555994,1,4.0
580,4.835408460597707,1,4.0
581,0.7563068945914391,1,4.0
582,1.2020103841780774,1,4.0
583,-0.6818366693942512,1,4.0
584,-4.492853813413507,1,4.0
585,-2.5741483117772472,1,4.0
586,-5.27774599603022,1,4.0
587,-4.627384608645061,1,4.0
588,-8.257638917180714,1,4.0
589,-7.8223919637592765,1,4.0
590,-6.415291631737464,1,4.0
591,-4.506221050881395,1,4.0
592,-4.234075516971899,1,4.0
593,-4.812727875455099,1,4.0
594,-5.170964719631718,1,4.0
595,-0.5552493299056684,1,4.0
596,-1.3299695600940697,1,4.0
597,-1.1267796418291176,1,4.0
598,2.979592755982068,1,4.0
599,-1.3995496362861521,1,4.0
600,-5.117474373946431,1,4.0
601,-5.6266375869668925,1,4.0
602,-4.73009797723223,1,4.0
603,-5.606057486437448,1,4.0
604,-4.010450342078118,1,4.0
605,-2.9859105622211195,1,4.0
606,-5.192979132597538,1,4.0
607,-3.313541241864628,1,4.0
608,-5.193278608293007,1,4.0
609,-2.2391799072587504,1,4.0
610,-1.128841444983522,1,4.0
611,3.583327322352983,1,4.0
612,4.150214776389373,1,4.0
613,2.483592005717964,1,4.0
614,2.4134003763202125,1,4.0
615,1.9688856757210653,1,4.0
616,-0.11630387975158585,1,4.0
617,-3.0025876902300555,1,4.0
618,0.08149136824761083,1,4.0
619,3.0807839131016537,1,4.0
620,1.2149777110135274,1,4.0
621,0.3199120397794587,1,4.0
622,-0.7594273825995528,1,4.0
623,1.4764731952025851,1,4.0
624,3.4409937529076675,1,4.0
625,0.6519128444698583,1,4.0
626,-0.23682694067571636,1,4.0
627,-1.2505517016497043,1,4.0
628,-0.4593901490919861,1,4.0
629,1.2034970581848223,1,4.0
630,2.9712219419825185,1,4.0
631,1.5161317118139568,1,4.0
632,-0.9183751919951044,1,4.0
633,0.4249457161916901,1,4.0
634,1.47617970628086,1,4.0
635,0.3234771510794199,1,4.0
636,0.55513149976421,1,4.0
637,1.0980090369437414,1,4.0
638,2.523291531603579,1,4.0
639,1.9033064395993347,1,4.0
640,2.300994608448973,1,4.0
641,1.9640858442169256,1,4.0
642,-0.5617008278800457,1,4.0
643,1.011560048702795,1,4.0
644,0.9044802783882921,1,4.0
645,2.739387980475173,1,4.0
646,-0.4568995608938127,1,4.0
647,-1.7255874094521038,1,4.0
648,-0.5564245232488153,1,4.0
649,-3.822696627225079,1,4.0
650,-2.9437993480706224,1,4.0
651,-2.9569448799491025,1,4.0
652,-2.9003655887329383,1,4.0
653,-2.53506935532696,1,4.0
654,-6.233471452926709,1,4.0
655,-4.280383161317804,1,4.0
656,-2.8479814574936797,1,4.0
657,0.10544159224583627,1,4.0
658,2.9614603197276157,1,4.0
659,2.782433424230408,1,4.0
660,3.7984227320000263,1,4.0
661,-2.1288626512316804,1,4.0
662,-0.3959962960558465,1,4.0
663,1.9331803701144932,1,4.0
664,3.0935393047230457,1,4.0
665,2.639943235298569,1,4.0
666,1.136327326027517,1,4.0
667,0.06607991731284346,1,4.0
668,0.09273686970579834,1,4.0
669,0.9227491786962425,1,4.0
670,1.789204726380301,1,4.0
671,1.0633528895561108,1,4.0
672,-1.7685874705249054,1,4.0
673,2.4083156721546164,1,4.0
674,-0.044944000814475915,1,4.0
675,-5.388372425663715,1,4.0
676,-0.9198137175909102,1,4.0
677,1.382344415458331,1,4.0
678,1.3448324604575101,1,4.0
679,2.8872334052985176,1,4.0
680,2.9107310829402673,1,4.0
681,0.37213851650261853,1,4.0
682,0.4930563171090313,1,4.0
683,-2.126526105772637,1,4.0
684,-2.788247237420257,1,4.0
685,-3.685248379059847,1,4.0
686,-2.267254624579541,1,4.0
687,0.5395838831808104,1,4.0
688,-0.9132071080471398,1,4.0
689,0.28134078612736435,1,4.0
690,-4.06723268880461,1,4.0
691,-4.991215720912267,1,4.0
692,-2.423171519037854,1,4.0
693,0.21941725709101556,1,4.0
694,2.0401308570609307,1,4.0
695,3.566924803393035,1,4.0
696,-0.780653843050068,1,4.0
697,-1.5877288491961508,1,4.0
698,-6.271148230540714,1,4.0
699,-4.701567237282462,1,4.0
700,-2.821328043795634,1,4.0
701,-2.6540338986648924,1,4.0
702,-3.711676812826088,1,4.0
703,-1.7392053008268926,1,4.0
704,-0.15412520621204862,1,4.0
705,0.15930280241852585,1,4.0
706,-1.0951500139626669,1,4.0
707,-0.6805018886423199,1,4.0
708,-0.3057555135389386,1,4.0
709,0.32056504667815455,1,4.0
710,1.4687639274549404,1,4.0
711,0.9743156639084769,1,4.0
712,-2.2085832737034155,1,4.0
713,-2.0939767135665273,1,4.0
714,-0.7234253584943423,1,4.0
715,-1.3855883544347654,1,4.0
716,-0.5335720599965457,1,4.0
717,-1.7430903264327946,1,4.0
718,1.4659579427703056,1,4.0
719,1.8340081584151136,1,4.0
720,1.5637657124640938,1,4.0
721,2.608631252151344,1,4.0
722,3.3530543902225,1,4.0
723,2.5275451567514406,1,4.0
724,3.771403469352928,1,4.0
725,3.9507750567295488,1,4.0
726,3.1943420195781482,1,4.0
727,2.241614353935282,1,4.0
728,-0.6473672451848307,1,4.0
729,-0.06686057164443104,1,4.0
730,0.307984318598972,1,4.0
731,-1.4514563744480111,1,4.0
732,1.7068265884150673,1,4.0
733,1.186243926806134,1,4.0
734,-1.314059435842519,1,4.0
735,-1.7556048017309105,1,4.0
736,-1.3133784231406567,1,4.0
737,-0.9903276264564833,1,4.0
738,-2.253851935409042,1,4.0
739,-1.507421787104383,1,4.0
740,-3.969633718064291,1,4.0
741,-3.638125185235345,1,4.0
742,-1.6773415129354867,1,4.0
743,-2.5211581298071146,1,4.0
744,-0.4717980743151915,1,4.0
745,1.2713396027240793,1,4.0
746,-0.3003414771541545,1,4.0
747,-5.008869702851285,1,4.0
748,-1.7451085838247489,1,4.0
749,1.4731966549757123,1,4.0
750,-2.1504461900441436,1,4.0
751,-1.0854267846936971,1,4.0
752,-0.10688618321221277,1,4.0
753,-3.304768112823866,1,4.0
754,-3.383802057233926,1,4.0
755,0.14540158260256675,1,4.0
756,0.5637758736365295,1,4.0
757,0.453987236032907,1,4.0
758,2.660454111380737,1,4.0
759,0.7146645281157349,1,4.0
760,-3.069165605547041,1,4.0
761,0.5903940458994938,1,4.0
762,-1.1103167242283964,1,4.0
763,-0.7416763836024038,1,4.0
764,1.8540913437633608,1,4.0
765,1.9111914726568173,1,4.0
766,1.7306317438478211,1,4.0
767,0.05877253519583103,1,4.0
768,1.2665958597957223,1,4.0
769,5.350560695195213,1,4.0
770,2.6633006029328077,1,4.0
771,-0.2923810401536322,1,4.0
772,0.47889823487457894,1,4.0
773,-1.0467634974695659,1,4.0
774,-0.4000745167284031,1,4.0
775,-0.1502691786858711,1,4.0
776,0.9709364493565579,1,4.0
777,1.1644314751251204,1,4.0
778,1.532027182146877,1,4.0
779,3.707221025216909,1,4.0
780,0.7499975349055445,1,4.0
781,0.7158961196809492,1,4.0
782,1.240600916704317,1,4.0
783,-1.468854037550234,1,4.0
784,-2.8226224188160645,1,4.0
785,-2.543465788647193,1,4.0
786,-2.753499808136046,1,4.0
787,0.40905353823951596,1,4.0
788,0.6500418171597835,1,4.0
789,6.417838621800915,1,4.0
790,3.842909545800764,1,4.0
791,2.16826021751107,1,4.0
792,6.131490421099235,1,4.0
793,3.275549952616791,1,4.0
794,6.788506630468902,1,4.0
795,-1.3716215929129323,1,4.0
796,-2.179155654843469,1,4.0
797,1.3845619603963784,1,4.0
798,4.265675242412976,1,4.0
799,4.0127996523534275,1,4.0
800,1.622989792202284,1,4.0
801,0.9718617534763061,1,4.0
802,2.3552306213039325,1,4.0
803,2.3996725288729492,1,4.0
804,3.70461224249527,1,4.0
805,1.2720593911118054,1,4.0
806,2.6832196485014417,1,4.0
807,4.574045444208732,1,4.0
808,9.512306493441471,1,4.0
809,8.240658445681635,1,4.0
810,7.31428417046111,1,4.0
811,3.56880653005013,1,4.0
812,-0.047573469574709204,1,4.0
813,-4.477096908228391,1,4.0
814,-2.070386016702256,1,4.0
815,2.7416618113997124,1,4.0
816,1.8600851638906348,1,4.0
817,-3.5357946738776853,1,4.0
818,-1.9509296608371052,1,4.0
819,-1.6410697719633944,1,4.0
820,-1.7577405294237165,1,4.0
821,2.4319210782204763,1,4.0
822,4.325479315893219,1,4.0
823,6.166652275506314,1,4.0
824,2.881288587146819,1,4.0
825,2.894407252384909,1,4.0
826,-0.020573944839201275,1,4.0
827,2.4309328089011784,1,4.0
828,-0.3834585747098953,1,4.0
829,2.411449717532601,1,4.0
830,2.34722521687154,1,4.0
831,2.2619022106794016,1,4.0
832,-1.1418475495200628,1,4.0
833,0.7759733958466377,1,4.0
834,-2.951999953441021,1,4.0
835,-4.408122146246635,1,4.0
836,-4.809667717845393,1,4.0
837,0.9272739196550384,1,4.0
838,1.014530983665108,1,4.0
839,-0.5074408880356296,1,4.0
840,0.842510222894212,1,4.0
841,5.4970734563690895,1,4.0
842,3.6782798210670813,1,4.0
843,0.6008505299878297,1,4.0
844,-1.6673508710154508,1,4.0
845,-1.13739447847474,1,4.0
846,2.704638200628854,1,4.0
847,1.7488931523808875,1,4.0
848,0.8808870162981868,1,4.0
849,-1.2349616189673804,1,4.0
850,-3.018153020528728,1,4.0
851,0.11040556246839772,1,4.0
852,0.9026317534889642,1,4.0
853,1.591780149021612,1,4.0
854,-1.5156144228221349,1,4.0
855,0.18900095234554026,1,4.0
856,0.9059446982053012,1,4.0
857,3.800347169697901,1,4.0
858,4.910618535805517,1,4.0
859,3.082581120970442,1,4.0
860,2.9402075793643982,1,4.0
861,2.8155304437825883,1,4.0
862,1.8880582509254515,1,4.0
863,-0.31773605720989595,1,4.0
864,1.691864813876113,1,4.0
865,5.823110294973663,1,4.0
866,3.994436852594802,1,4.0
867,6.199006807287847,1,4.0
868,3.7961366161516246,1,4.0
869,2.0770275260813857,1,4.0
870,1.5044616086034408,1,4.0
871,0.5598809085754661,1,4.0
872,2.4468450067937764,1,4.0
873,4.14681320789935,1,4.0
874,-2.141469518190777,1,4.0
875,0.2407041902201763,1,4.0
876,1.0659041889861987,1,4.0
877,4.355615369002729,1,4.0
878,1.3594526053153861,1,4.0
879,1.3188334040763912,1,4.0
880,3.472630627335442,1,4.0
881,4.334517338296623,1,4.0
882,6.216754723852723,1,4.0
883,2.890965097788981,1,4.0
884,0.7810099273558324,1,4.0
885,1.8388108666003204,1,4.0
886,-1.3582118721849092,1,4.0
887,0.05201362264324605,1,4.0
888,0.5320326834924314,0,0.25
889,0.571594656878162,0,0.25
890,-0.2504385832896638,0,0.25
891,-0.4388962281392925,0,0.25
892,-0.44142898145035325,0,0.25
893,-0.0752263605131965,0,0.25
894,0.09434155652395412,0,0.25
895,-0.12917476434251074,0,0.25
896,-0.9134280684891264,0,0.25
897,-1.5362294558587344,0,0.25
898,-1.5650299390093023,0,0.25
899,-1.600825053744929,0,0.25
900,-1.4261198890869118,0,0.25
901,-1.5281818654461874,0,0.25
902,-1.1378889609255758,0,0.25
903,-1.0952891654394907,0,0.25
904,-0.663460486518601,0,0.25
905,-0.462723218487009,0,0.25
906,-0.02380852377084941,0,0.25
907,-0.49704928660295705,0,0.25
908,-0.7912193043799192,0,0.25
909,-1.10952788958966,0,0.25
910,-0.7297310897643362,0,0.25
911,-0.14381905476149692,0,0.25
912,0.47893415040810683,0,0.25
913,0.42068317333510563,0,0.25
914,0.22670197114675456,0,0.25
915,0.531076109214467,0,0.25
916,0.34866504390893366,0,0.25
917,-0.25522562000061705,0,0.25
918,0.19492465875603096,0,0.25
919,-0.07258020098679666,0,0.25
920,-0.7899928846671513,0,0.25
921,-0.6450696814584123,0,0.25
922,-0.8651842635046436,0,0.25
923,-0.6248468381606712,0,0.25
924,-0.7971630538796133,0,0.25
925,-0.7203241501698243,0,0.25
926,-0.8080930432432829,0,0.25
927,-0.6268423942689162,0,0.25
928,-0.1512879571445626,0,0.25
929,0.0158281821642363,0,0.25
930,0.010621174647059955,0,0.25
931,0.5186531853088784,0,0.25
932,-0.3178507304192231,0,0.25
933,-0.13923187143017213,0,0.25
934,0.48741345761542076,0,0.25
935,0.6209295204652003,0,0.25
936,0.9969991611747628,0,0.25
937,0.23476718328196045,0,0.25
938,0.7373230102382645,0,0.25
939,0.16556378892464096,0,0.25
940,0.6809803218009328,0,0.25
941,0.6038179326913633,0,0.25
942,0.8525574195426351,0,0.25
943,0.20641409429601076,0,0.25
944,0.036946538551074284,0,0.25
945,-0.8935166467372848,0,0.25
946,-0.4430073824176527,0,0.25
947,0.06462864015353176,0,0.25
948,0.23775057194857796,0,0.25
949,0.7414259653440742,0,0.25
950,0.8369181310191636,0,0.25
951,0.6685469832842776,0,0.25
952,0.7645519246791974,0,0.25
953,0.2837431803116361,0,0.25
954,0.6830700368472729,0,0.25
955,0.6389897062759101,0,0.25
956,0.6386586070402516,0,0.25
957,0.40376028593720914,0,0.25
958,0.01937820078380581,0,0.25
959,-0.4343173138334134,0,0.25
960,-0.4152056299128062,0,0.25
961,0.0946689743872669,0,0.25
962,-0.7873687026429188,0,0.25
963,-0.4611966564674336,0,0.25
964,1.483321596571352,0,0.25
965,1.1860561478102651,0,0.25
966,0.7976053010830537,0,0.25
967,0.8001704867903401,0,0.25
968,0.5429119964572946,0,0.25
969,0.4867794069149059,0,0.25
970,0.4769635091448339,0,0.25
971,-0.09918673856796939,0,0.25
972,0.5903995397093909,0,0.25
973,0.5836017413948533,0,0.25
974,1.0287649252865958,0,0.25
975,0.8694108918993686,0,0.25
976,1.2058876332128659,0,0.25
977,0.9399861291537377,0,0.25
978,2.243735349918284,0,0.25
979,2.215389358796981,0,0.25
980,2.2850709819942887,0,0.25
981,1.6456991937819128,0,0.25
982,0.46381011870675015,0,0.25
983,0.24595670205783504,0,0.25
984,0.5075663941738865,0,0.25
985,0.5033026054479524,0,0.25
986,0.1494856357460504,0,0.25
987,-0.1883923095686168,0,0.25
988,-0.6661178392361862,0,0.25
989,-0.617822078337539,0,0.25
990,-0.04831442551343529,0,0.25
991,0.3658743524522056,0,0.25
992,0.6426224611059316,0,0.25
993,0.4224078548991891,0,0.25
994,0.4541387525800684,0,0.25
995,0.3737259132306302,0,0.25
996,0.5329926531464408,0,0.25
997,0.5735510054226595,0,0.25
998,0.761338436619043,0,0.25
999,0.5221344541614228,0,0.25
1000,0.3775140657380973,0,0.25
1001,1.0020197073061823,0,0.25
1002,1.3831373430837401,0,0.25
1003,-0.03485818220708048,0,0.25
1004,0.184936268129185,0,0.25
1005,0.3351358371139182,0,0.25
1006,0.677009620049351,0,0.25
1007,-0.5595883255578383,0,0.25
1008,-1.210282729476929,0,0.25
1009,-1.050591179465637,0,0.25
1010,-0.6807055784618912,0,0.25
1011,-1.0399381727281163,0,0.25
1012,-0.17599840690346547,0,0.25
1013,0.37685693865669945,0,0.25
1014,0.5782215642153486,0,0.25
1015,0.8088555439563297,0,0.25
1016,-0.01461141034662683,0,0.25
1017,-0.09359352282809366,0,0.25
1018,-1.2273820395050932,0,0.25
1019,-0.3894603937319699,0,0.25
1020,0.28029071271123734,0,0.25
1021,0.379498923567393,0,0.25
1022,-0.24161060083247715,0,0.25
1023,-0.1646486299299717,0,0.25
1024,0.3457240283107056,0,0.25
1025,-0.3775876681571981,0,0.25
1026,-0.16521735832238355,0,0.25
1027,0.2259399651946879,0,0.25
1028,-0.2291750634170319,0,0.25
1029,-0.4465040758287056,0,0.25
1030,0.26500993140969437,0,0.25
1031,0.5529234375322457,0,0.25
1032,1.0818133615369268,0,0.25
1033,0.8857090039425326,0,0.25
1034,0.14052832128901815,0,0.25
1035,0.0721633176640709,0,0.25
1036,-0.2571511833422405,0,0.25
1037,-0.3054488713859753,0,0.25
1038,0.02611725057793446,0,0.25
1039,0.7638196640987538,0,0.25
1040,0.6183401898133012,0,0.25
1041,1.3609372516508684,0,0.25
1042,0.3156160450681249,0,0.25
1043,0.13858588324530624,0,0.25
1044,0.12378128247595,0,0.25
1045,-0.9434383830152958,0,0.25
1046,-1.4452930356997162,0,0.25
1047,-1.1622855806694572,0,0.25
1048,-0.743859605995812,0,0.25
1049,-0.2926015123218712,0,0.25
1050,-0.15024733429253284,0,0.25
1051,-0.23852701765733528,0,0.25
1052,-0.8243794633960267,0,0.25
1053,-0.5387739600394386,0,0.25
1054,0.4296346890941865,0,0.25
1055,0.5361484984780684,0,0.25
1056,0.05152258953444322,0,0.25
1057,0.12099049929675901,0,0.25
1058,0.31304605129311813,0,0.25
1059,0.8554484464603053,0,0.25
1060,0.34850190347060256,0,0.25
1061,0.5096612207886815,0,0.25
1062,0.6520474938375851,0,0.25
1063,0.32724925269133875,0,0.25
1064,0.20099626740161125,0,0.25
1065,-0.045968126518719316,0,0.25
1066,0.019751517472864008,0,0.25
1067,0.1642243925889447,0,0.25
1068,-0.4620647234439369,0,0.25
1069,-0.37385696145770936,0,0.25
1070,0.509026298147084,0,0.25
1071,0.3723544829297091,0,0.25
1072,-0.6374690191147432,0,0.25
1073,0.29018637304336237,0,0.25
1074,0.11071963644400883,0,0.25
1075,0.1829748250769872,0,0.25
1076,0.4117907126455509,0,0.25
1077,0.11429932967573153,0,0.25
1078,-0.3996195479184117,0,0.25
1079,-0.6171549819769144,0,0.25
1080,-0.27808373226521377,0,0.25
1081,-0.17786476743940988,0,0.25
1082,-0.24272219630566405,0,0.25
1083,0.9060404005254057,0,0.25
1084,0.7807874128125388,0,0.25
1085,1.045195418273435,0,0.25
1086,1.8007931370580177,0,0.25
1087,1.3542692929465665,0,0.25
1088,0.778058250795459,0,0.25
1089,0.446122817893431,0,0.25
1090,0.40121116910313814,0,0.25
1091,1.1951658101583835,0,0.25
1092,1.3926415713012457,0,0.25
1093,0.9040694778568605,0,0.25
1094,0.3847692239561201,0,0.25
1095,0.6725147730227355,0,0.25
1096,1.397620881533688,0,0.25
1097,0.7239671855746637,0,0.25
1098,1.3287562509598625,0,0.25
1099,1.1254719139237128,0,0.25
1100,0.8329071705984048,0,0.25
1101,0.4997540232593128,0,0.25
1102,0.05767806787345986,0,0.25
1103,-0.14855390579388075,0,0.25
1104,0.5471249443381447,0,0.25
1105,-0.269234853846735,0,0.25
1106,-0.3627291999540232,0,0.25
1107,-0.23605614502465247,0,0.25
1108,-0.6906759634787297,0,0.25
1109,-0.6848354395572185,0,0.25
1110,-1.1405428483865643,0,0.25
1111,-0.4553182402457111,0,0.25
1112,0.03250116089164318,0,0.25
1113,-0.6239455558930866,0,0.25
1114,0.28821184747058864,0,0.25
1115,-0.2658845526282577,0,0.25
1116,-1.0991661585537795,0,0.25
1117,-1.6196628921472578,0,0.25
1118,-0.8879542853589855,0,0.25
1119,-1.7629649389626987,0,0.25
1120,-1.2680821794417747,0,0.25
1121,-0.7572256449084226,0,0.25
1122,-0.03232979063129943,0,0.25
1123,-0.17651343546975018,0,0.25
1124,0.46119853611811445,0,0.25
1125,0.1312153270028154,0,0.25
1126,0.5532018958961481,0,0.25
1127,-0.0861443005001517,0,0.25
1128,0.09709988732666733,0,0.25
1129,-0.07888423520521254,0,0.25
1130,0.04221481255672011,0,0.25
1131,1.1300585414248905,0,0.25
1132,0.8000198440799346,0,0.25
1133,0.5937538577784804,0,0.25
1134,0.4908021134004757,0,0.25
1135,0.5182882060599401,0,0.25
1136,-0.7157841838130483,0,0.25
1137,-0.12420389419692268,0,0.25
1138,-0.747141954333603,0,0.25
1139,-1.5091474743569504,0,0.25
1140,-0.9957292221676786,0,0.25
1141,-1.3009933986361215,0,0.25
1142,-0.7872147538453944,0,0.25
1143,0.0032441777060537857,0,0.25
1144,0.01920960115423981,0,0.25
1145,-0.4780245312807393,0,0.25
1146,-0.2776994099722983,0,0.25
1147,0.8238020604561983,0,0.25
1148,0.6159111070528143,0,0.25
1149,1.3151345331573676,0,0.25
1150,1.6535915768914973,0,0.25
1151,0.5740431424758609,0,0.25
1152,0.8542387700333709,0,0.25
1153,-0.052393075539727274,0,0.25
1154,0.24909602745458242,0,0.25
1155,0.460807612224538,0,0.25
1156,0.23811706547818137,0,0.25
1157,-0.6112111138607236,0,0.25
1158,-0.6038941858428434,0,0.25
1159,-0.582060749970789,0,0.25
1160,-0.16635294127659156,0,0.25
1161,-0.14573792228447977,0,0.25
1162,0.15655260780794256,0,0.25
1163,-0.04427911938938009,0,0.25
1164,-0.8304399853718367,0,0.25
1165,-0.5970283653843038,0,0.25
1166,0.2802054828583694,0,0.25
1167,-0.23005755806163475,0,0.25
1168,-0.6719745796525619,0,0.25
1169,-1.4317400666251605,0,0.25
1170,-0.07716768639565741,0,0.25
1171,-0.5822542891223326,0,0.25
1172,0.12203090670205019,0,0.25
1173,0.16539192512626627,0,0.25
1174,0.052204973166828164,0,0.25
1175,0.07459228051061799,0,0.25
1176,0.9811649559940101,0,0.25
1177,1.5383163590320277,0,0.25
1178,1.3345352361369347,0,0.25
1179,0.7229148497855831,0,0.25
1180,1.2373315936753284,0,0.25
1181,1.214557304733595,0,0.25
1182,0.9105351388022829,0,0.25
1183,0.8982652608102515,0,0.25
1184,0.254623251902992,0,0.25
1185,0.5506131218382113,0,0.25
1186,0.2555407983310396,0,0.25
1187,0.0682338936286208,0,0.25
1188,-0.5237410937643373,0,0.25
1189,-0.31117668214481675,0,0.25
1190,-0.001817796222568252,0,0.25
1191,-0.7304750892441889,0,0.25
1192,-0.348805152375538,0,0.25
1193,-0.01858781759891484,0,0.25
1194,0.6420308323708063,0,0.25
1195,1.0208195264172668,0,0.25
1196,0.426450645045026,0,0.25
1197,0.9144154060571548,0,0.25
1198,0.9011704319183915,0,0.25
1199,0.5309263768607565,0,0.25
1200,-0.005658145354099753,0,0.25
1201,0.44936391759153244,0,0.25
1202,0.7324480811485949,0,0.25
1203,0.2895828197570459,0,0.25
1204,0.3699322559906606,0,0.25
1205,0.06181152328337522,0,0.25
1206,-0.3351548351120691,0,0.25
1207,-0.6848126248661722,0,0.25
1208,-0.1623573845863992,0,0.25
1209,0.047602839065194774,0,0.25
1210,0.22587283432086414,0,0.25
1211,0.2801738546353849,0,0.25
1212,0.23279106418760603,0,0.25
1213,0.6279265870367493,0,0.25
1214,-0.3664592421341222,0,0.25
1215,0.15054321649691277,0,0.25
1216,-0.4551867972002238,0,0.25
1217,-0.41412297374637924,0,0.25
1218,-0.2281114594819882,0,0.25
1219,-0.14475113092974046,0,0.25
1220,0.12580083537346465,0,0.25
1221,-0.34755422686749887,0,0.25
1222,0.590144260411186,0,0.25
1223,0.9552728842736542,0,0.25
1224,0.9304171188903512,0,0.25
1225,1.0096689138730675,0,0.25
1226,0.5148161577017035,0,0.25
1227,-0.5033436715367856,0,0.25
1228,-1.1118772399803432,0,0.25
1229,-0.5408800952143273,0,0.25
1230,-1.6720596019470861,0,0.25
1231,-0.3993616434574625,0,0.25
1232,-0.06615247972907184,0,0.25
1233,-0.5123873010947911,0,0.25
1234,-0.6292250318897803,0,0.25
1235,-1.2315234999012539,0,0.25
1236,-0.9206916565778526,0,0.25
1237,-0.4566014084399648,0,0.25
1238,0.2769908984189248,0,0.25
1239,-0.44061971945489753,0,0.25
1240,0.21969128084370343,0,0.25
1241,0.26332636944696125,0,0.25
1242,0.14109123057363268,0,0.25
1243,0.11376095184245405,0,0.25
1244,0.26085798063412446,0,0.25
1245,1.0929696405780729,0,0.25
1246,1.50047949977591,0,0.25
1247,1.4583705856116198,0,0.25
1248,0.6535636639302663,0,0.25
1249,0.3453759069802347,0,0.25
1250,0.6855803101417729,0,0.25
1251,0.6647712362327612,0,0.25
1252,0.07552165208999256,0,0.25
1253,0.9627157886357682,0,0.25
1254,1.8550539090786242,0,0.25
1255,1.5643465144014173,0,0.25
1256,0.9230834743041509,0,0.25
1257,0.6525906573825658,0,0.25
1258,-0.041939161498462496,0,0.25
1259,-0.6112394437964066,0,0.25
1260,-0.2565362617693212,0,0.25
1261,-0.29116169821856513,0,0.25
1262,0.2586104899086171,0,0.25
1263,1.6268720032709614,0,0.25
1264,1.381848490071365,0,0.25
1265,0.9794006932606092,0,0.25
1266,0.7813751422738245,0,0.25
1267,0.781345457676351,0,0.25
1268,1.2917856181864922,0,0.25
1269,1.0158477338567091,0,0.25
1270,1.158362564510751,0,0.25
1271,0.3224512107851998,0,0.25
1272,-0.2156656447744966,0,0.25
1273,-0.21867088031554766,0,0.25
1274,0.33290704691705975,0,0.25
1275,-0.19179616072736935,0,0.25
1276,0.5364859869803892,0,0.25
1277,-0.04987857433282994,0,0.25
1278,0.08975486247483841,0,0.25
1279,0.07792522723787358,0,0.25
1280,0.8740547236861643,0,0.25
1281,0.17764792642976573,0,0.25
1282,-0.2683051027524238,0,0.25
1283,-0.28585383334694525,0,0.25
1284,0.20042113328832228,0,0.25
1285,0.520805902205906,0,0.25
1286,-0.20545799967840905,0,0.25
1287,-0.4992535231618157,0,0.25
1288,-0.9426057768834268,0,0.25
1289,0.2275925668545814,0,0.25
1290,0.40916030759194677,0,0.25
1291,0.6448937903056654,0,0.25
1292,-0.5776430214706934,0,0.25
1293,-0.2535427559047899,0,0.25
1294,-0.256545162015833,0,0.25
1295,0.33884283354543027,0,0.25
1296,-0.5242679382543798,0,0.25
1297,0.37827108259659004,0,0.25
1298,0.6533088347931604,0,0.25
1299,0.8195681059738196,0,0.25
1300,0.03697013142795802,0,0.25
1301,1.0687532771347046,0,0.25
1302,0.9519077090631325,0,0.25
1303,0.899521680656221,0,0.25
1304,0.7253466711024502,0,0.25
1305,0.44562803072358864,0,0.25
1306,0.9706518914718063,1,4.0
1307,1.3495307432533719,1,4.0
1308,3.4587138516384974,1,4.0
1309,3.8464612136023266,1,4.0
1310,1.6069190124262647,1,4.0
1311,1.8551021821547649,1,4.0
1312,3.5763980462116063,1,4.0
1313,1.5748211390432227,1,4.0
1314,1.268630468997387,1,4.0
1315,3.4655071264629305,1,4.0
1316,3.6425502596628814,1,4.0
1317,1.8850626674449134,1,4.0
1318,2.8450608425081008,1,4.0
1319,4.240288195864739,1,4.0
1320,4.692300444605417,1,4.0
1321,3.9904136172021887,1,4.0
1322,6.872390875537388,1,4.0
1323,2.402081670387532,1,4.0
1324,2.6799917328165437,1,4.0
1325,3.4752762616072985,1,4.0
1326,0.9459250464803877,1,4.0
1327,-0.5524824070352665,1,4.0
1328,-1.5009302674002152,1,4.0
1329,-0.4905005638876231,1,4.0
1330,-0.27336262554075647,1,4.0
1331,1.1240168842145046,1,4.0
1332,3.506899426530527,1,4.0
1333,1.4948534013184724,1,4.0
1334,1.4916499916986696,1,4.0
1335,2.091527693165042,1,4.0
1336,-2.2668886793610508,1,4.0
1337,-1.8374404371183597,1,4.0
1338,-4.530824698332137,1,4.0
1339,-4.6471489658320175,1,4.0
1340,-5.052889368716753,1,4.0
1341,-1.3098806307675983,1,4.0
1342,-2.0824437638990547,1,4.0
1343,-2.720779983011705,1,4.0
1344,-0.40432463528951557,1,4.0
1345,-0.5539488243662433,1,4.0
1346,-3.102453741403424,1,4.0
1347,0.016082731930258554,1,4.0
1348,1.9679039928220856,1,4.0
1349,0.7238573387789092,1,4.0
1350,-2.788061709041937,1,4.0
1351,-3.3610424564010613,1,4.0
1352,-4.225628532665631,1,4.0
1353,0.17432903574780267,1,4.0
1354,-1.3518440242333132,1,4.0
1355,0.5374950584141301,1,4.0
1356,2.8004212374278237,1,4.0
1357,2.5224025474587775,1,4.0
1358,2.369913247489822,1,4.0
1359,4.164702265274763,1,4.0
1360,4.460431987673379,1,4.0
1361,0.02391792149880434,1,4.0
1362,2.0323356879246304,1,4.0
1363,-3.0200764005751157,1,4.0
1364,-3.521247336518056,1,4.0
1365,-0.9353302770061771,1,4.0
1366,-4.416461182342295,1,4.0
1367,-1.0989607084951531,1,4.0
1368,3.509058820634076,1,4.0
1369,1.9516241343597671,1,4.0
1370,-2.3615213413520912,1,4.0
1371,1.5180298967053782,1,4.0
1372,-0.9658467321575539,1,4.0
1373,-3.3275570178801894,1,4.0
1374,-4.743451302984557,1,4.0
1375,-4.572388817543457,1,4.0
1376,-4.735134899005477,1,4.0
1377,0.31759090361965114,1,4.0
1378,-1.8572674272243153,1,4.0
1379,-4.88476099733875,1,4.0
1380,-6.8179554237896705,1,4.0
1381,-5.909760170976069,1,4.0
1382,-1.0375039581041525,1,4.0
1383,-3.7465765398792197,1,4.0
1384,-3.270785570984862,1,4.0
1385,-1.0817880122409984,1,4.0
1386,-1.6157421971935808,1,4.0
1387,-1.904353128504884,1,4.0
1388,-2.353768853017532,1,4.0
1389,-1.1882515545107377,1,4.0
1390,-2.562471970277709,1,4.0
1391,0.8526065372842515,1,4.0
1392,-3.199107188529306,1,4.0
1393,-0.5786747404048254,1,4.0
1394,1.5034667990731956,1,4.0
1395,0.9131739025660308,1,4.0
1396,-0.19388347178800536,1,4.0
1397,2.1271059292906793,1,4.0
1398,-0.6382794821622289,1,4.0
1399,-1.1069380892902345,1,4.0
1400,-2.723095526508894,1,4.0
1401,-1.5638268767568013,1,4.0
1402,-3.1065335245677734,1,4.0
1403,-3.6521641368093505,1,4.0
1404,-1.3984984381317662,1,4.0
1405,-1.2082867364756977,1,4.0
1406,-0.5341561737277588,1,4.0
1407,2.6654587263822123,1,4.0
1408,-2.250956339999571,1,4.0
1409,-2.87720020201156,1,4.0
1410,-2.128919861086143,1,4.0
1411,1.1724197768825089,1,4.0
1412,-1.4808678293369968,1,4.0
1413,-1.4230797830624495,1,4.0
1414,-0.06679691556840173,1,4.0
1415,-2.3455233917890057,1,4.0
1416,-2.6762625840091925,1,4.0
1417,-2.005486397351812,1,4.0
1418,-2.59507529760979,1,4.0
1419,-0.7936232227184747,1,4.0
1420,1.0978014943157026,1,4.0
1421,-0.1630798279529001,1,4.0
1422,1.1026578917002627,1,4.0
1423,1.5715023782246724,1,4.0
1424,1.0003843135774324,1,4.0
1425,-0.8618268890567019,1,4.0
1426,2.5442565978022116,1,4.0
1427,-0.4992088237875234,1,4.0
1428,0.06488610875701428,1,4.0
1429,1.6436088457288442,1,4.0
1430,-3.979203277963679,1,4.0
1431,-4.199287206610143,1,4.0
1432,-6.797687015081441,1,4.0
1433,-5.2513934693487165,1,4.0
1434,-2.5074635949552038,1,4.0
1435,-3.2348495460929567,1,4.0
1436,-2.224044321218919,1,4.0
1437,-0.21272600655382767,1,4.0
1438,-1.6908267616761368,1,4.0
1439,-1.838408638788236,1,4.0
1440,-3.4535853206528744,1,4.0
1441,-1.474965839522007,1,4.0
1442,-1.6501716328923166,1,4.0
1443,1.6852086036356746,1,4.0
1444,3.5709625898688846,1,4.0
1445,-0.20859289905415856,1,4.0
1446,0.17699514676778338,1,4.0
1447,0.5031703623893525,1,4.0
1448,0.6257670326122499,1,4.0
1449,1.1300966136654416,1,4.0
1450,0.3074598191622171,1,4.0
1451,2.089926836452811,1,4.0
1452,2.736764571179582,1,4.0
1453,2.704614299667816,1,4.0
1454,0.747177706235451,1,4.0
1455,2.7856229990394503,1,4.0
1456,-0.8700930030673617,1,4.0
1457,1.390215165328691,1,4.0
1458,2.165002493083594,1,4.0
1459,-0.1859028019617317,1,4.0
1460,0.7411431397681719,1,4.0
1461,5.19729982179121,1,4.0
1462,3.7056420025323398,1,4.0
1463,1.381615338160083,1,4.0
1464,1.3363567240550642,1,4.0
1465,2.1087685999242343,1,4.0
1466,4.995444847042028,1,4.0
1467,3.1250598470443647,1,4.0
1468,4.130147396657136,1,4.0
1469,3.3092321672423353,1,4.0
1470,4.774950009368943,1,4.0
1471,4.188788511929788,1,4.0
1472,0.9546606327107161,1,4.0
1473,2.151761659861908,1,4.0
1474,3.7669945130053026,1,4.0
1475,2.258588165717261,1,4.0
1476,-2.5707123392807922,1,4.0
1477,-3.6233661306813527,1,4.0
1478,-2.46123587265302,1,4.0
1479,-0.3273315302092945,1,4.0
1480,-1.2425314070355211,1,4.0
1481,1.144057758805241,1,4.0
1482,-0.2263659812921216,1,4.0
1483,-2.8801163455986583,1,4.0
1484,-1.1390612545053955,1,4.0
1485,-2.148252746975401,1,4.0
1486,1.117915739391849,1,4.0
1487,2.9615793086385245,1,4.0
1488,1.271946937023169,1,4.0
1489,-0.35268725446063576,1,4.0
1490,0.18853721420353478,1,4.0
1491,2.3989988129144693,1,4.0
1492,1.9428121683149948,1,4.0
1493,1.1039594240855501,1,4.0
1494,2.9233853740815148,1,4.0
1495,3.3774828647679795,1,4.0
1496,1.0311758620326925,1,4.0
1497,-0.5800848520127034,1,4.0
1498,-4.770559224735238,1,4.0
1499,-3.8337068254171927,1,4.0
1500,-3.451737013102878,1,4.0
1501,-1.4851638863946117,1,4.0
1502,-2.4201822469832326,1,4.0
1503,-2.5630215910607257,1,4.0
1504,-2.602100053021942,1,4.0
1505,-2.897695242055846,1,4.0
1506,-2.6636980633531326,1,4.0
1507,-3.0750616234671675,1,4.0
1508,0.1477912938616699,1,4.0
1509,-0.25341623448299866,1,4.0
1510,0.5515129253170915,1,4.0
1511,1.041642037243846,1,4.0
1512,-1.4100644268037783,1,4.0
1513,-5.040710093300717,1,4.0
1514,-5.9039152217081305,1,4.0
1515,-4.931316495625118,1,4.0
1516,-3.547945302119275,1,4.0
1517,-5.325369613380273,1,4.0
1518,-2.5711894869474796,1,4.0
1519,-2.590629819295027,1,4.0
1520,-0.31441631153636895,1,4.0
1521,-2.196868494893161,1,4.0
1522,-7.37921384810431,1,4.0
1523,-4.214346909017982,1,4.0
1524,-2.168849168511287,1,4.0
1525,2.8375348945924417,1,4.0
1526,2.026699089562355,1,4.0
1527,1.8987096212806884,1,4.0
1528,4.654589573092881,1,4.0
1529,-2.386252624417017,1,4.0
1530,-4.704391110000037,1,4.0
1531,-7.328000571519172,1,4.0
1532,-4.614692521670721,1,4.0
1533,-3.9078833207630375,1,4.0
1534,-1.8611218008168395,1,4.0
1535,-4.648249207682708,1,4.0
1536,-4.930935634827895,1,4.0
1537,-3.7658717602394938,1,4.0
1538,-3.263830438648599,1,4.0
1539,-3.1446868482460815,1,4.0
1540,-0.3854703055358064,1,4.0
1541,-2.0025511138393175,1,4.0
1542,-2.65774549972628,1,4.0
1543,-3.168322162561322,1,4.0
1544,-1.2740807208141867,1,4.0
1545,-3.2603802540353515,1,4.0
1546,-4.677301998756663,1,4.0
1547,-5.538310219641506,1,4.0
1548,-7.500877318000645,1,4.0
1549,-6.041004657260159,1,4.0
1550,-5.9013301647711325,1,4.0
1551,-8.641211768569773,1,4.0
1552,-7.551902695380626,1,4.0
1553,-5.605578307259608,1,4.0
1554,-1.1913904054810134,1,4.0
1555,-1.4496386986736576,1,4.0
1556,1.2787101677912611,1,4.0
1557,0.8764729942374854,1,4.0
1558,2.8583408783151354,1,4.0
1559,-0.822697422664552,1,4.0
1560,-3.709531103080621,1,4.0
1561,-3.4524677236220436,1,4.0
1562,-3.4470160199270943,1,4.0
1563,-2.748468679860656,1,4.0
1564,-1.4229648565137445,1,4.0
1565,-3.7184768038601517,1,4.0
1566,-2.568287812425902,1,4.0
1567,-3.297852499389414,1,4.0
1568,1.235781008683908,1,4.0
1569,0.1217718453530291,1,4.0
1570,-1.1877911306705244,1,4.0
1571,2.340123969386646,1,4.0
1572,-1.872680433216193,1,4.0
1573,1.678806708714479,1,4.0
1574,1.5934889283535485,1,4.0
1575,-0.030739155355206105,1,4.0
1576,-1.1270874815712104,1,4.0
1577,-1.013708256411609,1,4.0
1578,-0.35344699173927974,1,4.0
1579,-1.9805930701308303,1,4.0
1580,-0.9131086371208919,1,4.0
1581,0.5383188571030182,1,4.0
1582,0.14414390527211077,1,4.0
1583,2.897454593504486,1,4.0
1584,-0.0803854459374218,1,4.0
1585,-0.0646110067308171,1,4.0
1586,1.664664477413103,1,4.0
1587,1.8467167622151064,1,4.0
1588,4.040568705930012,1,4.0
1589,4.5318502936809475,1,4.0
1590,0.803231133422841,1,4.0
1591,3.2103994582536677,1,4.0
1592,0.9265843779410019,1,4.0
1593,2.731511360664827,1,4.0
1594,1.8579925044380143,1,4.0
1595,3.4094124514106454,1,4.0
1596,-2.5099063146363023,1,4.0
1597,-0.4278620705410334,1,4.0
1598,-0.7256377726355371,1,4.0
1599,2.4425836888376953,1,4.0
1600,4.758847196626045,1,4.0
1601,5.993128785430596,1,4.0
1602,3.8399937805827515,1,4.0
1603,2.7399463253749867,1,4.0
1604,0.17917778705351894,1,4.0
1605,-0.05174692573431841,1,4.0
1606,0.14385214384564438,1,4.0
1607,1.1337540922759155,1,4.0
1608,3.5215939593449996,1,4.0
1609,0.703563272396516,1,4.0
1610,0.8452547405219364,1,4.0
1611,1.838965643826978,1,4.0
1612,0.9639103477288682,1,4.0
1613,-2.706601885825144,1,4.0
1614,-2.8353275339524475,1,4.0
1615,-3.22830476501022,1,4.0
1616,-4.613098724390154,1,4.0
1617,-2.8953791141190823,1,4.0
1618,-2.8859347156257686,1,4.0
1619,-2.614907822037865,1,4.0
1620,-1.6895269434524474,1,4.0
1621,-1.4564376364305087,1,4.0
1622,-0.07220422357151168,1,4.0
1623,0.8927230260809665,1,4.0
1624,0.9540493827955956,1,4.0
1625,1.365141781108522,1,4.0
1626,2.3023793312031726,1,4.0
1627,0.8093094052044589,1,4.0
1628,2.529251717046544,1,4.0
1629,4.287739859276527,1,4.0
1630,2.6459671557722833,1,4.0
1631,4.448987999263114,1,4.0
1632,4.170794985849993,1,4.0
1633,3.81158436037283,1,4.0
1634,6.155024919312199,1,4.0
1635,1.6664742715020542,1,4.0
1636,2.760651525715649,1,4.0
1637,0.5486895929274658,1,4.0
1638,0.6947788681440128,1,4.0
1639,-3.9435620321957177,1,4.0
1640,-1.1947892860703135,1,4.0
1641,1.4123875917083035,1,4.0
1642,-1.1632123301909254,1,4.0
1643,2.1960859200653298,1,4.0
1644,0.2250643130769081,1,4.0
1645,-0.30339088264273145,1,4.0
1646,-2.637648686618276,1,4.0
1647,-1.2048194342180483,1,4.0
1648,-1.8824941509414477,1,4.0
1649,-2.01411976238566,1,4.0
1650,-1.5961812673569664,1,4.0
1651,-3.6350514817931074,1,4.0
1652,-1.909532165194125,1,4.0
1653,-2.3215887149764747,1,4.0
1654,0.6325730742883509,1,4.0
1655,-0.1273038831857537,1,4.0
1656,0.44636118656424456,1,4.0
1657,0.6962261140625885,1,4.0
1658,2.4252560444510523,1,4.0
1659,4.068839386221522,1,4.0
1660,2.4793813845470742,1,4.0
1661,-0.7117045058272871,1,4.0
1662,-1.097018212024277,1,4.0
1663,-2.0742249643274384,1,4.0
1664,-0.7029257003223967,1,4.0
1665,-1.6053766147712716,1,4.0
1666,-0.9992409872400905,1,4.0
1667,-0.8273224936930504,1,4.0
1668,-0.5912220484061617,1,4.0
1669,-2.851418505920314,1,4.0
1670,-0.3707261916715223,1,4.0
1671,-1.7502027676575567,1,4.0
1672,-4.9867284528908264,1,4.0
1673,-5.550704639742221,1,4.0
1674,-5.141134375923665,1,4.0
1675,-4.971471528632822,1,4.0
1676,-3.2703273353149016,1,4.0
1677,-3.9317382191732517,1,4.0
1678,-2.845245543957422,1,4.0
1679,-0.6939202675959706,1,4.0
1680,-2.6906197401780467,1,4.0
1681,-3.6383085727466575,1,4.0
1682,-0.10946136531992767,1,4.0
1683,0.4364061633273594,1,4.0
1684,1.6797241816607367,1,4.0
1685,0.5112095031766192,1,4.0
1686,-0.01326063206624234,1,4.0
1687,-0.5908928750771909,1,4.0
1688,-2.3080466073688584,1,4.0
1689,0.24459355406686756,1,4.0
1690,-2.42338060962103,1,4.0
1691,-3.32209690352277,1,4.0
1692,-4.918630518271271,1,4.0
1693,-0.11717516179525322,1,4.0
1694,-2.1340102611128016,1,4.0
1695,0.5010046446067127,1,4.0
1696,-2.5924134196521673,1,4.0
1697,1.9111879702183805,1,4.0
1698,6.014078495275004,1,4.0
1699,3.862877907438506,1,4.0
1700,5.446123385052456,1,4.0
1701,1.026820380623945,1,4.0
1702,-0.3953270297525069,1,4.0
1703,2.013608858239195,1,4.0
1704,1.3632437144158027,1,4.0
1705,-0.21919910344168725,1,4.0
1706,-0.235579991063946,1,4.0
1707,-1.5100990513469983,1,4.0
1708,-2.6401629377587,1,4.0
1709,-0.22697078139188598,1,4.0
1710,-4.149160748512487,1,4.0
1711,-4.291584281686073,1,4.0
1712,-3.2339187138957124,1,4.0
1713,-0.6901323396194121,1,4.0
1714,-0.3932091004638659,1,4.0
1715,-1.3540957608413817,1,4.0
1716,-5.61467282667723,1,4.0
1717,1.5690827460437697,1,4.0
1718,-0.6526600612547548,1,4.0
1719,0.6737034191123497,1,4.0
1720,-2.2447241556460313,1,4.0
1721,0.014926244713482362,1,4.0
1722,-2.987466667062418,1,4.0
1723,-3.4736208372083004,1,4.0
1724,-2.4762976026354098,1,4.0
1725,-4.38239799019467,1,4.0
1726,-1.703008241226435,1,4.0
1727,-1.2944632375513465,1,4.0
1728,1.1843375619736873,1,4.0
1729,2.4002053752900596,1,4.0
1730,0.7359154242565733,1,4.0
1731,-1.956914402128612,1,4.0
1732,-2.199654584850105,1,4.0
1733,0.4385748260204141,1,4.0
1734,-3.017484542254942,1,4.0
1735,-0.12175913336808941,1,4.0
1736,-3.319253776748958,1,4.0
1737,-1.3362930800156152,1,4.0
1738,-0.091916229794337,1,4.0
1739,-1.942118458298356,1,4.0
1740,-4.323876924100939,1,4.0
1741,-3.2160757948930723,1,4.0
1742,-1.3665417941645368,1,4.0
1743,-3.6154543190651034,1,4.0
1744,-1.787690896357156,1,4.0
1745,-0.8836720071352084,1,4.0
1746,-3.256409702011892,1,4.0
1747,-6.131108528994081,1,4.0
1748,-4.453956283032125,1,4.0
1749,-3.941480814886673,1,4.0
1750,-3.51622965821581,0,0.25
1751,-2.937742549887386,0,0.25
1752,-1.0274453227433433,0,0.25
1753,-0.4326009211938739,0,0.25
1754,-0.07239912776529822,0,0.25
1755,-0.47256401209841165,0,0.25
1756,-0.3654548817787845,0,0.25
1757,0.2673702409054601,0,0.25
1758,-0.30515638361442143,0,0.25
1759,-0.5448520850684969,0,0.25
1760,-0.6042043665487026,0,0.25
1761,-0.7136076857567668,0,0.25
1762,-0.25237649162193854,0,0.25
1763,-0.5878306976177478,0,0.25
1764,-0.3616890384493644,0,0.25
1765,-0.14449082539205735,0,0.25
1766,0.010826524406977553,0,0.25
1767,0.09015872859368058,0,0.25
1768,-0.6605316952590552,0,0.25
1769,-1.140496970122241,0,0.25
1770,-1.7233395894278574,0,0.25
1771,-1.1434959950814667,0,0.25
1772,-0.5445175039018668,0,0.25
1773,-0.15959119540635247,0,0.25
1774,0.6344186046552774,0,0.25
1775,0.30243232151973565,0,0.25
1776,0.7398202505362972,0,0.25
1777,0.5937702333319358,0,0.25
1778,0.8349178191565162,0,0.25
1779,0.21703800110682925,0,0.25
1780,0.09943824551752387,0,0.25
1781,-0.3515042679473175,0,0.25
1782,-0.8090469612357322,0,0.25
1783,-1.6545316003276076,0,0.25
1784,-0.6740042425757197,0,0.25
1785,-0.2996240708692278,0,0.25
1786,1.2171475313296882,0,0.25
1787,0.8824980894197377,0,0.25
1788,0.8125793094553434,0,0.25
1789,0.057878814534816025,0,0.25
1790,0.5957028994320149,0,0.25
1791,0.09578279198942158,0,0.25
1792,1.123297837502863,0,0.25
1793,2.0093455790194925,0,0.25
1794,0.44456758170396826,0,0.25
1795,-0.03596541808751674,0,0.25
1796,-0.6744444186112054,0,0.25
1797,-0.8762553259951082,0,0.25
1798,-1.239207811914793,0,0.25
1799,-0.6752960675171108,0,0.25
1800,0.1821368975105947,0,0.25
1801,0.19540163717631914,0,0.25
1802,0.8455732193469012,0,0.25
1803,0.8473225404568564,0,0.25
1804,1.154535306251384,0,0.25
1805,1.5899007714183622,0,0.25
1806,0.715442134199358,0,0.25
1807,1.3652970441213124,0,0.25
1808,0.5350215498327875,0,0.25
1809,-0.08491391705028645,0,0.25
1810,0.38100216570066325,0,0.25
1811,-0.16741977205808378,0,0.25
1812,-0.6337787537637048,0,0.25
1813,-0.032613526033978546,0,0.25
1814,-0.15079993154506297,0,0.25
1815,-0.3866415712145091,0,0.25
1816,-0.6459331581007752,0,0.25
1817,-0.9169937500717918,0,0.25
1818,-0.5248375593862427,0,0.25
1819,-0.445296883536797,0,0.25
1820,-0.6296533945308518,0,0.25
1821,0.6171076619442817,0,0.25
1822,0.7606141572966322,0,0.25
1823,-0.09951048504915405,0,0.25
1824,0.08589487993821154,0,0.25
1825,-0.28575139418735435,0,0.25
1826,-0.4623048420480197,0,0.25
1827,0.6328514626650887,0,0.25
1828,1.0970871654604808,0,0.25
1829,0.9175690745228294,0,0.25
1830,1.2018971794677353,0,0.25
1831,0.11273744542358155,0,0.25
1832,0.4419889841794633,0,0.25
1833,0.7098615745035209,0,0.25
1834,0.1378041754462243,0,0.25
1835,-0.742743245636576,0,0.25
1836,-0.22240376015290514,0,0.25
1837,-0.012208556624193984,0,0.25
1838,-0.05310248620122624,0,0.25
1839,-0.00517870936007727,0,0.25
1840,0.04623153523221771,0,0.25
1841,0.4881363240387644,0,0.25
1842,1.0830268635123326,0,0.25
1843,0.5310795122861546,0,0.25
1844,1.0196917009618993,0,0.25
1845,0.4841650491467231,0,0.25
1846,-0.023606123537984303,0,0.25
1847,-0.1488079931741905,0,0.25
1848,0.21010720924688936,0,0.25
1849,0.39161412680036245,0,0.25
1850,0.25147845449954576,0,0.25
1851,-0.35558665434054665,0,0.25
1852,0.22768576912816968,0,0.25
1853,-0.01363015490631328,0,0.25
1854,-0.0404769388500251,0,0.25
1855,-0.4496807323494957,0,0.25
1856,0.5509624124649997,0,0.25
1857,0.1615095643765544,0,0.25
1858,-0.5851612906510497,0,0.25
1859,-0.020078900968388214,0,0.25
1860,-0.04746051712798265,0,0.25
1861,0.38000203886649664,0,0.25
1862,0.6675429932991611,0,0.25
1863,-0.4241389479613815,0,0.25
1864,-0.44191340270107105,0,0.25
1865,0.8414027240612982,0,0.25
1866,0.8298822891368194,0,0.25
1867,0.8234664038086924,0,0.25
1868,1.0756259472312242,0,0.25
1869,1.3696465355695853,0,0.25
1870,0.9716875967713587,0,0.25
1871,1.12041085143296,0,0.25
1872,1.1648002652118186,0,0.25
1873,0.9348922422837378,0,0.25
1874,0.6493822729788341,0,0.25
1875,0.8370931318699888,0,0.25
1876,0.7710021333009169,0,0.25
1877,0.07127365173075312,0,0.25
1878,-0.6020166315212868,0,0.25
1879,-0.4454505608072947,0,0.25
1880,-0.3568449710198484,0,0.25
1881,0.45789175554470746,0,0.25
1882,0.30879669550306715,0,0.25
1883,0.1936852913250444,0,0.25
1884,-0.0730789337180694,0,0.25
1885,0.045124207020973715,0,0.25
1886,0.22218143832330606,0,0.25
1887,0.6986799845667446,0,0.25
1888,0.23275266710557602,0,0.25
1889,0.41631718289544595,0,0.25
1890,0.7432902580319228,0,0.25
1891,-0.3449830769879585,0,0.25
1892,-0.10364858318672987,0,0.25
1893,-0.539439221764076,0,0.25
1894,-0.6605548582144972,0,0.25
1895,-0.6078294297445392,0,0.25
1896,-0.5942820777525762,0,0.25
1897,-0.8646551658015946,0,0.25
1898,-0.5323608394385894,0,0.25
1899,-0.11376468260422412,0,0.25
1900,-0.23527246243467537,0,0.25
1901,-0.7231190826342242,0,0.25
1902,-0.7464400691395161,0,0.25
1903,0.28268323410474716,0,0.25
1904,0.47897855247219223,0,0.25
1905,0.06190176042884288,0,0.25
1906,-0.5085730371612904,0,0.25
1907,-0.2524597205339869,0,0.25
1908,-0.08653724577346439,0,0.25
1909,1.02201480278094,0,0.25
1910,-0.08105351048943799,0,0.25
1911,0.14370730827159628,0,0.25
1912,0.5930097243888053,0,0.25
1913,0.9438461225048518,0,0.25
1914,-0.05445281678886249,0,0.25
1915,0.1769102453693476,0,0.25
1916,0.1674736011614399,0,0.25
1917,0.2789426096744829,0,0.25
1918,0.39754360717512205,0,0.25
1919,-0.08191890498949078,0,0.25
1920,0.18207247253433823,0,0.25
1921,-0.3178569056960281,0,0.25
1922,-0.9847701045427162,0,0.25
1923,-0.9983176367533045,0,0.25
1924,-0.6045574661348521,0,0.25
1925,0.39140055154082276,0,0.25
1926,0.05828434081874481,0,0.25
1927,0.7637577878284053,0,0.25
1928,0.09397413414598715,0,0.25
1929,-0.27091107045444063,0,0.25
1930,-0.9374233936884706,0,0.25
1931,-0.7188647461951074,0,0.25
1932,-0.5503044102791977,0,0.25
1933,-0.006955216156178334,0,0.25
1934,-0.23461652836701852,0,0.25
1935,-0.11830675447587646,0,0.25
1936,-0.7348226960449861,0,0.25
1937,-0.6720448668887603,0,0.25
1938,0.3402095929151508,0,0.25
1939,-0.32153044663940006,0,0.25
1940,-0.2549577911718299,0,0.25
1941,0.2152026727133207,0,0.25
1942,0.4350725490753715,0,0.25
1943,0.15898556238472045,0,0.25
1944,-0.1903306969434071,0,0.25
1945,-0.799169235210135,0,0.25
1946,0.0330292167895232,0,0.25
1947,-0.8332082510587601,0,0.25
1948,-0.809763965883584,0,0.25
1949,-1.2137736374750734,0,0.25
1950,-1.1978146224275295,0,0.25
1951,-1.5570038009058962,0,0.25
1952,-1.2058044433536053,0,0.25
1953,-0.5175339775486089,0,0.25
1954,-0.7379379528004979,0,0.25
1955,-0.6159677049661932,0,0.25
1956,-0.4326310437167128,0,0.25
1957,-0.5804192393605399,0,0.25
1958,0.3896117022259931,0,0.25
1959,-0.26481284630955204,0,0.25
1960,-0.5283595000235756,0,0.25
1961,0.01866019753303677,0,0.25
1962,0.047130288842374475,0,0.25
1963,-0.09539378711169082,0,0.25
1964,0.4648737185262131,0,0.25
1965,-0.7952718307360589,0,0.25
1966,-0.4405548578540272,0,0.25
1967,0.29255312595904803,0,0.25
1968,-0.45837838246159907,0,0.25
1969,1.061933582064437,0,0.25
1970,0.9059265138505139,0,0.25
1971,0.8161950423202653,0,0.25
1972,0.8215908876702778,0,0.25
1973,0.6141083913367424,0,0.25
1974,1.5337939363314064,0,0.25
1975,0.44224565573884933,0,0.25
1976,-0.14862555710511977,0,0.25
1977,0.17055522246244492,0,0.25
1978,0.41543806617078655,0,0.25
1979,-0.24982273129834287,0,0.25
1980,0.36565874221487626,0,0.25
1981,-0.3533953411854371,0,0.25
1982,-0.5812414063313242,0,0.25
1983,-0.6643983702673664,0,0.25
1984,-0.427165333478578,0,0.25
1985,-0.4096980850489773,0,0.25
1986,-0.15287253742636997,0,0.25
1987,0.20849251947838535,0,0.25
1988,0.49792701504734777,0,0.25
1989,-0.1551976482321883,0,0.25
1990,-0.4177285252994445,0,0.25
1991,0.4035467614302978,0,0.25
1992,0.5927894735571162,0,0.25
1993,0.767069281427877,0,0.25
1994,-0.055918687133080236,0,0.25
1995,-1.7928803898831671,0,0.25
1996,-1.0683184887371322,0,0.25
1997,0.40237932732028714,0,0.25
1998,-0.7492793457229816,0,0.25
1999,-0.3790313058283968,0,0.25
2000,-0.20758272512448017,0,0.25
2001,-1.204958335821652,0,0.25
2002,-0.22071984255070898,0,0.25
2003,-0.053308432841573716,0,0.25
2004,-0.433350797111653,0,0.25
2005,-0.03645571183618218,0,0.25
2006,-0.15800908240288966,0,0.25
2007,0.3641304418082677,0,0.25
2008,1.1311089078201573,0,0.25
2009,0.6416574163921116,0,0.25
2010,0.7540482601967083,0,0.25
2011,1.4191837727797147,0,0.25
2012,0.33582003761138035,0,0.25
2013,0.244967232199301,0,0.25
2014,-0.3610618951043346,0,0.25
2015,0.12601969075114816,0,0.25
2016,-0.48097403213445306,0,0.25
2017,-0.16843490975157377,0,0.25
2018,-0.37439608869970675,0,0.25
2019,-0.1274818846124629,0,0.25
2020,-0.32949010729359074,0,0.25
2021,-1.3400117525775361,0,0.25
2022,-1.8160655664684686,0,0.25
2023,-0.6844440764092339,0,0.25
2024,0.1327826951687729,0,0.25
2025,-0.10259852617133866,0,0.25
2026,0.04285235174090807,0,0.25
2027,-0.5528530664629256,0,0.25
2028,-0.9120757992682492,0,0.25
2029,-1.485008853335969,0,0.25
2030,-1.2438961128891397,0,0.25
2031,-0.030215335161022594,0,0.25
2032,-0.6625887349831862,0,0.25
2033,-0.048701074254433485,0,0.25
2034,0.19563765538532793,0,0.25
2035,0.41127529788274425,0,0.25
2036,-0.5833102645855246,0,0.25
2037,-1.023125454875809,0,0.25
2038,-0.21619766826136189,0,0.25
2039,-1.0840135941497406,0,0.25
2040,-0.8646228613786112,0,0.25
2041,-0.8122439833956475,0,0.25
2042,-0.6560563696241644,0,0.25
2043,-0.06698601364738133,0,0.25
2044,-0.3380364042693786,0,0.25
2045,0.24748738743240611,0,0.25
2046,0.5812999722565837,0,0.25
2047,-0.4768095953600644,0,0.25
2048,-0.3321754717461866,0,0.25
2049,-0.47113949847926795,0,0.25
2050,-0.3435415842782197,0,0.25
2051,-0.6581552212521954,0,0.25
2052,-0.5398376252386823,0,0.25
2053,0.27180905581891346,0,0.25
2054,0.2242433544133177,0,0.25
2055,-0.4578875167354138,0,0.25
2056,-0.27343634465703676,0,0.25
2057,0.112332039285896,0,0.25
2058,-0.7352457592065966,0,0.25
2059,-0.79342929669928,0,0.25
2060,-0.818655142054611,0,0.25
2061,-0.20856018968437312,0,0.25
2062,-0.3249121201234937,0,0.25
2063,-0.33994586230156476,0,0.25
2064,-0.017677759660932074,0,0.25
2065,0.2994924253885791,0,0.25
2066,0.016768005588466084,0,0.25
2067,1.041904567300532,0,0.25
2068,0.9971894116244662,0,0.25
2069,1.1560501533798853,0,0.25
2070,0.6990642849693077,0,0.25
2071,0.325785630309921,0,0.25
2072,-0.3443358493661457,0,0.25
2073,-1.3407588562307216,0,0.25
2074,-0.32305542601647563,0,0.25
2075,-0.2553510156333995,0,0.25
2076,-0.7049310637237687,0,0.25
2077,-0.6369025442421999,0,0.25
2078,-0.05366738462430526,0,0.25
2079,0.023832406222735428,0,0.25
2080,0.5864870354036292,0,0.25
2081,-0.3575411884673523,0,0.25
2082,-0.2614225209825597,0,0.25
2083,-0.3066035897004479,0,0.25
2084,0.4864373249239523,0,0.25
2085,0.5984403935099065,0,0.25
2086,0.7619468005020972,0,0.25
2087,1.1868902396249943,0,0.25
2088,1.153452214093848,0,0.25
2089,0.04074834156782703,0,0.25
2090,0.7424068981670899,0,0.25
2091,0.847394817372549,0,0.25
2092,0.5339930905676076,0,0.25
2093,0.5946173296822916,0,0.25
2094,1.253923102215459,0,0.25
2095,1.291521208261075,0,0.25
2096,0.8695252160194569,0,0.25
2097,0.9117134293921765,0,0.25
2098,0.24851579972943705,0,0.25
2099,0.4235796589651891,0,0.25
2100,0.2907948503409242,0,0.25
2101,0.4084365480931823,0,0.25
2102,-0.624195622378718,0,0.25
2103,-1.17812851604442,0,0.25
2104,0.5467819038784055,0,0.25
2105,0.2635459122562792,0,0.25
2106,0.12377155982093328,0,0.25
2107,0.36278072298292896,0,0.25
2108,0.13616459046939794,0,0.25
2109,0.2777355927931187,0,0.25
2110,-0.6866955655231028,0,0.25
2111,-0.47748951006546725,0,0.25
2112,-0.33668233848110635,0,0.25
2113,-1.1417477310458564,0,0.25
2114,-1.545532426011051,0,0.25
2115,-0.6352354986217088,0,0.25
2116,-0.8687719191278008,0,0.25
2117,-0.9862547851880967,0,0.25
2118,-0.4819217876029537,0,0.25
2119,-0.5192208040045388,0,0.25
2120,-1.4614288235740498,0,0.25
2121,-1.2226888653457917,0,0.25
2122,-1.0210812296679617,0,0.25
2123,-1.4543896846760835,1,4.0
2124,1.3476376123943492,1,4.0
2125,1.7400564637680567,1,4.0
2126,-0.35312737276919637,1,4.0
2127,4.947977737626993,1,4.0
2128,3.33568626111,1,4.0
2129,-0.7257718596423715,1,4.0
2130,-1.591350239329577,1,4.0
2131,-3.6580351095636665,1,4.0
2132,-4.354410332376371,1,4.0
2133,-3.180670778548727,1,4.0
2134,-4.315262842595943,1,4.0
2135,-0.8799352425258973,1,4.0
2136,-0.15936056494686618,1,4.0
2137,-1.0681973823813544,1,4.0
2138,-1.5801490892148495,1,4.0
2139,-1.2997329614465687,1,4.0
2140,-1.0156183118934974,1,4.0
2141,-2.3093623100397385,1,4.0
2142,-0.16932569643935325,1,4.0
2143,-3.676784403419206,1,4.0
2144,-2.2111497643069176,1,4.0
2145,-0.8904338677673985,1,4.0
2146,-0.07287993500643553,1,4.0
2147,1.8600702077330111,1,4.0
2148,-0.3762660021997515,1,4.0
2149,1.1097231189628287,1,4.0
2150,-3.1793745007226404,1,4.0
2151,-4.202450162819119,1,4.0
2152,-5.585426346355479,1,4.0
2153,-2.608144080491888,1,4.0
2154,-6.4874045222658605,1,4.0
2155,-2.842229231505877,1,4.0
2156,-2.0395392219617903,1,4.0
2157,-2.697766359731674,1,4.0
2158,-4.742409695915955,1,4.0
2159,-4.0345397320172705,1,4.0
2160,1.7158785843396673,1,4.0
2161,-3.40555901599109,1,4.0
2162,-3.6910560586466534,1,4.0
2163,-1.7696994502553545,1,4.0
2164,-0.6622263252818459,1,4.0
2165,0.02250148405868596,1,4.0
2166,-1.09925086621182,1,4.0
2167,-1.0685842730405004,1,4.0
2168,-3.1888983761471508,1,4.0
2169,-0.46149782375021964,1,4.0
2170,-1.8876887913677352,1,4.0
2171,-2.7283192684679696,1,4.0
2172,-0.5857340861211884,1,4.0
2173,-1.1550578077790912,1,4.0
2174,0.9143161290588561,1,4.0
2175,-0.6559456676653266,1,4.0
2176,-2.2091862696772857,1,4.0
2177,-2.4922629115755357,1,4.0
2178,-2.768065156234688,1,4.0
2179,-3.060331478143537,1,4.0
2180,-1.6626650727128154,1,4.0
2181,-0.8601066737453862,1,4.0
2182,-0.9908322639391229,1,4.0
2183,0.367464494116138,1,4.0
2184,0.9545214095389296,1,4.0
2185,2.233733149302678,1,4.0
2186,0.9635197736748065,1,4.0
2187,-0.18246379603963536,1,4.0
2188,-0.314814989775439,1,4.0
2189,3.276998531308059,1,4.0
2190,5.2138363626453135,1,4.0
2191,4.058596395140977,1,4.0
2192,1.1339592282003765,1,4.0
2193,2.109073847781713,1,4.0
2194,4.283311417568511,1,4.0
2195,6.602808234248447,1,4.0
2196,5.925358452469199,1,4.0
2197,1.7730453848182508,1,4.0
2198,-0.9137930246411292,1,4.0
2199,-1.8713092221857432,1,4.0
2200,0.9543461755503033,1,4.0
2201,-0.2902006435820297,1,4.0
2202,0.8369731896760744,1,4.0
2203,-2.4489126214233914,1,4.0
2204,-0.13988048340443404,1,4.0
2205,0.834960320306156,1,4.0
2206,-0.9257567829184336,1,4.0
2207,-1.1908058302492641,1,4.0
2208,-1.8634256205256536,1,4.0
2209,-0.9357859858349313,1,4.0
2210,-1.5597941260243342,1,4.0
2211,-2.8237734468237967,1,4.0
2212,-2.594042386301849,1,4.0
2213,-3.25585551255712,1,4.0
2214,-1.6597908883802093,1,4.0
2215,-2.0370278510795092,1,4.0
2216,-3.135523066536387,1,4.0
2217,-3.8893778903614553,1,4.0
2218,-3.8367091488937213,1,4.0
2219,-2.968555879858216,1,4.0
2220,-2.5027082841180626,1,4.0
2221,-3.992135860918741,1,4.0
2222,-3.8538299462188528,1,4.0
2223,-2.9961563774659092,1,4.0
2224,-0.7372912692651312,1,4.0
2225,1.8461954106592064,1,4.0
2226,1.4647286272646338,1,4.0
2227,3.4766639328145508,1,4.0
2228,5.609221422904783,1,4.0
2229,4.927457563397184,1,4.0
2230,7.227788952297624,1,4.0
2231,2.0305967264353173,1,4.0
2232,1.9130831175092469,1,4.0
2233,0.8068596842573699,1,4.0
2234,-0.3296362343734457,1,4.0
2235,-2.0556887963379666,1,4.0
2236,-3.324219275063997,1,4.0
2237,-1.9252568886720849,1,4.0
2238,-2.9905665747042955,1,4.0
2239,-2.2580006371489185,1,4.0
2240,-3.431152326180406,1,4.0
2241,2.08914828690921,1,4.0
2242,1.76295256010314,1,4.0
2243,-0.8269058509832155,1,4.0
2244,-3.979140534407635,1,4.0
2245,-7.907664774039755,1,4.0
2246,-7.582062256347616,1,4.0
2247,-3.873395249067446,1,4.0
2248,-4.135559469963026,1,4.0
2249,-4.130828809131746,1,4.0
2250,-1.0656273715402613,1,4.0
2251,-1.5173759104199795,1,4.0
2252,-0.8986756360624553,1,4.0
2253,-1.265253793046646,1,4.0
2254,0.13517272118576829,1,4.0
2255,-0.05742396423702889,1,4.0
2256,-1.7377429296408053,1,4.0
2257,-2.4444108206071102,1,4.0
2258,0.25266249670250085,1,4.0
2259,1.404631145027073,1,4.0
2260,2.1055699973975592,1,4.0
2261,4.734183560448843,1,4.0
2262,2.056844566221893,1,4.0
2263,3.0726685532868827,1,4.0
2264,-1.5262368826720527,1,4.0
2265,-0.5908128728434497,1,4.0
2266,-1.5042421768828083,1,4.0
2267,-1.222287276372831,1,4.0
2268,-1.9833358946604462,1,4.0
2269,2.198532147872385,1,4.0
2270,1.5807725307581026,1,4.0
2271,3.2456557628540255,1,4.0
2272,1.2284718361749485,1,4.0
2273,1.3033575134950541,1,4.0
2274,0.3782021586683454,1,4.0
2275,-1.2463134087447147,1,4.0
2276,-1.2611225942189066,1,4.0
2277,0.33255906172742355,1,4.0
2278,3.3564442528293346,1,4.0
2279,2.6034091155803987,1,4.0
2280,-0.6177969922829767,1,4.0
2281,1.9447596456650567,1,4.0
2282,0.5490467403091099,1,4.0
2283,1.797081384257737,1,4.0
2284,-0.841529329710667,1,4.0
2285,-0.3556560158630815,1,4.0
2286,0.6070926494899114,1,4.0
2287,0.5962656509596377,1,4.0
2288,2.4300800081888823,1,4.0
2289,0.055090383897390405,1,4.0
2290,2.645952795296954,1,4.0
2291,-0.7132502414820823,1,4.0
2292,2.773480743439356,1,4.0
2293,4.323586741884728,1,4.0
2294,4.323815812761119,1,4.0
2295,0.06737938677329725,1,4.0
2296,1.3162936996772134,1,4.0
2297,-0.15435287041103007,1,4.0
2298,-1.1424402009036074,1,4.0
2299,-0.6089469821474958,1,4.0
2300,3.0435023765180507,1,4.0
2301,1.5847482968668292,1,4.0
2302,-2.0603177857726913,1,4.0
2303,-3.603585066219502,1,4.0
2304,-1.5645574561759257,1,4.0
2305,-2.5059418384862906,1,4.0
2306,-2.530300925996521,1,4.0
2307,1.716195233020947,1,4.0
2308,0.8236328453847863,1,4.0
2309,-0.010449084942840248,1,4.0
2310,-2.678885816192032,1,4.0
2311,-4.720433505953671,1,4.0
2312,-5.5176488813798255,1,4.0
2313,-3.5790013883763288,1,4.0
2314,0.702055356364367,1,4.0
2315,-1.0567335873180783,1,4.0
2316,-0.5883160350578045,1,4.0
2317,0.5999808396683115,1,4.0
2318,-2.436841508924626,1,4.0
2319,-2.464288159673222,1,4.0
2320,-3.7894113389836654,1,4.0
2321,-2.545690888153094,1,4.0
2322,-3.533394426605903,1,4.0
2323,-4.077031376459914,1,4.0
2324,-7.04407324160702,1,4.0
2325,-5.249958062023399,1,4.0
2326,-3.477380270445606,1,4.0
2327,-1.2191596999492331,1,4.0
2328,-1.3193763982358218,1,4.0
2329,2.1595721956537717,1,4.0
2330,-1.6363033051620663,1,4.0
2331,-2.472693577918714,1,4.0
2332,-4.705392126010333,1,4.0
2333,-2.1535077643505254,1,4.0
2334,1.2841440039948793,1,4.0
2335,1.2955762735497394,1,4.0
2336,3.188929063240704,1,4.0
2337,4.247468986886049,1,4.0
2338,0.5184750289118392,1,4.0
2339,-0.9635218968483028,1,4.0
2340,-1.4132553263368997,1,4.0
2341,-2.2328272476784057,1,4.0
2342,-4.63993269595583,1,4.0
2343,-5.9432536509174465,1,4.0
2344,-0.016859290598770116,1,4.0
2345,3.278846684466879,1,4.0
2346,2.013473043414046,1,4.0
2347,1.5200370970413624,1,4.0
2348,-4.165909161706543,1,4.0
2349,-6.148774784362039,1,4.0
2350,-7.389225952484609,1,4.0
2351,-6.260488208324004,1,4.0
2352,-4.159728475084709,1,4.0
2353,-0.5805347409331874,1,4.0
2354,-2.4687093549722636,1,4.0
2355,-2.480035904577182,1,4.0
2356,-4.904295364610882,1,4.0
2357,-4.373272212439811,1,4.0
2358,-6.533615018643173,1,4.0
2359,-2.7494148906717104,1,4.0
2360,-1.4260829266872372,1,4.0
2361,-1.55765478539885,1,4.0
2362,-2.4863404793913197,1,4.0
2363,-1.600959577046405,1,4.0
2364,-1.5061835966927597,1,4.0
2365,-3.300700956126991,1,4.0
2366,-4.049347422767197,1,4.0
2367,-1.7260071832179291,1,4.0
2368,-2.550250744291089,1,4.0
2369,-5.234367785929093,1,4.0
2370,-2.79443862829508,1,4.0
2371,1.3574249315526925,1,4.0
2372,1.4289681705929542,1,4.0
2373,-1.1854705221136104,1,4.0
2374,-2.043543292429672,1,4.0
2375,-0.3181520436724832,1,4.0
2376,1.0080360564895812,1,4.0
2377,1.1979664935028618,1,4.0
2378,1.0883914100040348,1,4.0
2379,1.8193291258706283,1,4.0
2380,2.0489464366909083,1,4.0
2381,-0.5467436718672654,1,4.0
2382,-4.906774019232223,1,4.0
2383,-3.468217475368086,1,4.0
2384,-1.685139232431346,1,4.0
2385,1.4681409410438604,1,4.0
2386,-0.4864942174279372,1,4.0
2387,-1.4997808846632308,1,4.0
2388,-3.8346466083902335,1,4.0
2389,-4.810721453105945,1,4.0
2390,-1.5448625598370123,1,4.0
2391,3.9554178883950764,1,4.0
2392,3.003452075972757,1,4.0
2393,3.1810765422246248,1,4.0
2394,4.354372574248967,1,4.0
2395,1.5511798572109452,1,4.0
2396,1.7630704410702078,1,4.0
2397,3.968586388061286,1,4.0
2398,-0.14999543632680856,1,4.0
2399,2.2056792787384154,1,4.0
2400,4.764114400380505,1,4.0
2401,6.173184187630601,1,4.0
2402,6.492939086009969,1,4.0
2403,3.286097812793405,1,4.0
2404,4.051096272053199,1,4.0
2405,-1.7645285340749148,1,4.0
2406,-3.669803336449121,1,4.0
2407,-1.6836597739145236,1,4.0
2408,-0.8776121997652946,1,4.0
2409,-0.15300311221175256,1,4.0
2410,0.06902475627739105,1,4.0
2411,0.7002528427270831,1,4.0
2412,-1.881952966265709,1,4.0
2413,1.4947416955759791,1,4.0
2414,1.0127317308168389,1,4.0
2415,-0.34230504019652974,1,4.0
2416,0.08353746969833237,1,4.0
2417,-0.6960406707499417,1,4.0
2418,0.22692793691460345,1,4.0
2419,-1.736783819384926,1,4.0
2420,-3.0231218881433177,1,4.0
2421,-6.034720579346361,1,4.0
2422,-6.81536530315627,1,4.0
2423,-6.1589020231831615,1,4.0
2424,-5.806984388926971,1,4.0
2425,-0.4254573036882636,1,4.0
2426,0.27309257640309414,1,4.0
2427,-0.4489422086771744,1,4.0
2428,1.2787297625719383,1,4.0
2429,3.488297836132351,1,4.0
2430,3.516319439768818,1,4.0
2431,1.8842226561261444,0,0.25
2432,0.9597062950446347,0,0.25
2433,1.068654776327706,0,0.25
2434,-0.0810959255493291,0,0.25
2435,-0.5224532874549062,0,0.25
2436,-1.1437575611252466,0,0.25
2437,-1.13733302405217,0,0.25
2438,-1.425309755472048,0,0.25
2439,-1.3242599511333866,0,0.25
2440,-0.7903958619941036,0,0.25
2441,-1.42086300816423,0,0.25
2442,0.23393645094925175,0,0.25
2443,0.3681739920919005,0,0.25
2444,0.029478910859390167,0,0.25
2445,0.6018608216871794,0,0.25
2446,0.6421563293725876,0,0.25
2447,0.59270586656301,0,0.25
2448,0.4749150734367692,0,0.25
2449,0.3270159604672451,0,0.25
2450,0.024120742383876403,0,0.25
2451,-0.02828156170602309,0,0.25
2452,0.22564109104958108,0,0.25
2453,0.2452932695825214,0,0.25
2454,0.49755126491419294,0,0.25
2455,0.33457327663238207,0,0.25
2456,0.576885524942463,0,0.25
2457,0.7990987132322414,0,0.25
2458,0.37816257903645756,0,0.25
2459,-0.12484474617374047,0,0.25
2460,0.5208915829710171,0,0.25
2461,0.23031995802820532,0,0.25
2462,0.37700906830699876,0,0.25
2463,0.2014432404657492,0,0.25
2464,-0.4003183378167897,0,0.25
2465,-0.8423281576773283,0,0.25
2466,-0.5809980962882977,0,0.25
2467,-0.7485657095960851,0,0.25
2468,-0.8612341790851457,0,0.25
2469,-0.7961005961501095,0,0.25
2470,0.28842921163785085,0,0.25
2471,0.6309654036746544,0,0.25
2472,0.9014839876965803,0,0.25
2473,0.7170166123840452,0,0.25
2474,-0.4166265880913903,0,0.25
2475,0.0739141259229471,0,0.25
2476,1.2236109473730765,0,0.25
2477,1.1625064435933332,0,0.25
2478,1.4556632164147238,0,0.25
2479,0.3632522707388738,0,0.25
2480,0.41739845677512527,0,0.25
2481,0.4836338584210197,0,0.25
2482,0.8327066798042535,0,0.25
2483,0.5026621915222177,0,0.25
2484,0.621059619779917,0,0.25
2485,-0.31249830815400903,0,0.25
2486,-0.6157940886827145,0,0.25
2487,-0.633313656768192,0,0.25
2488,-0.25966645936208005,0,0.25
2489,0.07528649633895435,0,0.25
2490,-0.6398870328352968,0,0.25
2491,-0.25815501095648263,0,0.25
2492,0.7396812394962452,0,0.25
2493,0.6052985406968199,0,0.25
2494,1.1777381565158684,0,0.25
2495,1.4507650575610749,0,0.25
2496,1.5936960108935592,0,0.25
2497,1.2746567921291063,0,0.25
2498,0.3595870994516587,0,0.25
2499,-0.016400654097646072,0,0.25
