timestamp,value,shock_indicator
0,-3.956558326293978,0
1,-1.0148126027340594,0
2,-1.117016666383172,0
3,-2.1863165333386725,0
4,-2.538107505304954,0
5,-4.112776626934549,1
6,1.647151357313219,1
7,1.3184893407878964,0
8,0.06590285699811305,0
9,1.5743561859244006,0
10,4.607307846281012,1
11,2.9519390996967902,0
12,2.4753750038530713,0
13,-4.675890352794708,1
14,-3.8503823775712887,0
15,-6.228451961090618,1
16,-8.001459314988328,1
17,-4.372357402110675,0
18,-6.537550287426759,1
19,-5.163232634654521,0
20,-0.7225220532123751,1
21,-1.4692204755869178,0
22,-0.4705560512290674,0
23,-0.6786865518006735,0
24,-0.010740011887352574,0
25,-0.5284858363815362,0
26,-0.6012972155392305,0
27,-2.6160900096940636,1
28,0.2837658889928256,1
29,-0.04229554629811544,0
30,-0.6076815394677167,0
31,-1.5299580990402097,0
32,-2.4477891493566837,0
33,-2.126162899189871,0
34,-2.071956030653965,0
35,0.139805259920738,0
36,1.7168828782775891,0
37,0.7193987594420989,0
38,0.8226532045022178,0
39,-0.42698721818720087,0
40,-0.19981967011886043,0
41,-1.1179062148831642,0
42,1.5169394583534213,1
43,0.8982478231531945,0
44,-0.1777877665757227,0
45,0.7510151711028764,0
46,-5.0320125999824565,1
47,-3.469448548588254,0
48,-10.76026547765372,1
49,-7.210926181709974,0
50,-5.0824226731837125,0
51,3.780987175032026,1
52,2.404701085592759,0
53,2.07309470962105,0
54,1.8707843315189154,0
55,1.7732636812611386,0
56,1.9803766204045585,0
57,6.905965967392632,1
58,6.077177345619266,0
59,3.386654126462444,0
60,2.6848540728206323,0
61,2.4507148526125624,0
62,-5.089796381423641,1
63,1.4425773405219795,1
64,1.3356353011354314,0
65,2.785079980370097,0
66,2.555634858250235,0
67,2.791823955263701,0
68,2.6608862287275583,0
69,1.4378947274228058,0
70,3.001152388875903,0
71,1.6820614684158772,0
72,9.804018100627449,1
73,6.693003298643286,0
74,4.8167961591476205,0
75,2.9455374644762307,0
76,1.8190542826963965,0
77,0.21730027266404295,0
78,0.35118178007175543,0
79,1.2151102735020503,0
80,-1.7609117285328035,1
81,-2.415687994082687,0
82,-0.4730676550491295,0
83,0.19088262595846445,0
84,0.9971900615529004,0
85,1.6832100941289228,0
86,1.7479339626430805,0
87,0.539140988937446,0
88,0.019431170916303142,0
89,4.905866580027987,1
90,2.574653199887894,0
91,0.4857008403582965,0
92,-2.4827922431858678,1
93,-2.6855316840746033,0
94,-1.9190173552441303,0
95,-1.4487852173395868,0
96,-2.9550658355605055,0
97,-1.463770315594006,0
98,-0.4046747042082428,0
99,-0.9475559634789273,0
100,-0.5050510544621937,0
101,-1.2977970850851337,0
102,-0.528223979686016,0
103,-0.1712647430213581,0
104,0.02195128210611165,0
105,-0.41306212412335586,0
106,2.629473460250595,1
107,1.6096632249748826,0
108,2.0429401377815437,0
109,0.8148949998911126,0
110,-1.0500308609202675,0
111,-1.0226946332060718,0
112,-0.9583401716132913,0
113,-0.09865840037231677,0
114,0.7197345146545235,0
115,-0.22455960465867508,0
116,0.4079685971385004,0
117,2.2236066280535285,0
118,1.0119996897556722,0
119,-2.4898308877769675,1
120,-1.548365453871886,0
121,1.5731898279024974,1
122,1.640860975122098,0
123,2.5692919296179455,0
124,-0.36470288240347526,1
125,-0.18123775427159516,0
126,1.708964447873648,0
127,1.4262185855897331,0
128,-0.6359022991250126,0
129,0.8961642204609974,0
130,0.8961884058811715,0
131,1.4280159898218185,0
132,0.41789070745232537,0
133,0.8684557588067219,0
134,-3.823520044327812,1
135,-10.855602158269905,1
136,-8.137618788789256,0
137,-4.232100903622227,0
138,-1.1801592263592646,0
139,-1.2514804991869513,0
140,-0.9080315021620198,0
141,1.1927497458901266,0
142,-2.582318598995289,1
143,-0.8360534505344291,0
144,-0.9011630916267375,0
145,0.49912836694267804,0
146,0.5059559103588407,0
147,-1.1470957811611995,0
148,-1.431437983196002,0
149,-1.3516711864724713,0
150,-1.157958059795965,0
151,-0.9874428050034825,0
152,2.390763964731252,1
153,-6.618712681757265,1
154,-3.518340171843467,0
155,4.22605846540487,1
156,8.422655528056003,1
157,5.424366397339733,0
158,9.601546107598601,1
159,4.584640181571785,1
160,1.758452902931267,0
161,1.594668904294236,0
162,8.993668382655937,1
163,8.563517048643826,1
164,5.63073680272132,0
165,3.5426871521042935,0
166,3.397284219628412,0
167,3.010909263999255,0
168,2.0202152874010584,0
169,1.438087150122089,0
170,-0.07177377790377792,0
171,0.5603153134280199,0
172,5.096666846490198,1
173,2.50346365912646,0
174,1.9467014256981459,0
175,1.590702942982139,0
176,1.952042296408469,0
177,1.143577897531583,0
178,1.9931959837633162,0
179,2.2629119044301884,0
180,0.1592359608855285,0
181,-0.4814556884098096,0
182,-1.0550065310880443,0
183,-2.336170687972568,0
184,-0.937688455952108,0
185,-0.6001110939415838,0
186,-1.3604341141701901,0
187,-0.9035735687659848,0
188,0.7238544072528077,0
189,0.5413819895642801,0
190,-0.7718574331285556,0
191,5.30676592002077,1
192,2.7044471967088892,0
193,3.9965665516875966,1
194,2.058698765973877,0
195,13.861216052455426,1
196,10.371925814463133,0
197,8.62962489313896,0
198,6.294297224240317,0
199,3.3983490702672565,0
200,2.0532445642669535,0
201,2.6154923571635766,0
202,3.8132033337166265,0
203,8.517480518005165,1
204,2.7814246615977294,1
205,0.22569219756328707,0
206,1.4406809943505117,0
207,0.22799144489876744,0
208,-3.6194217934378186,1
209,-1.2366113665530725,0
210,-1.145634025860895,0
211,5.848821556481095,1
212,-1.9417571452992828,1
213,-2.802030319796348,0
214,-2.0059693086118204,0
215,-2.926816130244721,0
216,-2.780513648168471,0
217,-0.7061801893359494,0
218,-0.20259900488749522,0
219,-1.2512085521773688,0
220,-1.9895267849934763,0
221,-3.7000996439715155,1
222,-4.647498643103958,1
223,2.7953664033696826,1
224,1.8372215485270145,0
225,1.5176305748932775,0
226,0.7599288764859043,0
227,0.6291642341645911,0
228,-1.3572670402805738,0
229,-5.856615284005474,1
230,-3.8025950988632236,0
231,-2.364269925441757,0
232,-9.11596545482276,1
233,-7.265641582572652,0
234,-6.080963318779496,0
235,-4.681891586431639,0
236,-3.3451962639486235,0
237,-1.2107333972133296,0
238,-1.3022441892260286,0
239,-2.113208717421278,0
240,0.7722539490190421,1
241,0.24069178948725134,0
242,-0.7524771003232151,0
243,-1.0426072234371895,0
244,0.987405194289075,0
245,-0.2798757317168843,0
246,-10.016152858072664,1
247,-7.347018709963934,0
248,-3.350455989821657,0
249,1.0079495913814793,1
250,0.8301995338085489,0
251,-0.4387249325189633,0
252,0.13989202512750387,0
253,-0.5508818293869635,0
254,5.411585101423114,1
255,4.492489244674616,0
256,2.0552242999099435,0
257,1.5446279667012304,0
258,0.6681729065172477,0
259,0.6770094031213277,0
260,-0.3294366315651724,0
261,-1.3724874553636477,0
262,0.5331058249558699,0
263,1.5905438790580102,0
264,3.0655760619410115,0
265,1.7666370139774177,0
266,0.8051324413735779,0
267,-0.8497237556894297,0
268,-0.24586022749469844,0
269,0.07381929500967396,0
270,-0.11598139070563798,0
271,0.628709122823941,0
272,2.290846285140071,0
273,1.6649780774435994,0
274,1.3127567347235491,0
275,0.296262657383061,0
276,-0.6562433416877627,0
277,-0.6912610027179824,0
278,-4.448198206543064,1
279,-5.274871804945081,1
280,-3.062408177279786,0
281,-0.5830114835719369,0
282,1.2089012320590333,0
283,2.0103634456181543,0
284,0.7085198676073587,0
285,0.5160634985088028,0
286,0.24558813129577314,0
287,6.2496395758564915,1
288,4.759199122770769,0
289,3.1717384261185884,0
290,3.78159826975424,0
291,1.6183915046702804,0
292,0.7241897262882447,0
293,-0.8076204732728807,0
294,-0.18323966392105778,0
295,0.6047698104578626,0
296,0.6373773659241762,0
297,0.44975791877059657,0
298,1.484961809605523,0
299,0.5465693944069522,0
300,-7.290592688416984,1
301,-6.818026598961205,0
302,-3.9710277967315872,0
303,-0.5198117361332191,1
304,8.924184032898435,1
305,5.667713347118425,0
306,3.82986205581837,0
307,3.3293360840880233,0
308,1.3495216611517595,0
309,-0.6613507485973665,0
310,0.20543228988227896,0
311,0.15632514137768005,0
312,-1.5572029015832922,0
313,-1.3371407396550352,0
314,-0.7617265308496013,0
315,-0.9031642840873836,0
316,-0.8780560753842224,0
317,-1.4049180701715824,0
318,-1.8811640507925103,0
319,-3.7771813547727335,1
320,-4.131099067348015,0
321,-4.231158257160501,0
322,-1.8056822458568025,0
323,-1.9355384023245479,0
324,-1.2486782565017316,0
325,-0.06438601235718411,0
326,-0.4312115291715656,0
327,-2.428197315619143,1
328,-1.21569435910442,0
329,-0.03053936540964297,0
330,1.3730015668012034,0
331,0.5404451384192006,0
332,-0.4621737236681668,0
333,-4.346285679217593,1
334,0.05942882458503851,1
335,0.9172234580657522,0
336,1.0175787942834915,0
337,2.542373652633667,0
338,3.0394233218449296,0
339,1.2213379187140365,0
340,1.7636461257147937,0
341,-0.09149111678065336,0
342,-1.1167425758038605,0
343,0.6759345419201873,0
344,2.3723790797235518,0
345,2.1720194817047056,0
346,3.383953092894152,0
347,2.5083854080388415,0
348,3.3090619736784515,0
349,3.197625152154987,0
350,2.2097744823495353,0
351,1.1434292245338555,0
352,3.2448276216622265,1
353,3.280267195463157,0
354,1.6502294820213286,0
355,0.985816950773912,0
356,1.29650451064852,0
357,-1.105213913975552,1
358,0.02336133949447705,0
359,-0.2541674770478549,0
360,3.0936331537614805,1
361,2.100986369799133,0
362,4.016032926741726,1
363,9.369874559185064,1
364,5.48880916416586,0
365,1.844983069222213,0
366,0.40239982060473467,0
367,-11.90952660703944,1
368,-9.17621534052865,0
369,-6.378016842199811,0
370,-3.0949385834781244,0
371,-2.8611967344244844,0
372,-1.3480993131988603,0
373,-1.0891285137340683,0
374,-0.40619160743225163,0
375,-0.6937306207217698,0
376,-0.793825689909349,0
377,1.8738547164588226,1
378,0.7780583046309143,0
379,-0.8201943438199336,0
380,-1.2797413308673375,0
381,-1.4800475485218727,0
382,0.34050948061923414,0
383,0.09900883157570872,0
384,-1.2730752911178536,0
385,9.994606048689855,1
386,6.860188842376287,0
387,3.29790740176134,0
388,3.325825632854847,0
389,1.6065099477706235,0
390,2.2957207775097794,0
391,4.9748226957052575,1
392,-1.357889566335475,1
393,1.9136709214864802,1
394,1.3742522489128945,0
395,1.9472366799336154,0
396,1.7082282971614045,0
397,2.529723101664408,0
398,0.02133342826785789,0
399,0.21842991876948537,0
400,1.572617328300967,0
401,2.684837803420895,0
402,1.3204035737748687,0
403,5.414799814923977,1
404,4.591395607415213,0
405,2.4859770230222193,0
406,3.877623718058623,1
407,3.027986161987369,0
408,2.366431107244283,0
409,2.3420030712278885,0
410,1.7231603755413956,0
411,0.8953437990309341,0
412,1.4658240903113535,0
413,-2.1320289375952894,1
414,0.592755610439629,1
415,-1.4978006399722772,0
416,-0.8710585619666673,0
417,-1.0158357145880565,0
418,3.357532801043206,1
419,3.4953885231376667,0
420,4.467017411733907,1
421,3.432744631579682,0
422,3.0964565217748534,0
423,0.6668505324515759,0
424,-0.27060529387224347,0
425,0.22516445048238423,0
426,0.6289363985029339,0
427,4.712480822705537,1
428,1.9442476211408257,0
429,1.5870466919273658,0
430,1.6366670541758488,0
431,9.081676452748642,1
432,7.7333784149359746,0
433,5.601493153153921,0
434,2.0898521300806143,0
435,1.0213600991557277,0
436,-1.2939623929483766,1
437,0.19713820667361237,0
438,0.009872425770561383,0
439,0.1540683947608156,0
440,1.0270581045546021,0
441,-1.072242226324136,0
442,1.857863745485609,1
443,-6.668901345529511,1
444,-3.7091210204385754,0
445,5.055439686075681,1
446,10.62220568270242,1
447,7.818211960133684,0
448,6.060075245006886,0
449,2.8469314820835074,0
450,2.9773553648370656,0
451,1.6592674983551379,0
452,1.0581750891320052,0
453,0.4584942873992081,0
454,-2.191867514975784,1
455,-3.1056100957798343,0
456,-2.3729630689779464,0
457,-0.7396274339984871,0
458,-1.7080698943609072,0
459,-0.7695080811475108,0
460,0.8500106215348618,0
461,-0.25959775664283213,0
462,-4.796811961612634,1
463,-1.830425104720279,0
464,-0.5196352058194197,0
465,0.17017930884874188,0
466,-0.5726202224620437,0
467,-0.6817754968897041,0
468,-0.9243639043333731,0
469,0.9157566201784395,0
470,0.39907923443641663,0
471,0.0985035433734816,0
472,0.8603415296372559,0
473,0.4513798693562832,0
474,-1.265305099308999,0
475,-2.0511616099777275,0
476,-1.2288617968539333,0
477,1.2489620413597882,1
478,2.050232134121893,0
479,0.5395909976041975,0
480,2.4723514283692256,1
481,6.762159932375679,1
482,4.790388562183583,0
483,4.207401495926232,0
484,-0.6514649810150783,1
485,-1.0546585044558678,0
486,-1.0683020779856016,0
487,-1.1044600482025462,0
488,0.6372339183806582,0
489,-0.20058835189618712,0
490,0.3028576757660285,0
491,1.601638489901816,0
492,2.629918542520092,0
493,1.2830647559332806,0
494,2.6735237623652632,0
495,2.4309345406693605,0
496,0.3856011190912767,0
497,0.007630776174449794,0
498,0.7944939771157651,0
499,0.2577209315804764,0
500,-1.1628865535057253,0
501,-1.0540488488974804,0
502,0.9629778037057588,0
503,0.7460905988701754,0
504,0.5548697014539312,0
505,1.4856812578119114,0
506,-5.753578584492146,1
507,-4.466275740093325,0
508,-4.0439958648568535,0
509,-1.7162634637684786,0
510,-2.8897631848518945,0
511,-2.1524570730205355,0
512,-1.0592326684369093,0
513,1.1849711911166656,0
514,0.753635129127863,0
515,2.744084818439582,1
516,2.4700457491579435,0
517,6.62063662391696,1
518,3.806877757504841,0
519,2.8233556543749407,0
520,1.0213083938238348,0
521,-0.5102315917009923,0
522,0.22123028499399394,0
523,-0.09232964700651478,0
524,-1.4257841769038453,0
525,1.3473950464473434,1
526,-1.0887356410180353,1
527,-0.6763055681749884,0
528,-1.8427095313249167,0
529,-0.4154151122625055,0
530,-0.34929944383374045,0
531,4.1546181794215675,1
532,0.5048525656000744,1
533,-0.16218984737403846,0
534,-0.13434435282883708,0
535,0.30475479580977394,0
536,0.45590652266624077,0
537,1.3338765561472599,0
538,-0.004653356606191705,0
539,-2.146626399642423,1
540,-1.2840638904650645,0
541,-0.6298403374880366,0
542,-1.8917962442664626,0
543,-0.5394759502639943,0
544,-4.91113564986411,1
545,-2.055770843490646,0
546,-10.113620906251597,1
547,-6.214015051095493,0
548,-4.9581825725558915,0
549,-4.523138658931636,0
550,-2.7178601904151356,0
551,-2.325011067995928,0
552,-6.259274459802766,1
553,-2.57506551631222,0
554,-0.6644445717190282,0
555,-0.6463420572577099,0
556,0.28561320671716967,0
557,1.773194881388497,0
558,2.6025153858441326,0
559,1.8058995877427308,0
560,0.08786401542550681,0
561,1.0149255241579196,0
562,-10.014806494108955,1
563,-6.974435905718457,0
564,-5.1311613614778055,0
565,-4.4081609764076095,0
566,-3.4883725565742276,0
567,-1.5357655625726299,0
568,-2.0813771253248503,0
569,-3.735468586971705,1
570,-2.401064616391812,0
571,-0.2727837573542955,0
572,2.8631837350140676,1
573,-0.36849420801192867,1
574,-1.013867405964025,0
575,-5.165039544591888,1
576,-3.9524865754169762,0
577,-6.583052291642027,1
578,-0.6160897592707117,1
579,-0.11597261136673831,0
580,-2.6799874550582583,1
581,-2.4368691857921547,0
582,-1.8436409576346455,0
583,-0.6887687592927159,0
584,-1.5354221969076047,0
585,-2.14575789665379,0
586,-6.796539554199191,1
587,-5.682945836284312,0
588,-4.587880071838864,0
589,-2.271875981799512,0
590,-2.549901702651101,0
591,-1.8496255749602661,0
592,2.31297250456491,1
593,0.9594013864018041,0
594,1.3668961570601663,0
595,0.28558764083950405,0
596,1.145946798004644,0
597,-0.13678772644840975,0
598,-0.39846678729746476,0
599,-1.4511369265844376,0
600,-1.1428523243080462,0
601,-1.6185853154723748,0
602,-10.902910899104281,1
603,-18.662983387667605,1
604,-13.44179931963649,0
605,-11.639500625353026,1
606,-6.333478457632068,0
607,-13.449841601589629,1
608,-9.58758011089988,0
609,-6.662520170830121,0
610,-3.1265527324044524,0
611,-3.126897607671961,0
612,-2.958482482059584,0
613,-2.6078329237855313,0
614,-0.8758940450923066,0
615,0.02232167553245068,0
616,-1.616482890899875,0
617,0.6166231329539702,0
618,1.0741959889043025,0
619,1.328486763723404,0
620,2.7011396591157513,0
621,2.0645200868358775,0
622,-0.2157004501554094,0
623,1.044499862850076,0
624,-6.145639961611588,1
625,-5.133960246660525,0
626,-4.3036577928228565,0
627,-1.8720847220002852,0
628,-1.6722576406324612,0
629,-2.4843887287381077,0
630,3.3317917584488876,1
631,2.560345108061483,0
632,5.129565758014183,1
633,2.92621572363422,0
634,2.150013416430246,0
635,1.1898842025605303,0
636,5.1948062405318876,1
637,3.8956457058106193,0
638,1.0214984971815544,0
639,-1.1096674059591691,0
640,-0.6257658420564882,0
641,7.011287840267177,1
642,5.397377346012884,0
643,2.9644304118581233,0
644,3.128511512400596,0
645,2.2668038575329086,0
646,2.9260708851005015,0
647,1.405655416060322,0
648,0.14151468774658404,0
649,1.1402685381766906,0
650,-1.0562501323736964,0
651,-0.9058308695818893,0
652,-1.982765022798616,0
653,0.06362547708637023,0
654,-2.142717782469211,1
655,-2.4206723167588167,0
656,-5.401196024240046,1
657,-4.564531563831951,0
658,-2.903868378745332,0
659,-1.883992659617982,0
660,-1.6483466737459531,0
661,-2.58357788174328,0
662,-1.1177709236790738,0
663,-9.497176314515796,1
664,-4.961005822458711,0
665,-3.125896125461659,0
666,-2.5664691313652304,0
667,-3.0048782759832338,0
668,-3.0851841371015665,0
669,-4.105263955700087,0
670,-1.1478152036962046,0
671,-1.6582905059751327,0
672,0.4513057765034807,0
673,0.0983840744831333,0
674,0.2859668638866245,0
675,3.7940588556269623,1
676,5.728019352659436,1
677,-1.8449322588067227,1
678,3.327943478821856,1
679,3.717936260663772,0
680,3.9834233179463507,0
681,2.5381818632516353,0
682,3.4955066470154996,0
683,5.4392112380434785,1
684,4.8935653969333845,0
685,3.7269687136399376,0
686,2.3036866586461704,0
687,15.917851061544152,1
688,9.336836605866692,0
689,6.83701872582555,0
690,4.305469503656637,0
691,3.909608381580139,0
692,2.0483338116878747,0
693,2.2839012738564275,0
694,2.4803821558474155,0
695,0.2362626616185164,0
696,0.30385364806870124,0
697,-0.06538803804143647,0
698,1.1422698416319792,0
699,-0.5022303104314662,0
700,-0.39373043057348256,0
701,0.3926654550023343,0
702,-5.130136098053733,1
703,-9.39208094104433,1
704,-9.671891433880113,1
705,-6.900303635391222,0
706,-5.727005995442352,0
707,-3.1368942410387683,0
708,-3.7439030350160443,0
709,-4.061859332014233,0
710,-1.9768431850574426,0
711,0.40443849342738614,0
712,5.531920206226078,1
713,2.9716745408787073,0
714,3.170090753192962,0
715,3.456737260768933,0
716,2.7667944092589694,0
717,1.3147624633134296,0
718,0.6718038028145081,0
719,1.080879886900565,0
720,2.020598944468558,0
721,2.2611272279957624,0
722,1.7769897711160558,0
723,0.5554085912010733,0
724,0.9389232412516192,0
725,0.9221113852651023,0
726,2.601822997832734,0
727,1.2008175536755354,0
728,1.5863465604699702,0
729,3.1247241425758854,1
730,3.2798829063246586,0
731,4.454043050825254,1
732,-0.5420791182374227,1
733,-1.0755478520960984,0
734,-1.4702140609193906,0
735,-2.69008215531296,0
736,-2.2556255634411118,0
737,-1.3880393625216292,0
738,-0.9923108374130529,0
739,-0.036026492845232294,0
740,2.0900099562520915,1
741,1.593826028134483,0
742,2.1859223914450947,0
743,3.874063803390337,1
744,4.294223444272901,0
745,3.889648217973514,0
746,1.8743530905708212,0
747,1.062326960432307,0
748,2.071448899602748,0
749,2.7628555678564597,0
750,3.368724408692912,0
751,1.7588573949672623,0
752,0.765134375629066,0
753,-0.3181814584582371,0
754,-1.534521404555196,0
755,0.9255524217652069,0
756,2.0723008801956775,0
757,1.7003401957527122,0
758,1.2320822613946851,0
759,-0.07480428325100474,0
760,1.4306691678684083,0
761,0.1084960056496499,0
762,-1.2318909840224046,0
763,-0.07283377598873442,0
764,0.6568269955620732,0
765,0.2143890828349875,0
766,1.3701311634770756,0
767,2.2688809267991887,0
768,1.5999057943395418,0
769,1.3921316514529714,0
770,1.57976057691355,0
771,0.5097194266173929,0
772,-0.46453682087037856,0
773,-3.2303334276565,1
774,-2.801578321013676,0
775,-1.515850023520776,0
776,-2.4136494398120583,0
777,-0.46187801936087025,0
778,-0.6333605017312103,0
779,-1.3225852954359067,0
780,-1.2905304910495552,0
781,-1.7173826713311584,0
782,-1.8100183013178015,0
783,-1.705061806214953,0
784,-1.366458121742629,0
785,-2.632572200068192,0
786,-2.716145808868147,0
787,-0.5538093836244926,0
788,-1.4114531148985205,0
789,1.3654262320741415,1
790,-0.5439839140832016,0
791,2.905039002338761,1
792,1.5840241579183716,0
793,0.7242975948246166,0
794,0.046685743389690004,0
795,7.670578019048656,1
796,5.255465648127032,0
797,6.2322712752776095,1
798,5.263907822594765,0
799,2.3968897970759877,0
800,3.0555279253435668,0
801,0.6341090770487128,0
802,1.786141071834056,0
803,1.3603457255974885,0
804,2.5236613473538356,0
805,1.762692119955394,0
806,3.215704798775622,0
807,1.5939629790090852,0
808,0.1760200927484159,0
809,8.749907545052391,1
810,13.2695699107201,1
811,-0.8706192455463544,1
812,-2.7114244286787863,1
813,-1.728397577607573,0
814,-1.3993933882222427,0
815,-1.8148641238469732,0
816,-0.9155362948772441,0
817,-0.5725977969505607,0
818,5.00694901361668,1
819,4.03599590312012,0
820,1.742189718191888,0
821,0.9490544931881877,0
822,-1.1111510281948136,0
823,-0.0876053578539514,0
824,-2.3291277166497237,1
825,-0.9291951604626765,0
826,-1.2436478517002452,0
827,-2.8713497842531144,1
828,-1.527083100677936,0
829,-2.8585679005316176,0
830,-2.070431744454751,0
831,-1.206373528301069,0
832,-0.876474493749691,0
833,-0.9509202232112248,0
834,-1.640670059814579,0
835,5.796486539417704,1
836,4.035263258057835,0
837,2.3034792999282736,0
838,1.4723595336994184,0
839,1.3533396438034426,0
840,1.8638827455253275,0
841,0.6937426710092,0
842,0.7555585149870014,0
843,0.8821029928377878,0
844,1.716034586198473,0
845,0.6657249898659546,0
846,0.7365553687362061,0
847,-0.0983284653420784,0
848,-0.567445182623218,0
849,0.8129981117850942,0
850,-1.2549216796276905,0
851,-1.9262293109226185,0
852,-1.2239230666018432,0
853,-0.962552024826943,0
854,-0.6020777890560058,0
855,-1.7732195497401282,0
856,-4.607707434449535,1
857,-3.6143712953966194,0
858,-3.0856059070628055,0
859,-1.8549685197641033,0
860,-1.0097228161983087,0
861,0.4452686417980455,0
862,-7.328869913031542,1
863,-5.868553934219653,0
864,-2.421819449682444,0
865,3.263580254470348,1
866,3.1208585167068286,0
867,4.542832328294523,1
868,3.644243453211608,0
869,2.948172135103516,0
870,10.116592329592274,1
871,6.548192892289989,0
872,6.192109826795207,0
873,4.891627114503304,0
874,10.756440103573382,1
875,8.750508324508866,0
876,3.9202827130512916,1
877,2.581204178509513,0
878,1.6740437318335926,0
879,3.817018267206909,1
880,2.48110201562828,0
881,1.8555636284859163,0
882,1.1445320554540646,0
883,-5.46823405655153,1
884,-5.086546610978553,0
885,-3.8930408556739393,0
886,-0.7452094349873595,0
887,1.3712701995019148,0
888,1.1092873272943418,0
889,0.9195068754254423,0
890,3.325452357224717,1
891,3.0269634912968724,0
892,1.8087414830904276,0
893,0.13744944598868392,0
894,1.5607905522075447,0
895,0.6291411596093325,0
896,-0.7646748397928962,0
897,-1.8286075512280466,0
898,-2.181884269319587,0
899,-2.516048182029598,0
900,-2.4129720071343397,0
901,-1.4024898715828633,0
902,-1.119517238238401,0
903,0.29177272615721184,0
904,-2.0858668434647605,1
905,-0.8057396007277634,0
906,-1.1772597350138674,0
907,-1.0699583196465812,0
908,1.0000441065615369,0
909,0.27482232099878506,0
910,1.0402706950128935,0
911,-0.5410016646086852,0
912,1.2544150967257155,0
913,-0.42801698200056315,0
914,-0.37144649018342424,0
915,-1.616423609597092,0
916,-11.599807850156338,1
917,-8.89106348657428,0
918,-3.1510102274492837,1
919,-6.755013833652162,1
920,-5.047383882876879,0
921,-3.951150961464108,0
922,-1.5556479762163715,0
923,-0.9685848235316731,0
924,1.0749148080938336,0
925,1.7797883964384336,0
926,1.9861497457527182,0
927,-0.13579935115610908,0
928,0.3522153927514672,0
929,0.46157129682968123,0
930,0.4300989199603302,0
931,0.4137831376129413,0
932,0.3779606204887725,0
933,0.1561128039250413,0
934,11.168465738206018,1
935,9.898766409222294,1
936,4.86509767475706,1
937,3.39536630000674,0
938,3.0946598472222426,0
939,2.280308158431395,0
940,0.5822599415373639,0
941,-0.5694524560942305,0
942,-0.5897123171545906,0
943,0.017448305971751565,0
944,1.0347793031276995,0
945,1.5390302119908856,0
946,1.4879914523180757,0
947,1.1807389558671175,0
948,0.7472465188758509,0
949,-0.6913893568193222,0
950,-2.167474228644704,0
951,-2.1641109630879356,0
952,-1.3919258428649723,0
953,-7.448541113578603,1
954,-3.156121951964674,1
955,0.36231648958712226,1
956,0.46443838656920133,0
957,3.43806899987844,1
958,0.8631672976651301,0
959,1.6697465030090037,0
960,1.000052506851829,0
961,-6.196054884304291,1
962,0.891066738717492,1
963,-4.553994910009628,1
964,-1.6312769681192154,0
965,-0.46783296860167844,0
966,-2.094344456224779,0
967,-0.6941155247329867,0
968,0.1896948746778076,0
969,0.7749736321984071,0
970,-0.7785013002848138,0
971,-0.1402378786157425,0
972,-1.6337447754433934,0
973,-1.8974504586298813,0
974,-3.617038505941929,1
975,-0.8866893246111947,0
976,-2.1980182139304607,0
977,-0.4822447445171738,0
978,-3.200047771948021,1
979,-4.359452531084268,1
980,-0.5983539082479634,1
981,-0.06006527430868153,0
982,-0.3438196822028967,0
983,0.9893226310645914,0
984,2.270954200117291,0
985,1.1152239568945352,0
986,-0.272572410399341,0
987,-0.46958158851833,0
988,0.9743418264568083,0
989,1.8088016876649358,0
990,-0.1199407599789295,0
991,-1.202719358694798,0
992,-1.6087579755675168,0
993,-2.4676626466066676,0
994,2.0723791990560683,1
995,1.7137867730654468,0
996,1.3064352191021857,0
997,-1.2952541850083923,1
998,-2.4747339910478163,0
999,-5.737256560343424,1
1000,-4.930071213005461,0
1001,-5.419670229986716,0
1002,-4.111324924857644,0
1003,-1.9736303634203636,0
1004,-0.948366453736925,0
1005,-0.31074144290365663,0
1006,1.8059846271920545,1
1007,3.4133391220868763,1
1008,-0.23387327535648295,1
1009,-0.054665976061986005,0
1010,0.7054851228477783,0
1011,-0.6226147607946908,0
1012,-3.25366530648373,1
1013,-2.990957844878209,0
1014,-6.488848231024253,1
1015,-4.303046226561819,0
1016,-3.954269229332285,0
1017,-2.67368916535112,0
1018,-1.1407123199198352,0
1019,0.33540910780014344,0
1020,0.4806862863964394,0
1021,-1.0734577005700243,0
1022,0.5947689761677489,0
1023,0.98046218279827,0
1024,0.5978183787302023,0
1025,1.1094221857468007,0
1026,1.3854678471588566,0
1027,2.0775578935642693,0
1028,1.7610011751074561,0
1029,1.0443122665814148,0
1030,-2.4948653255002537,1
1031,-1.919611303477076,0
1032,-2.212227087598965,0
1033,-3.7540254982500088,1
1034,3.248245752852041,1
1035,1.5538703480686307,0
1036,2.0010617045408847,0
1037,2.687858542545615,0
1038,1.932512469501138,0
1039,-0.5970757822462887,0
1040,-0.4246252438208342,0
1041,0.9700501628245143,0
1042,-0.13025914742650546,0
1043,1.2309145003390456,0
1044,2.7584992497221856,0
1045,0.8149505107713986,0
1046,1.786883808231554,0
1047,2.375114907715867,0
1048,2.3456291050839564,0
1049,0.61189962550834,0
1050,-2.6274079031103104,1
1051,-2.052564866717649,0
1052,-1.3534528647474753,0
1053,0.6034799614132406,0
1054,0.5008458649322179,0
1055,-0.729483035580925,0
1056,-0.4277989254638316,0
1057,-0.6696495906732539,0
1058,-2.5774359630372343,1
1059,-0.5370754948395937,0
1060,-0.46718856480781557,0
1061,1.1027559126652284,0
1062,0.7460055333837735,0
1063,0.7317318713158585,0
1064,0.1887465012353044,0
1065,1.0200942185226891,0
1066,1.7872635404281687,0
1067,0.8329397942579813,0
1068,-0.17884448228789362,0
1069,-0.28447229615746805,0
1070,-0.06369641583622013,0
1071,-1.4872787218171115,0
1072,-3.323018430461981,1
1073,-0.03650473699895285,1
1074,-2.0985253525865306,1
1075,0.7383729595238826,1
1076,-0.1993857714870646,0
1077,0.9044364111769883,0
1078,0.021601005838320586,0
1079,1.948521270524054,0
1080,1.0910574905823545,0
1081,1.161133760406148,0
1082,2.7162313187697724,0
1083,1.8280831052245765,0
1084,0.9909736740020276,0
1085,-1.3879237870346284,1
1086,-3.3250066721203,1
1087,-1.4183667433113158,0
1088,-6.2953915013692665,1
1089,-5.926426044181646,0
1090,-4.847502876258995,0
1091,-3.97544312752232,0
1092,-2.557919505453702,0
1093,-0.804470954576069,0
1094,-0.7558856274891943,0
1095,-0.686765023536028,0
1096,-1.2620603597871434,0
1097,0.2511357423553775,0
1098,0.4648707653572892,0
1099,-0.21890567298083696,0
1100,2.0050114318393035,1
1101,0.7042713188771437,0
1102,0.5205125063095383,0
1103,-0.8531032689077008,0
1104,-0.3388277764970018,0
1105,0.12307032354476724,0
1106,-0.44581173592992884,0
1107,1.0158675135417756,0
1108,0.25733761909498437,0
1109,-4.383821260856537,1
1110,-3.6371123434754566,0
1111,-2.819147718236983,0
1112,4.483594010623592,1
1113,1.4918395000839888,0
1114,11.053873269427246,1
1115,8.75662964192739,0
1116,-8.862066240925412,1
1117,-7.356251015052826,0
1118,-4.060139443239437,0
1119,-2.5930505839535476,0
1120,-1.488324006143734,0
1121,-0.5519022551912265,0
1122,-1.2011473193119404,0
1123,-1.7564112500575209,0
1124,2.5038326929959798,1
1125,1.203337185762903,0
1126,-8.541938966850884,1
1127,-5.93081083546503,0
1128,-3.2650901997588444,0
1129,-3.108030160366964,0
1130,-0.79515777155301,0
1131,-0.13767963952287704,0
1132,-2.1087452711269683,1
1133,0.6145815199812998,1
1134,2.1100664455553413,0
1135,3.7121043881533016,1
1136,3.086415126110859,0
1137,4.2276922830675705,1
1138,4.251416891065448,0
1139,-1.574970792223481,1
1140,-2.0628984008442526,0
1141,-2.6121736936198916,0
1142,0.011018646451488534,0
1143,-0.4946432647594891,0
1144,0.292158417981055,0
1145,-1.374587133107196,0
1146,-1.9755232886589644,0
1147,-1.4381271511697722,0
1148,-1.007151739734384,0
1149,-1.643886145272068,0
1150,-0.9000808202390653,0
1151,-1.0576184411215848,0
1152,-1.583121586443956,0
1153,8.873751638238522,1
1154,4.631513279151843,0
1155,5.0956891397124116,0
1156,1.4339206711886154,1
1157,2.1974161177162035,0
1158,1.5035877844181385,0
1159,0.5160298526200551,0
1160,2.057987089519153,0
1161,0.8649265438614753,0
1162,0.7204103813060971,0
1163,0.6031289872765571,0
1164,0.5626875420349139,0
1165,0.300494589524861,0
1166,-0.3136303501379223,0
1167,2.6852135140194804,1
1168,1.9963680513291628,0
1169,1.9636809169906475,0
1170,1.1097349556331066,0
1171,1.7625998531306157,0
1172,1.4878663018243046,0
1173,-9.185931033833631,1
1174,-6.924831752803496,0
1175,-8.568320287949753,1
1176,-6.778330309765635,0
1177,-4.932503503139628,0
1178,-4.604461435279677,0
1179,-10.226182865855485,1
1180,2.4713061065123876,1
1181,-3.1828173435654397,1
1182,-4.399544945624661,1
1183,-3.8625939643028495,0
1184,-2.001935096035517,0
1185,-1.135260618673231,0
1186,-1.6236162961789187,0
1187,0.36676175986845116,0
1188,0.4504202022603351,0
1189,0.8440580331467546,0
1190,1.7861213435525736,0
1191,1.6287535820846113,0
1192,-0.8009833329675198,0
1193,-1.5398063105821662,0
1194,-2.3765444991385296,0
1195,-2.6195830520330037,0
1196,-0.3863445975217039,0
1197,-1.324172594157147,0
1198,-1.8045824029340354,0
1199,-2.2713165989521062,0
1200,-1.9892516613344646,0
1201,-1.0660272176153118,0
1202,-1.4269253987669832,0
1203,-2.492950633384959,0
1204,-6.0236147255099235,1
1205,-2.2613433488377037,0
1206,-0.8709527398623648,0
1207,1.0955248013060839,0
1208,0.3185312265127707,0
1209,1.4845126195579883,0
1210,-2.5465221606565853,1
1211,-0.8396927862964506,0
1212,-3.7198061327845298,1
1213,-3.243882291900129,0
1214,-1.4098275339234723,0
1215,-2.2805124210958994,0
1216,-3.9294082889684927,1
1217,-5.377102192635254,1
1218,-2.9465182608905476,0
1219,-2.1590418036331047,0
1220,-1.7354769361311642,0
1221,-1.3219002650508929,0
1222,-0.19946361266271684,0
1223,0.7341249544124421,0
1224,-0.1194129702759753,0
1225,0.7418209037897083,0
1226,0.607716657943387,0
1227,1.2455414391859652,0
1228,1.0759218279347973,0
1229,1.6701165807557468,0
1230,0.9452813622343891,0
1231,0.1963983813549206,0
1232,0.9158943198062433,0
1233,-0.08202978950382733,0
1234,1.548308029057242,0
1235,1.6644961097643027,0
1236,5.753511011523541,1
1237,3.4184234928954185,0
1238,2.9043569196173604,0
1239,4.153449391683951,1
1240,2.871723785095719,0
1241,-3.8057929336855096,1
1242,-1.851405125694038,0
1243,-2.8469540302465712,0
1244,-1.9729809079965888,0
1245,-0.6490516083333254,0
1246,-1.6171433614666677,0
1247,2.081197878499559,1
1248,1.2085196325679306,0
1249,0.5342311028432847,0
1250,1.3848716932824898,0
1251,-1.1288114149250261,1
1252,-0.22413952009423965,0
1253,-0.6864058371961391,0
1254,-1.432435215310667,0
1255,1.6043544355802364,1
1256,0.45828995074345946,0
1257,-3.0085368862971453,1
1258,-2.1704006198743455,0
1259,-1.2811033383840422,0
1260,-0.2418333552072227,0
1261,-0.6373331355153717,0
1262,-0.009769514515149735,0
1263,-0.2316455685282791,0
1264,-0.9456672906854932,0
1265,-2.1067375398913586,0
1266,-1.2281086137442703,0
1267,-0.09844005361517583,0
1268,0.2132540758486482,0
1269,0.6028794368783664,0
1270,3.2556235084896676,1
1271,2.9194618452608747,0
1272,3.1539766671479303,0
1273,1.9930132749418354,0
1274,-5.673035380030756,1
1275,-3.5286326806773864,0
1276,-2.148698645660198,0
1277,-0.9421870316607026,0
1278,-0.7307824567741988,0
1279,0.9596414467390926,0
1280,-0.0240430744101372,0
1281,-0.27045485441915507,0
1282,-0.8053552279340742,0
1283,-1.5551524635404677,0
1284,-1.6442851740864652,0
1285,0.36765133479227985,0
1286,1.5308195591282003,0
1287,0.535542619112776,0
1288,-0.12885795511004766,0
1289,0.6927395282155894,0
1290,-1.170889781070205,0
1291,0.8947379176987177,0
1292,6.638708306119921,1
1293,7.675384700565148,1
1294,5.743715629876843,0
1295,3.1206987234397934,0
1296,3.3846460079639646,0
1297,11.209884421034912,1
1298,8.57789351868308,0
1299,5.4324379039651305,0
1300,3.4020860628110174,0
1301,2.0636630690209437,0
1302,1.750258115470274,0
1303,2.0709272610395364,0
1304,-0.10750200673457888,0
1305,-0.6115783851021019,0
1306,-0.33780882330638295,0
1307,0.9710297283978254,0
1308,1.2253859779945624,0
1309,0.23345084446736664,0
1310,-4.8639619402391725,1
1311,-3.3173849421653623,0
1312,-0.5190650001207444,0
1313,-0.43168956479385745,0
1314,0.10574862692948889,0
1315,9.157968094382912,1
1316,7.471255031993884,0
1317,4.798364865005244,0
1318,3.9999122283878656,0
1319,1.2322667469794135,0
1320,0.8454163871653045,0
1321,2.0766469554446476,0
1322,3.0652073396383317,0
1323,0.20306933664176974,0
1324,3.7365218228849493,1
1325,1.1487713344944464,0
1326,0.24565045310595657,0
1327,-0.6528467403916899,0
1328,-0.5326991125456004,0
1329,-1.5376534405233364,0
1330,1.4948283698236533,1
1331,0.18167014351956134,0
1332,0.592823950872045,0
1333,2.806098573360725,1
1334,2.8594533585657356,0
1335,1.8184718597436704,0
1336,1.3880068060771362,0
1337,0.1183706913814806,0
1338,0.513134658078088,0
1339,0.5083666051755336,0
1340,1.769650023854448,0
1341,1.5179569017292007,0
1342,1.8770309281629722,0
1343,0.8710613787939928,0
1344,1.3872519711029403,0
1345,1.324742933908288,0
1346,0.06316055610530114,0
1347,-7.295297947852739,1
1348,-3.0976935484659247,1
1349,-2.768364160396931,0
1350,-2.3403385707386106,0
1351,-1.1048431776506562,0
1352,-0.9770533142299902,0
1353,-0.3768662651811071,0
1354,-0.8050019345229766,0
1355,-0.5238661331676523,0
1356,-1.3465007104847315,0
1357,1.288664481858709,1
1358,1.7141919029697492,0
1359,1.8378079525085995,0
1360,-0.45812713543563244,0
1361,0.2819675432756244,0
1362,0.41681870224629847,0
1363,-0.36103656175535276,0
1364,2.873953112791071,1
1365,7.99945781246688,1
1366,5.27970821943012,0
1367,-1.591688426521166,1
1368,-0.09667470750680085,0
1369,1.3610138157195375,0
1370,1.174780773222881,0
1371,-5.899012773387141,1
1372,-3.196378773658332,0
1373,-2.1364244934112606,0
1374,-1.5038774630749063,0
1375,-9.739319520857187,1
1376,-7.0310818216351985,0
1377,-5.993223248760526,0
1378,-3.6421492383841194,0
1379,0.19264100665649142,1
1380,1.8663806893776498,0
1381,4.902785180055168,1
1382,4.001836658901263,0
1383,3.368244768584082,0
1384,1.4366917789228815,0
1385,1.357572989724552,0
1386,1.299280104321743,0
1387,1.315530410908737,0
1388,2.2436416121182816,0
1389,1.9721696793848968,0
1390,0.3751400830195344,0
1391,1.160579937313508,0
1392,4.923509602005267,1
1393,1.1684609095514733,1
1394,2.1408440217715548,0
1395,2.776350197181417,0
1396,2.5817788934777086,0
1397,-0.6414624582340591,1
1398,0.8789731295935524,0
1399,0.9275652810295789,0
1400,1.2586857836937648,0
1401,0.033779016323900235,0
1402,0.3734064710232791,0
1403,0.4185670742359162,0
1404,0.16776515602649583,0
1405,-0.6192189081725104,0
1406,0.2825305127775055,0
1407,0.45281086912467894,0
1408,1.4470737376035447,0
1409,1.684260342335981,0
1410,1.363106210792456,0
1411,1.10919676092185,0
1412,-8.432871634802348,1
1413,-5.27309225635254,0
1414,-3.2761749737150114,0
1415,-7.669842951726602,1
1416,-5.002164505945371,0
1417,-2.710473513223495,0
1418,-1.145773066720801,0
1419,-1.3631861560992722,0
1420,-3.6613926589277823,1
1421,-7.772036240386661,1
1422,-5.955748141882623,0
1423,-4.7943216574001735,0
1424,-3.4720987323788632,0
1425,1.8788813809287856,1
1426,4.4522882778701645,1
1427,6.939377602250374,1
1428,3.388513933253795,0
1429,0.9025021227748651,0
1430,0.7877292293205722,0
1431,0.87373062660104,0
1432,2.910722229646521,1
1433,2.2696193373403344,0
1434,2.6258377897205882,0
1435,0.613752530680276,0
1436,0.9792212777567432,0
1437,1.1415919320048673,0
1438,0.22891844539603634,0
1439,-0.37298908153160987,0
1440,-0.6501791515457835,0
1441,5.703127892702681,1
1442,4.067144825394943,0
1443,0.7806785792567679,1
1444,0.2662881377219001,0
1445,1.8611132198778086,0
1446,1.4147509275592578,0
1447,2.2246486230073534,0
1448,2.225163544407316,0
1449,2.321518132045,0
1450,0.7955710237162517,0
1451,2.817661074954039,1
1452,1.6367202458262264,0
1453,1.5715335187976454,0
1454,1.8116181970956515,0
1455,10.388265186936605,1
1456,11.003524134974123,1
1457,8.594414566143028,0
1458,5.434796157871285,0
1459,2.138622870008721,0
1460,1.5209983296593435,0
1461,2.6483840690873883,0
1462,3.284129683174344,0
1463,1.2895619996908483,0
1464,2.423252272259384,0
1465,0.11697119144338552,0
1466,-0.85086722912875,0
1467,-1.0747604060142577,0
1468,0.1470693620431398,0
1469,6.850116633175716,1
1470,4.625691166869081,0
1471,1.7350768201199591,0
1472,1.1117284168105082,0
1473,1.7098203205224602,0
1474,1.1920912571204256,0
1475,-0.3568728208637769,0
1476,0.6095762385672433,0
1477,0.7094911837235562,0
1478,1.1157851604938838,0
1479,2.7843653891605515,1
1480,1.2089978815334725,0
1481,2.3031384959793106,0
1482,6.641245271158847,1
1483,9.929002390824548,1
1484,5.267877906464797,0
1485,4.098816356647863,0
1486,4.322529069414894,0
1487,3.454172543772707,0
1488,1.1481302737904875,0
1489,0.1121533351189945,0
1490,-0.9175127656256002,0
1491,0.20582640671030095,0
1492,0.13709656543847087,0
1493,-1.2810461537810724,0
1494,-0.49726276564159533,0
1495,-0.8540039667710924,0
1496,1.0566247097260564,0
1497,1.801149647446559,0
1498,2.9924642475289183,0
1499,1.765612053347842,0
1500,5.00063285080293,1
1501,3.013499224248177,0
1502,0.6242594923317626,0
1503,1.5723137577612136,0
1504,0.41108997616266596,0
1505,-0.31320559943931764,0
1506,-1.298164912538133,0
1507,0.9038259047341063,0
1508,0.6372044796972512,0
1509,0.8322199050424255,0
1510,5.648070585899605,1
1511,4.047510329532681,0
1512,6.435226627851973,1
1513,4.092763472662955,0
1514,1.9130977207174693,0
1515,1.2397892424816899,0
1516,0.5724534247650519,0
1517,0.7883415223556746,0
1518,-0.3994218553998672,0
1519,-0.6141021952409789,0
1520,0.5993449042298731,0
1521,0.21800918463640023,0
1522,-2.4598124117675924,1
1523,-1.6436543062306828,0
1524,-2.292588624659133,0
1525,-2.6094006034324253,0
1526,-1.3350443277280641,0
1527,-0.7419262050001589,0
1528,-0.4455883529524138,0
1529,-1.3007753855374857,0
1530,0.19901404388483035,0
1531,0.08871084333223453,0
1532,-0.04573985260488728,0
1533,2.447434054144207,1
1534,-6.978454331543677,1
1535,-7.4722753581005845,1
1536,3.2037078101300853,1
1537,2.7340302260154274,0
1538,1.7979804400477972,0
1539,-3.5073356016745802,1
1540,-2.357338483546091,0
1541,-2.893533687821522,0
1542,-1.3642633177359218,0
1543,-0.8671518894758715,0
1544,-3.3105306959598937,1
1545,-2.946940884407335,0
1546,-2.6598531892852306,0
1547,7.771628966897412,1
1548,4.462127642825957,0
1549,3.0122263927849997,0
1550,3.53427297134634,0
1551,0.3816193031808859,1
1552,-1.179870614466354,0
1553,-1.0447879933044004,0
1554,-1.1379553710513954,0
1555,-0.6176403169147574,0
1556,-4.065005088357982,1
1557,0.15157302295321706,1
1558,-2.6758656810990793,1
1559,-1.7287248148255183,0
1560,-3.063827845287264,0
1561,-2.595149273407915,0
1562,-0.874186421565356,0
1563,0.2443365112277427,0
1564,1.0048234195011732,0
1565,-7.784644912891597,1
1566,-5.410153683968149,0
1567,-3.9500705618618595,0
1568,-2.6839407730309937,0
1569,-2.0185439015856033,0
1570,-1.193239390576899,0
1571,-9.477909390099429,1
1572,-5.865794638737446,0
1573,-3.757617280569356,0
1574,-1.4121221469586882,0
1575,-1.0644849307447488,0
1576,-1.1949418582059965,0
1577,-1.2249215627658132,0
1578,1.0861159096565849,0
1579,0.6688670877154672,0
1580,0.22533461594967388,0
1581,-1.4957520142810141,0
1582,1.2513067060287562,1
1583,0.8777517533073479,0
1584,2.6513433446794163,1
1585,1.6096977392841458,0
1586,7.5963717237637685,1
1587,4.609510836284463,0
1588,-3.5894343268328903,1
1589,-2.8581029877115656,0
1590,-2.6798453687469843,0
1591,-3.1253306476604044,0
1592,-3.1600657102933125,0
1593,5.221968546525385,1
1594,3.519133579860204,0
1595,2.5719126841241944,0
1596,2.1367926285807917,0
1597,1.172154240341002,0
1598,-1.2517302631128264,1
1599,-2.4409777250022437,0
1600,-5.379666012409007,1
1601,-2.6142023319427556,0
1602,-2.2538690729716344,0
1603,6.147731408402709,1
1604,2.7192050013695286,0
1605,-1.5623050416642497,1
1606,-0.9420430521022081,0
1607,-0.08442502082831127,0
1608,-0.9642407347484651,0
1609,-1.5905091196980932,0
1610,-1.2579346683307193,0
1611,0.5037897753190084,0
1612,0.448178668788418,0
1613,1.1892067145021405,0
1614,0.3541443941213462,0
1615,-2.6121480524522096,1
1616,-3.0490468313327197,0
1617,-0.5561572480306354,0
1618,-0.1746942175803315,0
1619,-0.02501185714756296,0
1620,-0.0724758199577501,0
1621,-0.48050100747611857,0
1622,-1.4188858469205365,0
1623,-1.5368970717603783,0
1624,-1.8699974466621159,0
1625,-2.619358580762374,0
1626,-1.8436325411276493,0
1627,-1.1203762805606152,0
1628,-0.4585921812337766,0
1629,0.649062458451766,0
1630,-4.920602111724071,1
1631,-3.1294050929176453,0
1632,-2.0201987727372117,0
1633,-0.4744880489170913,0
1634,1.4703548891596316,0
1635,1.2610422807661372,0
1636,1.819345422910113,0
1637,3.394418580476321,1
1638,0.7521676373351234,0
1639,0.6526327523493902,0
1640,1.9314037159097552,0
1641,2.0819840816609565,0
1642,3.460376171689904,1
1643,2.8800174689315434,0
1644,2.78400886566464,0
1645,1.2362386792044138,0
1646,0.8091057957188762,0
1647,2.2110347583949403,0
1648,1.1881891637876638,0
1649,1.9967466081116738,0
1650,1.5660367032889153,0
1651,2.09039062463127,0
1652,1.1645875681256426,0
1653,0.5460428350919393,0
1654,0.7404934011123783,0
1655,0.9653901357189771,0
1656,0.7733240599850626,0
1657,2.121579570958382,0
1658,8.428034500631595,1
1659,6.950759123892995,0
1660,6.117756646622399,0
1661,2.1859393874867723,1
1662,1.6762644426780158,0
1663,1.7375764594977272,0
1664,1.0955661721269805,0
1665,7.53280456494082,1
1666,13.193138194277608,1
1667,9.31941675209789,0
1668,5.6949556946929984,0
1669,3.933278825404521,0
1670,2.4517251276987095,0
1671,3.380920103779729,0
1672,3.778824816393155,0
1673,0.8649481174871883,0
1674,1.2144816905492744,0
1675,1.454903528504743,0
1676,0.7414170051686095,0
1677,0.7638015068683203,0
1678,1.431549307179385,0
1679,-0.8576522330649039,0
1680,-1.8771629453613765,0
1681,-1.3258999683696404,0
1682,4.193534766554621,1
1683,2.3979111504516357,0
1684,0.19084992268461298,0
1685,0.2116811119675139,0
1686,-0.3612266291133224,0
1687,-2.219425208618092,0
1688,9.066189443077679,1
1689,5.831985552585792,0
1690,5.119349303446133,0
1691,3.7848750150534274,0
1692,4.060343482246094,0
1693,1.7719169542624549,0
1694,0.26383879322411485,0
1695,-0.8563894788442116,0
1696,-0.05965701914685362,0
1697,0.11557816018430572,0
1698,0.1171020607247524,0
1699,0.5761681783024158,0
1700,2.3138225738717084,0
1701,1.4850935605766804,0
1702,1.930929647927359,0
1703,2.8070160045930366,0
1704,2.4965799146520395,0
1705,0.9651795928787585,0
1706,-0.26854527559406427,0
1707,0.4481234599860592,0
1708,-6.113450371577243,1
1709,-4.080605306371271,0
1710,-2.862856976482666,0
1711,-3.068608604984216,0
1712,-1.428497695400365,0
1713,-1.5178250218013545,0
1714,-8.308783752426464,1
1715,-5.9912372268539436,0
1716,-4.018609407477241,0
1717,-2.2404980337440703,0
1718,-3.7473622259381285,1
1719,-3.6897601320438325,0
1720,-0.7257576531621861,0
1721,-1.681748054859975,0
1722,-1.523047333402252,0
1723,-1.956568239363913,0
1724,-1.1545935439510564,0
1725,-0.6943769597683533,0
1726,-0.40268404045500794,0
1727,3.4528168603330784,1
1728,1.1267949643293074,0
1729,0.4653270995061385,0
1730,1.390304047610677,0
1731,2.4395333660601612,0
1732,0.5211965591002701,0
1733,1.3266069877860298,0
1734,2.363214458751565,0
1735,-0.023583429497230357,0
1736,0.8684912351961841,0
1737,-0.05303335199725123,0
1738,0.41023244016793137,0
1739,0.5708336822624761,0
1740,-1.8463869512916566,1
1741,-3.4874088435181276,1
1742,-2.948533281715105,0
1743,-2.144363971885493,0
1744,-2.9296733189489954,0
1745,-1.8166434255608757,0
1746,-4.960444227236032,1
1747,-1.6618065560228266,0
1748,-1.5939707521573034,0
1749,1.2554347005524429,1
1750,1.2941712279896085,0
1751,4.140622318058634,1
1752,-2.903061741461231,1
1753,-2.714719050329048,0
1754,0.5962717916897537,1
1755,-1.079715823366471,0
1756,-1.2737055471750591,0
1757,-0.09215023031232272,0
1758,0.49023679637558126,0
1759,10.206902657656922,1
1760,7.250725190690571,0
1761,5.6229974193513454,0
1762,5.090298156340057,0
1763,3.1059647123693006,0
1764,3.423851094880134,0
1765,12.195995630945948,1
1766,6.4580182139924185,1
1767,7.312142312845607,1
1768,4.088283875672956,0
1769,3.597968335015481,0
1770,1.2447477345270672,0
1771,1.312834830583911,0
1772,1.1244924823307683,0
1773,1.7815616678326003,0
1774,1.7987679642667076,0
1775,-2.1847090685688615,1
1776,-1.5028948535636724,0
1777,-1.0927875394224436,0
1778,-3.2767609680213097,1
1779,-1.8799570627664681,0
1780,1.3638244359640397,1
1781,-0.6659479409642901,0
1782,-0.8405679023515512,0
1783,-1.8824153430432147,0
1784,-1.565348921536008,0
1785,-2.444876957595601,0
1786,-1.4772585524242712,0
1787,-1.7155816620006528,0
1788,-1.7493869446929358,0
1789,-2.5884853354292945,0
1790,-3.1257420926204302,0
1791,0.7703925008517492,1
1792,-0.6688929836811865,0
1793,-2.991457493575631,1
1794,-1.4469808107460556,0
1795,-1.6129990376034777,0
1796,3.4114010320223853,1
1797,3.86249996411401,0
1798,1.2540252923973327,0
1799,0.5400443208546526,0
1800,-1.0899128623826129,0
1801,-2.2284454787888643,0
1802,-2.1956698656364972,0
1803,-1.6510484891897013,0
1804,1.3687060113009177,1
1805,5.4602281899940275,1
1806,3.986082976692484,0
1807,5.422490772162673,1
1808,3.3014542971044674,0
1809,2.652010963863943,0
1810,3.8197573201183874,0
1811,3.3961199528817154,0
1812,5.558276798940178,1
1813,4.105178386081645,0
1814,3.3667206412029347,0
1815,3.0982029629697445,0
1816,2.6235991558968257,0
1817,0.29243093942025267,0
1818,1.5479722672230338,0
1819,-0.9521425031201285,1
1820,0.29316178931051073,0
1821,-0.29856190097596896,0
1822,-1.5121464448866333,0
1823,-2.5675681772180035,0
1824,-1.8004023115704897,0
1825,6.615527708240963,1
1826,5.919057921172277,0
1827,3.1813738872989,0
1828,2.386208580096633,0
1829,3.0269693726797327,0
1830,2.6043068725025496,0
1831,1.4018496000810914,0
1832,0.9371388775122237,0
1833,1.6983844514886703,0
1834,1.8137846266474766,0
1835,0.999401953562933,0
1836,-3.7339881810851914,1
1837,-2.880819088261437,0
1838,-0.0854512162200749,0
1839,0.05028526975936027,0
1840,-1.7150612509980203,0
1841,-1.9118780925434282,0
1842,-0.9436463597357974,0
1843,-0.1348010725668496,0
1844,-0.1014701114107127,0
1845,-0.5613162376632096,0
1846,0.5174914354532354,0
1847,0.21718502865805533,0
1848,-0.9672447534910178,0
1849,-1.557002662159134,0
1850,-0.41151585900346677,0
1851,-1.3328030303121423,0
1852,0.10704282839255042,0
1853,0.7719113278912271,0
1854,0.8369203853075022,0
1855,0.6304922229227838,0
1856,0.6987552632061189,0
1857,1.0563149429926724,0
1858,1.7437509651781742,0
1859,0.16530611150120622,0
1860,0.4117957648906579,0
1861,2.062286368873584,0
1862,2.551710899572413,0
1863,3.782701154820842,0
1864,3.2426921892383236,0
1865,4.325822952276782,1
1866,-1.0222948600787043,1
1867,-0.5121595063684312,0
1868,-0.0449791990470369,0
1869,0.660945259127243,0
1870,9.22714972975524,1
1871,7.060961223256568,0
1872,3.840926963704635,0
1873,2.2435918692723176,0
1874,0.3930183884941194,0
1875,0.8819413437400743,0
1876,-0.2524874033236252,0
1877,4.459298387601091,1
1878,2.7932440400497383,0
1879,1.5924047068761578,0
1880,0.787050910888575,0
1881,0.8833281308479872,0
1882,1.8598093040487944,0
1883,0.16746486067308153,0
1884,-0.7279817355919171,0
1885,-1.3470808412232627,0
1886,-0.13422553991642616,0
1887,0.12813971916332006,0
1888,1.7164472164937878,0
1889,3.5348425897840183,1
1890,2.880936971242153,0
1891,3.101491150683694,0
1892,1.294082071162115,0
1893,2.385162225658146,0
1894,3.221547949102618,0
1895,1.7975014829829035,0
1896,1.9787713588042768,0
1897,2.4124422512935855,0
1898,0.33006914664248566,0
1899,-1.6634148448454353,0
1900,-0.3273626932429303,0
1901,1.0742534230717553,0
1902,0.7645736026543358,0
1903,0.051399101054845076,0
1904,0.1440051582558871,0
1905,0.1858522162646687,0
1906,0.3005197245727209,0
1907,1.0575419365480907,0
1908,-1.0872985768366017,0
1909,-1.2368729556839098,0
1910,3.2265958474128706,1
1911,1.7179016625049583,0
1912,0.07601224348037117,0
1913,-0.21494717253461548,0
1914,-1.1649209560836684,0
1915,-1.3820410073898028,0
1916,-10.940348196533373,1
1917,-7.0749886882580135,0
1918,-4.211241214354752,0
1919,-2.7148308129039953,0
1920,-3.033612740676669,0
1921,-3.574429440417152,0
1922,-3.6930915791355394,0
1923,-3.4141162319679017,0
1924,-3.0128723006825036,0
1925,-2.161578232947701,0
1926,-0.8120711555206956,0
1927,0.03810989099165707,0
1928,-0.1522669068670742,0
1929,0.8916044276526088,0
1930,1.9308618288724047,0
1931,2.2196007948518104,0
1932,1.1491006776838382,0
1933,-1.0340154310227048,0
1934,-0.8353711692839225,0
1935,0.676281899703449,0
1936,-0.7877657029730052,0
1937,0.20916360016984215,0
1938,-0.33391203075689624,0
1939,-2.4599612345194948,1
1940,-1.9369150530180135,0
1941,-2.4652350469461597,0
1942,-1.0376657403140022,0
1943,1.5518245336091832,1
1944,0.1463797048634552,0
1945,1.2037052828865733,0
1946,0.4728525779889881,0
1947,4.56660587697053,1
1948,3.553932756951602,0
1949,2.1642402946809245,0
1950,1.3202265547755696,0
1951,1.7340404855727236,0
1952,0.6025912152799975,0
1953,-6.318846576968614,1
1954,-3.22231982024427,0
1955,-2.66800828030683,0
1956,-1.8911648889667036,0
1957,-2.3175847293427823,0
1958,-3.38747120556485,0
1959,-1.4628304571085429,0
1960,-2.0246426211690487,0
1961,-1.7419788147474538,0
1962,-4.1161854113294805,1
1963,-0.7156070737794971,1
1964,-1.4217555252794982,0
1965,-0.7670481830419704,0
1966,-2.201224212526418,0
1967,-1.858537883313485,0
1968,-1.4436371758907074,0
1969,0.42149963615486263,0
1970,1.1486084500649192,0
1971,-2.886931333026933,1
1972,-1.0808086353126165,0
1973,-0.9095011246366547,0
1974,5.752543023850242,1
1975,4.93697973916796,0
1976,4.489648701553241,0
1977,-1.277247507308143,1
1978,-3.1456127182778175,1
1979,-1.7918356063276246,0
1980,-5.313523897369155,1
1981,-9.346336950588336,1
1982,-6.444036472239809,0
1983,-2.732489041922385,0
1984,-2.7947008329796583,0
1985,-3.071192454547695,0
1986,-1.810090868626459,0
1987,-3.7480566580222408,1
1988,-3.219810542170521,0
1989,-3.2608140115765973,0
1990,-5.75842752654634,1
1991,-5.694786326360019,0
1992,-4.1330433252142775,0
1993,-4.611912509085424,0
1994,-4.200346830702198,0
1995,-3.117366261628494,0
1996,-2.232337978951036,0
1997,-1.8569688221740568,0
1998,-0.07959312143639208,0
1999,-1.03373684350523,0
2000,1.1094971458031706,0
2001,0.5248087001709538,0
2002,0.10125303712747769,0
2003,0.4249391832959495,0
2004,1.8840564681574339,0
2005,-0.7631883414959741,1
2006,0.2849700937208095,0
2007,-0.9631955433028221,0
2008,-4.698592370019389,1
2009,-3.2998815262101386,0
2010,-1.2640724636566774,0
2011,-1.1221853024270896,0
2012,-1.1287285148218509,0
2013,0.1875770940157847,0
2014,0.2883360557753476,0
2015,11.188988116601784,1
2016,7.582984543205879,0
2017,7.060555595870297,0
2018,4.735819959623157,0
2019,3.4241999893618846,0
2020,2.1654792864484977,0
2021,-1.318851460138278,1
2022,-2.0891437624709983,0
2023,-1.6592037281725032,0
2024,-1.3742132786013883,0
2025,-1.5092973352099355,0
2026,-2.953984746323353,0
2027,-3.4659889410976006,0
2028,-1.5171701399230744,0
2029,-1.5669328409466714,0
2030,-0.8342071385929234,0
2031,-2.592780050241185,1
2032,-6.0792771813786715,1
2033,-3.921701677467669,0
2034,-3.8671525240087044,0
2035,-3.3638729030007104,0
2036,-3.006369887052235,0
2037,-8.600470255500808,1
2038,-6.482829171513479,0
2039,-4.900673959312511,0
2040,-3.1179056443985274,0
2041,-0.6276682181102651,0
2042,-3.6347941819699994,1
2043,-4.848534392247891,1
2044,-3.5205967564232044,0
2045,-1.8637642185458327,0
2046,-0.5859254652034009,0
2047,-1.1977235013866583,0
2048,0.10237465582959171,0
2049,-0.29274148962860136,0
2050,-1.736171919138005,0
2051,-1.5023821110356996,0
2052,-1.4952016989309533,0
2053,-0.39601720590526934,0
2054,-0.5002885129746614,0
2055,0.3228953845753798,0
2056,-1.2658350672370606,0
2057,0.9599481797011449,0
2058,1.3886112924455727,0
2059,-0.1462327535385125,0
2060,-2.7680965948199074,1
2061,-4.533833405750706,1
2062,-3.890762817026219,0
2063,-1.8434789456481435,0
2064,-1.2853536445643874,0
2065,-3.6352113004582884,1
2066,-1.1211079536747577,0
2067,0.1355342836859582,0
2068,-0.02316595026458182,0
2069,2.001839648365834,1
2070,-0.5307407102374047,0
2071,0.2924251675045918,0
2072,0.5507774189472859,0
2073,-0.21739592693698534,0
2074,4.499276008491311,1
2075,4.0397810867916775,0
2076,1.5132591313079724,0
2077,2.0369854958302858,0
2078,-0.8450425102554839,1
2079,-2.227994464524877,0
2080,-2.0047066316388573,0
2081,-0.9659784924314812,0
2082,-1.4876238266573507,0
2083,0.6165373204638722,0
2084,0.9148464332193649,0
2085,-0.10477930089628817,0
2086,-0.24203018992858644,0
2087,0.047033449214402556,0
2088,-0.03004120496088715,0
2089,4.424867388853081,1
2090,-3.7434538432386786,1
2091,-3.242579275595149,0
2092,-2.7355175175551096,0
2093,-1.6400460419749459,0
2094,-0.8585306747309576,0
2095,0.11922431486984608,0
2096,1.2357561331063691,0
2097,1.397622028165878,0
2098,1.0144563032239275,0
2099,7.072926024804581,1
2100,2.654059479621743,1
2101,0.89726126008786,0
2102,-5.229200717646417,1
2103,-3.554651557382022,0
2104,-1.989833472499639,0
2105,-1.4437035448286673,0
2106,-1.7447071250855921,0
2107,-1.0837429036855784,0
2108,-0.7282030037011765,0
2109,-0.7764926458296202,0
2110,-3.2285387018767566,1
2111,-3.5285898415583983,0
2112,-0.8092849923145748,0
2113,0.1371125987712022,0
2114,-2.354618241047062,1
2115,0.7284085103204518,1
2116,0.7422817429229709,0
2117,2.951001508263692,1
2118,0.5767093165865498,0
2119,2.145187259851716,0
2120,3.5236949327241036,1
2121,3.2330174566662677,0
2122,2.1979107361060213,0
2123,2.9783956839577987,0
2124,1.9220374756928786,0
2125,1.5154686163361621,0
2126,1.6251372306037883,0
2127,0.40461809522111514,0
2128,-0.33633096448613536,0
2129,-1.8205572837407722,0
2130,-0.7252670097910278,0
2131,-5.531741735727326,1
2132,-4.758445099410537,0
2133,-2.6304468772405873,0
2134,-2.244124153730323,0
2135,-2.3650765347654823,0
2136,-1.950104358560579,0
2137,-3.0398308902114275,0
2138,-2.084607702260509,0
2139,-1.4667232627514128,0
2140,-1.018600167969236,0
2141,1.1847731641030481,0
2142,0.39200814040189397,0
2143,-1.3898249607540123,0
2144,-1.5618880149415135,0
2145,-1.2292861295545134,0
2146,-0.6400422616064707,0
2147,-16.815729938454492,1
2148,-12.253905751062687,0
2149,-8.425161958831938,0
2150,-6.320178367127013,0
2151,-3.757905421038824,0
2152,-3.3612826771224205,0
2153,-2.921634587389592,0
2154,-2.712243081633926,0
2155,-1.859240231692716,0
2156,-0.8544619110247436,0
2157,-1.7137082978495433,0
2158,-0.9930540020345565,0
2159,-1.2023389587829882,0
2160,0.8900994781437312,0
2161,0.19220500778651073,0
2162,0.10155191168257359,0
2163,0.21259537472575762,0
2164,0.7413568607383302,0
2165,0.2825659881267072,0
2166,2.645111977470881,1
2167,11.632446185910148,1
2168,7.1602566879930105,0
2169,10.274546242426606,1
2170,8.001409120949146,0
2171,3.6564331569565622,0
2172,1.724410978801982,0
2173,-3.4379260482605196,1
2174,-2.339037258077582,0
2175,-4.711509598445822,1
2176,-4.568434221344255,0
2177,-1.9474748961779853,0
2178,-1.2178033293355435,0
2179,-2.5034700528964855,0
2180,-0.3085611916097122,0
2181,3.2610442213526967,1
2182,3.1542957903669433,0
2183,1.5845640553772609,0
2184,0.9875500207017939,0
2185,-0.5311508594578525,0
2186,-2.6915255213705334,1
2187,-2.580025589180453,0
2188,-1.998098426183377,0
2189,-0.3377068435446229,0
2190,0.7794658289210032,0
2191,5.6071524581822665,1
2192,1.6933672030270528,1
2193,3.656494504680463,1
2194,2.5629259760260727,0
2195,1.286935173338237,0
2196,0.05915692492645308,0
2197,-5.041819609504736,1
2198,-2.7967721872177407,0
2199,-2.6169228156895197,0
2200,-1.82668855957014,0
2201,-1.394442709559791,0
2202,-1.5306242198709712,0
2203,-10.509620877240803,1
2204,-8.65722592642137,0
2205,-7.238088961242056,0
2206,-3.310771418697135,0
2207,-1.778474058981586,0
2208,-4.550148964625166,1
2209,-5.093853222979419,0
2210,-4.756470638963593,0
2211,-2.7740223549032836,0
2212,0.5253768872140354,1
2213,-5.626703906268148,1
2214,-3.2862855916405587,0
2215,-2.2237939950781787,0
2216,-1.3253147158567706,0
2217,-1.25276490018711,0
2218,-0.7739437927676526,0
2219,0.8234708591119015,0
2220,-0.8228575315830988,0
2221,0.8850880192265587,0
2222,1.7664862996795023,0
2223,0.8810207498070635,0
2224,-6.822923265414685,1
2225,-8.82266393601558,1
2226,-8.590879475953692,1
2227,-5.33957725824932,0
2228,-4.007716948699502,0
2229,-3.1152267249797254,0
2230,-6.0444455062420905,1
2231,-5.042931128100496,0
2232,-2.2327316705561158,0
2233,-1.2531355278033942,0
2234,0.3217038967239012,0
2235,0.7466984211424201,0
2236,5.0020930232474905,1
2237,3.779160991358465,0
2238,3.251333719903447,0
2239,7.964328113755127,1
2240,5.873460201961308,0
2241,4.715811459111639,0
2242,1.724108144535495,0
2243,2.0960724691703048,0
2244,0.905848349660318,0
2245,1.0662036023219805,0
2246,1.4339475037516713,0
2247,0.8745886220814012,0
2248,0.1385964844848792,0
2249,1.6972158388281315,0
2250,3.1530210969033106,0
2251,3.5330404500397385,0
2252,10.316007875722537,1
2253,6.809818398410351,0
2254,3.8456663188147777,0
2255,2.3707083539786433,0
2256,-2.547712267697929,1
2257,-2.5681048375219158,0
2258,-2.546515862901865,0
2259,-0.028569395885267523,0
2260,1.6123371959469284,0
2261,9.378974063018529,1
2262,6.393448320683617,0
2263,-1.0693176835593814,1
2264,-0.8178057139701009,0
2265,0.15328616806618522,0
2266,-0.8501515406396682,0
2267,-3.1221757442879907,1
2268,-2.5045475650831084,0
2269,-1.3278699026747969,0
2270,0.5832550709291762,0
2271,0.7027375068657995,0
2272,1.0760978988113021,0
2273,-6.117429876134956,1
2274,-2.9404193237956457,0
2275,-3.9024224877,0
2276,-3.6721376826595233,0
2277,-3.1529587449075756,0
2278,-0.7744727749226235,0
2279,-0.45701265016509085,0
2280,6.83143856957534,1
2281,6.767671211373372,0
2282,4.266895196361412,0
2283,3.786958439589224,0
2284,0.9060796770944894,0
2285,-0.16341927484435237,0
2286,1.2046041740283164,0
2287,4.0414113028232475,1
2288,1.4681509071224996,0
2289,-0.03723146504057118,0
2290,-1.276450516175025,0
2291,-0.05720420466863718,0
2292,0.3441303037514982,0
2293,1.9086935159750165,0
2294,2.5477351115350313,0
2295,1.821971573466446,0
2296,1.023785138480192,0
2297,1.3042075711903798,0
2298,-0.1677763957873083,0
2299,-0.14149009169306456,0
2300,-1.8610524413485963,0
2301,0.19601141262664146,0
2302,1.763188985720405,0
2303,3.5681024485526205,1
2304,-1.5340189013114691,1
2305,-2.6185167772429443,0
2306,-3.8223467064327696,0
2307,-2.1785611199006976,0
2308,-1.46503494294355,0
2309,-0.12238790385009102,0
2310,2.291674478469218,1
2311,0.5952111757232024,0
2312,1.7797431159668469,0
2313,2.3261749585171616,0
2314,2.1351780558820117,0
2315,3.228139617195347,0
2316,2.3813184437787354,0
2317,0.9276763915100298,0
2318,-0.07968172449414934,0
2319,0.4418723094762743,0
2320,-5.562213076389684,1
2321,-4.612634462154055,0
2322,-1.1656911657921856,1
2323,-1.2066648075526856,0
2324,1.6633115418885795,1
2325,1.2104275813623175,0
2326,0.8237937959420469,0
2327,2.14082660241602,0
2328,1.3074392496647578,0
2329,1.8573222574453203,0
2330,2.3427033466799796,0
2331,2.982631120887299,0
2332,0.8453157701088017,0
2333,1.6329992011670404,0
2334,-1.8836963266885367,1
2335,-3.1868286449623486,0
2336,-3.7044060356519775,0
2337,-4.760238058759004,1
2338,-1.1724643709783158,1
2339,-1.0532501347106522,0
2340,-1.0927917074808986,0
2341,3.5671490753609616,1
2342,0.855015613274307,0
2343,-0.5180239827112015,0
2344,-0.419505346141177,0
2345,-0.3465819040152712,0
2346,3.4342216656751514,1
2347,4.654876656356672,1
2348,2.421329327813672,0
2349,2.4975871606803066,0
2350,-4.677594408494469,1
2351,-1.9806952062502883,0
2352,-1.6681670992870026,0
2353,-6.949232000195499,1
2354,-4.677359434308136,0
2355,-2.717813900144767,0
2356,-3.266386718501314,0
2357,-1.9110783179630497,0
2358,-2.42900822410148,0
2359,-1.25197879997861,0
2360,0.3976957756413386,0
2361,0.1618586408947138,0
2362,-0.44311861486134607,0
2363,8.798164426544906,1
2364,7.0980048048677915,0
2365,6.126526274115586,0
2366,4.286716117216504,0
2367,3.4613316286084963,0
2368,5.266065333142356,1
2369,1.0752814749299175,1
2370,1.7626647050693736,0
2371,2.353192758660384,0
2372,-0.8407424386694877,1
2373,0.5217515301895289,0
2374,0.19737433971990193,0
2375,-1.2563101385677142,0
2376,0.1777977161955392,0
2377,0.566913497184151,0
2378,-1.1857696354277454,0
2379,-0.906145172894699,0
2380,-1.192709736734975,0
2381,-1.0944295034258364,0
2382,-3.6885441351288626,1
2383,-2.9707480297740223,0
2384,-0.9648119541091791,0
2385,-1.6824618618838292,0
2386,-1.8143322434877514,0
2387,-1.0639114802197938,0
2388,4.3787300997906256,1
2389,3.2382274391520984,0
2390,1.6214484568652252,0
2391,2.2362441006019815,0
2392,0.724250352344211,0
2393,0.5389728580340198,0
2394,-0.9942167666945598,0
2395,-3.4363695049457066,1
2396,0.14502024444134953,1
2397,-0.11069185332610132,0
2398,-0.29568227378410306,0
2399,-0.40379608730664185,0
2400,0.3914975986417618,0
2401,-1.1143428186376643,0
2402,-1.1663126150424388,0
2403,-3.120465845073298,1
2404,-3.290892243054902,0
2405,-2.685286511925658,0
2406,-1.0745483711039903,0
2407,-0.27629864456127046,0
2408,-1.4081901542440258,0
2409,-0.6357107754573774,0
2410,-2.425466646766949,0
2411,-0.8458282382603518,0
2412,-1.9923736456106176,0
2413,-2.6132073240410945,0
2414,-2.3743487225494366,0
2415,-2.9932283595120155,0
2416,-2.761600442779997,0
2417,-3.4073380291273736,0
2418,-2.259014469232418,0
2419,-0.943093544861598,0
2420,-1.5522218422004574,0
2421,-8.68323433449855,1
2422,-6.642882600024816,0
2423,-4.738311907213933,0
2424,-2.9422802724305526,0
2425,3.600158889918323,1
2426,2.578095022949685,0
2427,2.6116324262113055,0
2428,1.871688690169324,0
2429,-2.2632408357681104,1
2430,-2.324169319654813,0
2431,-0.9351265655473381,0
2432,-0.6831005572329897,0
2433,0.9233526997602397,0
2434,1.2513104891147646,0
2435,-2.957248839275572,1
2436,-1.631665143821116,0
2437,-1.6066656644638215,0
2438,-2.0961603046904655,0
2439,-1.661623418538523,0
2440,-1.091791122082241,0
2441,-1.7684027303368128,0
2442,7.177211535834221,1
2443,1.871125999641294,1
2444,1.392111470697951,0
2445,1.0548756257744332,0
2446,3.695500765654357,1
2447,3.343991204110013,0
2448,2.5468290669811573,0
2449,1.985621532608703,0
2450,0.6700256831535478,0
2451,-0.27067122290718976,0
2452,-1.2428860377006417,0
2453,-0.7831246637725119,0
2454,-0.5764274701895769,0
2455,-1.5238734820215933,0
2456,-0.8239695399117757,0
2457,-12.629118936615553,1
2458,-8.203650226228174,0
2459,-6.577742135848746,0
2460,-3.3063731355931933,0
2461,-2.715760404044675,0
2462,-0.46316480074127586,0
2463,-1.8143667490770718,0
2464,-2.645544726503731,0
2465,-1.3810966783110599,0
2466,-1.1584330592468874,0
2467,2.0134129406969876,1
2468,3.31673362434833,0
2469,2.0379995177489802,0
2470,0.1349855985994708,0
2471,-0.037375147759914185,0
2472,0.2478056587058407,0
2473,-2.2514434804183394,1
2474,-2.3566139463841314,0
2475,-2.7656846775921844,0
2476,-1.8701478504853761,0
2477,0.13642304449770926,0
2478,1.1404604479829195,0
2479,1.276228092525648,0
2480,0.8950504595526141,0
2481,-0.14529684506874052,0
2482,0.8934602707428521,0
2483,1.4169199235862253,0
2484,12.661741955326196,1
2485,8.069617455072844,0
2486,5.868231594400242,0
2487,3.3585739200534026,0
2488,1.641153286401283,0
2489,0.6086019200093278,0
2490,1.4375545603138915,0
2491,1.3370779346759956,0
2492,-1.1736693891943362,1
2493,-2.472220885764302,0
2494,-1.2013122362207347,0
2495,-4.6287352973537725,1
2496,-1.1680143962109168,1
2497,-0.3684568562520998,0
2498,-2.2588519353457013,1
2499,0.5040671497634861,1
