timestamp,value,intercept,break_segment
0,-0.3117836734875166,0.0,0
1,0.5107553521712425,0.0,0
2,0.5753495345958717,0.0,0
3,-0.49634712233002887,0.0,0
4,-2.8342236372588854,0.0,0
5,-1.0707050248453314,0.0,0
6,0.3775702085801005,0.0,0
7,-1.2497940826241454,0.0,0
8,0.7644352251007893,0.0,0
9,0.10521105456420449,0.0,0
10,2.704928295458762,0.0,0
11,2.4952720567769955,0.0,0
12,1.4108088248016517,0.0,0
13,2.225304020586803,0.0,0
14,1.6688409811782585,0.0,0
15,1.2973399347282966,0.0,0
16,0.9842655665251449,0.0,0
17,0.5338577380089894,0.0,0
18,1.007925759774217,0.0,0
19,1.5162030352680216,0.0,0
20,1.416150733659949,0.0,0
21,2.8038958273719903,0.0,0
22,0.6062512748816831,0.0,0
23,-0.03925607347415583,0.0,0
24,0.797174593212154,0.0,0
25,-0.6184092651686012,0.0,0
26,1.1316031739647539,0.0,0
27,1.5048273163106125,0.0,0
28,0.8723725235551673,0.0,0
29,1.1448602920756068,0.0,0
30,0.2147892446346623,0.0,0
31,-1.3315007975442685,0.0,0
32,-0.07480293984367503,0.0,0
33,0.8907369294826308,0.0,0
34,0.737957284906806,0.0,0
35,0.4946134158411968,0.0,0
36,-1.7809151554191234,0.0,0
37,-2.0810480769983295,0.0,0
38,-1.92224196384781,0.0,0
39,-1.1118587839275276,0.0,0
40,0.6067340772123708,0.0,0
41,-0.09491323262546891,0.0,0
42,-0.8465914014607235,0.0,0
43,0.36299560953096754,0.0,0
44,0.1273605486486304,0.0,0
45,-1.279460439269431,0.0,0
46,0.32285833844744183,0.0,0
47,-0.6315006013667863,0.0,0
48,-1.0035212974069214,0.0,0
49,-1.7359848075808078,0.0,0
50,-0.8564184095596836,0.0,0
51,0.47418845531039533,0.0,0
52,-0.043572805716340035,0.0,0
53,0.3658666090588592,0.0,0
54,-0.2153396505116854,0.0,0
55,2.185870056817071,0.0,0
56,3.032894570909622,0.0,0
57,1.5275664806572458,0.0,0
58,1.597637592962765,0.0,0
59,2.0581711126560025,0.0,0
60,1.867005165586496,0.0,0
61,0.5487465857624494,0.0,0
62,0.2217556335333553,0.0,0
63,0.8820389043648781,0.0,0
64,1.0615102019650373,0.0,0
65,-0.11376549780491263,0.0,0
66,0.3672925760261334,0.0,0
67,-0.7575431835999706,0.0,0
68,-2.6626036253259495,0.0,0
69,-1.6899594697479048,0.0,0
70,-0.23177037368909448,0.0,0
71,0.27965812554879416,0.0,0
72,1.6647780812045858,0.0,0
73,2.914861007773622,0.0,0
74,2.3939333271003114,0.0,0
75,1.0324160364096828,0.0,0
76,0.6754541715643966,0.0,0
77,-0.9762218663851701,0.0,0
78,-0.7195450722641789,0.0,0
79,-0.5945285364255544,0.0,0
80,-0.23987963556284603,0.0,0
81,0.9267046695948334,0.0,0
82,-1.4777813209086184,0.0,0
83,-0.2829980922547014,0.0,0
84,-0.7387057083881198,0.0,0
85,0.2761283599075022,0.0,0
86,0.3669431998046776,0.0,0
87,-0.7785740461012877,0.0,0
88,0.329266557808097,0.0,0
89,-0.5090854866463945,0.0,0
90,0.16658551262305743,0.0,0
91,-0.4752666223005192,0.0,0
92,-0.8101737416151298,0.0,0
93,-0.45459194269141645,0.0,0
94,1.5865279627997826,0.0,0
95,1.8047227200903977,0.0,0
96,1.2437245658779237,0.0,0
97,2.5334500484126075,0.0,0
98,1.8040234627196505,0.0,0
99,0.9653172180363433,0.0,0
100,-0.29241558369075893,0.0,0
101,-0.03762417792702227,0.0,0
102,0.09026504095098017,0.0,0
103,-0.6190717958020859,0.0,0
104,-2.347371407573644,0.0,0
105,-1.7830623000600512,0.0,0
106,-1.1332190231790435,0.0,0
107,-1.188257957628956,0.0,0
108,-1.785096834838242,0.0,0
109,-2.322395139940233,0.0,0
110,-2.110122203384202,0.0,0
111,-0.11414768705976042,0.0,0
112,0.0727843891857748,0.0,0
113,-1.5816715255822953,0.0,0
114,-0.4638686219934851,0.0,0
115,-0.7726030833858912,0.0,0
116,1.7982120696951964,0.0,0
117,0.9454255840077901,0.0,0
118,0.6021803457496416,0.0,0
119,0.6156945738999577,0.0,0
120,0.7178655001946607,0.0,0
121,0.5543655428605445,0.0,0
122,0.4396068243427654,0.0,0
123,0.08813752283713208,0.0,0
124,-0.4915602318273298,0.0,0
125,-0.7180030321574356,0.0,0
126,-1.6870189811049443,0.0,0
127,-1.7090864646518196,0.0,0
128,-1.8598944127581603,0.0,0
129,-1.735662572829459,0.0,0
130,-1.6602078752951266,0.0,0
131,-1.3041047386434947,0.0,0
132,-0.46047237448010214,0.0,0
133,-0.6317932281097375,0.0,0
134,-0.3514582957370283,0.0,0
135,0.024245782005835742,0.0,0
136,-0.2975197793377443,0.0,0
137,-0.35323942247703366,0.0,0
138,0.10810296863713331,0.0,0
139,-1.6232475096579466,0.0,0
140,-0.47901568716342235,0.0,0
141,-0.8076866105555853,0.0,0
142,-4.255616285282727,0.0,0
143,-2.445089816659161,0.0,0
144,-2.912914266191016,0.0,0
145,-1.147387253284831,0.0,0
146,-1.787899007739034,0.0,0
147,-1.4621562784956776,0.0,0
148,-0.3573514707071087,0.0,0
149,-1.046394277840978,0.0,0
150,-1.7278958188601339,0.0,0
151,-1.3236542329514789,0.0,0
152,0.4436235602188342,0.0,0
153,1.4101898320486566,0.0,0
154,2.3877143393061036,0.0,0
155,2.05610808199472,0.0,0
156,1.9275597719490607,0.0,0
157,2.419601571324275,0.0,0
158,2.2622745024096274,0.0,0
159,0.7786265791058569,0.0,0
160,1.327668992313313,0.0,0
161,0.4359497530044916,0.0,0
162,-0.514721134490028,0.0,0
163,-0.221591105387406,0.0,0
164,-0.23483942271149033,0.0,0
165,0.7082778912292351,0.0,0
166,0.7743113256628038,0.0,0
167,0.11447779538813047,0.0,0
168,0.020041850210699423,0.0,0
169,-0.5544589963578493,0.0,0
170,-0.7117802676594593,0.0,0
171,0.7678571839441775,0.0,0
172,0.9510633718749781,0.0,0
173,0.29236757100283595,0.0,0
174,-0.11550899411536575,0.0,0
175,-0.674052131379779,0.0,0
176,-0.6594939467202603,0.0,0
177,-1.9480378588314653,0.0,0
178,-0.7517320853610314,0.0,0
179,-0.7960565234229742,0.0,0
180,0.13525353913151061,0.0,0
181,1.0560108031015998,0.0,0
182,1.0542932007395027,0.0,0
183,-0.276660262547642,0.0,0
184,-1.4162378997699214,0.0,0
185,-0.16855393476718628,0.0,0
186,0.7184870959181061,0.0,0
187,-0.8751534099521675,0.0,0
188,-1.5580361939011538,0.0,0
189,0.0006611364832369571,0.0,0
190,0.07456052815250917,0.0,0
191,2.0829527188286185,0.0,0
192,1.974961609122614,0.0,0
193,2.3113304894076965,0.0,0
194,1.533760329975729,0.0,0
195,0.6250665332947563,0.0,0
196,-1.0123813542822033,0.0,0
197,-3.41559773782284,0.0,0
198,-1.27522463863949,0.0,0
199,-0.0985539895020574,0.0,0
200,-0.5732547751643096,0.0,0
201,0.6512315909937678,0.0,0
202,-1.0111912733383157,0.0,0
203,0.8662702664107416,0.0,0
204,1.0787265703419469,0.0,0
205,2.4320386402910024,0.0,0
206,0.011216144886285084,0.0,0
207,1.435658742294945,0.0,0
208,1.9335215777392996,0.0,0
209,1.69293521093689,0.0,0
210,0.3162725937272237,0.0,0
211,0.5762284788607026,0.0,0
212,0.6661687332144778,0.0,0
213,-0.14271667717980507,0.0,0
214,-1.4709537645022845,0.0,0
215,-2.0982924099154037,0.0,0
216,-1.9995054084934036,0.0,0
217,-0.26271151649970315,0.0,0
218,1.003160126281516,0.0,0
219,2.39310791705813,0.0,0
220,2.1654569074221954,0.0,0
221,0.07028965153627387,0.0,0
222,-0.6938980535392629,0.0,0
223,-1.639773054811855,0.0,0
224,-1.4055152065634864,0.0,0
225,0.3929533989270211,0.0,0
226,0.09608664762618163,0.0,0
227,-0.36336926054021634,0.0,0
228,0.27471399078222675,0.0,0
229,0.9256639245472271,0.0,0
230,1.6146805975992071,0.0,0
231,0.19500231622158137,0.0,0
232,-0.7417066430107206,0.0,0
233,-0.9749229105085155,0.0,0
234,0.060629868909268914,0.0,0
235,0.23573874977241963,0.0,0
236,-0.8063062173159007,0.0,0
237,1.3324578322138303,0.0,0
238,0.38941653352909844,0.0,0
239,0.14879689279238928,0.0,0
240,0.00757897850655484,0.0,0
241,-0.8147093218375411,0.0,0
242,-0.6058732510248643,0.0,0
243,-0.3677608692887139,0.0,0
244,0.004555514660345261,0.0,0
245,0.31876109000825165,0.0,0
246,-0.3096575813761022,0.0,0
247,-1.14206273883558,0.0,0
248,0.29447585713348223,0.0,0
249,-0.01188359875093753,0.0,0
250,1.0894190743038097,0.0,0
251,1.2160129410149731,0.0,0
252,3.534004328842836,0.0,0
253,2.377895108759844,0.0,0
254,0.010351353374460137,0.0,0
255,-0.30813802863864403,0.0,0
256,0.9959493287858162,0.0,0
257,2.598342060893372,0.0,0
258,3.5696476270245627,0.0,0
259,3.167676739299488,0.0,0
260,3.8210978007982614,0.0,0
261,1.6949114443919449,0.0,0
262,0.6352135410879741,0.0,0
263,-0.46637028207384484,0.0,0
264,0.29493806559310565,0.0,0
265,1.5389869707489108,0.0,0
266,1.147650223311697,0.0,0
267,1.2551769423781935,0.0,0
268,0.4568217794870808,0.0,0
269,-0.010236577047564865,0.0,0
270,0.15692512716521667,0.0,0
271,1.6941507684194679,0.0,0
272,1.7031917906313763,0.0,0
273,1.7509658307308804,0.0,0
274,2.3443048096255805,0.0,0
275,2.328851697957826,0.0,0
276,0.9544838139270043,0.0,0
277,2.452814377958918,0.0,0
278,1.6256540412927427,0.0,0
279,1.19913097964068,0.0,0
280,0.8065023816332605,0.0,0
281,1.2111133477583207,0.0,0
282,0.6741831404932864,0.0,0
283,0.8828289266432958,0.0,0
284,2.3723886956009625,0.0,0
285,0.913447227279897,0.0,0
286,-1.180545279532745,0.0,0
287,0.4902099537120318,0.0,0
288,0.645736454042248,0.0,0
289,1.1654065767611914,0.0,0
290,1.5529741633053562,0.0,0
291,0.7508818709728164,0.0,0
292,0.735460219350508,0.0,0
293,-1.1791071937137447,0.0,0
294,-0.8897206212427423,0.0,0
295,-0.5214090375004589,0.0,0
296,-1.520891987967004,0.0,0
297,-1.7452744154132365,0.0,0
298,-1.3365628254849944,0.0,0
299,-0.6087216005669942,0.0,0
300,-0.5945082645587356,0.0,0
301,0.9769768012454179,0.0,0
302,1.4277544432562685,0.0,0
303,1.8136603299183411,0.0,0
304,-0.4868125026242347,0.0,0
305,-0.7405454605124613,0.0,0
306,-0.31592893696306823,0.0,0
307,-0.5987579092989367,0.0,0
308,-0.19044954988233212,0.0,0
309,-0.7015578615503264,0.0,0
310,-1.3260875995206345,0.0,0
311,-0.9773936759936781,0.0,0
312,-0.596688415029997,0.0,0
313,-0.7109700334134603,0.0,0
314,-0.5387257297975911,0.0,0
315,0.5902816052900615,0.0,0
316,0.918441800749946,0.0,0
317,1.4592321392570793,0.0,0
318,1.6260913987994023,0.0,0
319,1.2577554640117576,0.0,0
320,0.5631854957288733,0.0,0
321,2.2383254370075187,0.0,0
322,1.7213250803497824,0.0,0
323,2.010508836350149,0.0,0
324,0.8191661248203731,0.0,0
325,-0.8148331308789102,0.0,0
326,-1.757901884338257,0.0,0
327,-1.5058452554220507,0.0,0
328,-2.196592521972722,0.0,0
329,-0.7096437716888963,0.0,0
330,-0.8706326456526305,0.0,0
331,-1.0396117824750983,0.0,0
332,0.9312371136292719,0.0,0
333,0.3372089987440846,0.0,0
334,-0.17943583226834617,0.0,0
335,2.5887746287956723,0.0,0
336,2.2775545939274555,0.0,0
337,1.7441968008571636,0.0,0
338,0.8354626758953874,0.0,0
339,1.8864079798485558,0.0,0
340,2.5568045287336725,0.0,0
341,-0.5578778557118151,0.0,0
342,-0.36660965934350265,0.0,0
343,0.06828057060127335,0.0,0
344,0.6689756355638956,0.0,0
345,-0.7520442502664709,0.0,0
346,-0.4941991475963586,0.0,0
347,1.431588894135515,0.0,0
348,2.206750363948802,0.0,0
349,0.6167230723136791,0.0,0
350,0.8278153218309854,0.0,0
351,-0.08486000375759928,0.0,0
352,0.8392746498876207,0.0,0
353,-2.247084044903619,0.0,0
354,-0.5910127594532346,0.0,0
355,-0.06744006222403698,0.0,0
356,1.097625194131131,0.0,0
357,-0.30999076451413465,0.0,0
358,-0.37609544584289956,0.0,0
359,-1.2562246667966266,0.0,0
360,-0.29054825550060803,0.0,0
361,0.12456877164952077,0.0,0
362,2.1318936931644124,0.0,0
363,2.3684684384237054,0.0,0
364,-0.4457543635510479,0.0,0
365,0.12770134690944052,0.0,0
366,0.3365049911009002,0.0,0
367,1.3862561244823366,0.0,0
368,1.781439472607587,0.0,0
369,0.5944424037215931,0.0,0
370,0.24143844041196713,0.0,0
371,1.4091519358506093,0.0,0
372,0.35960515173807184,0.0,0
373,0.5285207671741246,0.0,0
374,-0.5423401003772469,0.0,0
375,0.8620729210013577,0.0,0
376,1.87060345822966,0.0,0
377,1.4956705056948507,0.0,0
378,0.2001685058068312,0.0,0
379,-0.2473161624805849,0.0,0
380,-0.268920533431677,0.0,0
381,-0.43296247740948135,0.0,0
382,0.052264511073648934,0.0,0
383,-1.3504907525065404,0.0,0
384,-2.1385342029761754,0.0,0
385,-2.36872987989353,0.0,0
386,-0.7407640509948803,0.0,0
387,-1.6410471204136319,0.0,0
388,-0.9531947903517961,0.0,0
389,0.24539548128116218,0.0,0
390,-1.2421993858450413,0.0,0
391,-2.761025876949783,0.0,0
392,-3.771743914243617,0.0,0
393,-2.139305628887085,0.0,0
394,-1.1171160072270274,0.0,0
395,-1.0068376667231809,0.0,0
396,-1.749091382909696,0.0,0
397,-1.1927806449906386,0.0,0
398,-2.3923064768810702,0.0,0
399,-1.23496595295412,0.0,0
400,-0.8592007005076114,0.0,0
401,-0.6376287025924381,0.0,0
402,0.9408453592750294,0.0,0
403,-0.4146337217462419,0.0,0
404,-1.4375704615623013,0.0,0
405,-0.6054537168934705,0.0,0
406,0.6508671590807096,0.0,0
407,-0.533303575462335,0.0,0
408,-1.4428289550647762,0.0,0
409,-1.2129310759613066,0.0,0
410,-0.3009574085984077,0.0,0
411,-1.0025266397025698,0.0,0
412,0.22577437733311567,0.0,0
413,2.2414924634480466,0.0,0
414,1.4247980264181783,0.0,0
415,0.4227761707406227,0.0,0
416,2.4277813318085975,0.0,0
417,0.3278875308121565,0.0,0
418,1.3158711360284623,0.0,0
419,1.8987761996793906,0.0,0
420,-0.22942338407738339,0.0,0
421,0.464735183744602,0.0,0
422,1.723799734204063,0.0,0
423,0.7414535578550999,0.0,0
424,-1.8544545889126902,0.0,0
425,-2.1485594824046155,0.0,0
426,0.35037822805975405,0.0,0
427,-0.8577874501001859,0.0,0
428,0.343989831137657,0.0,0
429,-1.0983816260838075,0.0,0
430,-1.3326381037491282,0.0,0
431,-1.7574400452259256,0.0,0
432,-1.4112713313711218,0.0,0
433,-0.5612171084798534,0.0,0
434,-0.39438418661618874,0.0,0
435,-1.1998364167870479,0.0,0
436,-0.9709136130007995,0.0,0
437,-0.9027262363012035,0.0,0
438,-1.0748841386246215,0.0,0
439,-1.3655113088841655,0.0,0
440,-1.6823663988475053,0.0,0
441,-0.958636162618605,0.0,0
442,1.4205450125696228,0.0,0
443,1.010574815555429,0.0,0
444,0.8985505272895397,0.0,0
445,-0.2857449935410168,0.0,0
446,-0.8219085845155296,0.0,0
447,0.8145211874087793,0.0,0
448,0.17957201804780754,0.0,0
449,0.5108457723379183,0.0,0
450,1.1633849334829853,0.0,0
451,0.1905218954565402,0.0,0
452,1.1844621205356791,0.0,0
453,1.5169700653526417,0.0,0
454,1.6115799893323883,0.0,0
455,0.2264308200772922,0.0,0
456,0.2520759304267764,0.0,0
457,-1.7796561886701003,0.0,0
458,-1.1947369092997049,0.0,0
459,-0.760174418384618,0.0,0
460,-1.0056114243545813,0.0,0
461,-0.40093225493154866,0.0,0
462,-1.7416386470194043,0.0,0
463,-1.9800117945085316,0.0,0
464,-2.914449211891972,0.0,0
465,-2.0116376406624656,0.0,0
466,-1.9484712105033535,0.0,0
467,-0.4376956342803514,0.0,0
468,-1.1709886099492772,0.0,0
469,-0.40450797559728774,0.0,0
470,-0.39668543061001316,0.0,0
471,-0.08940359640840584,0.0,0
472,0.5754126377726686,0.0,0
473,1.82804388034681,0.0,0
474,2.505449650651301,0.0,0
475,0.3048798242130031,0.0,0
476,0.6056459679891539,0.0,0
477,-0.7206632351169637,0.0,0
478,-0.3228729109929489,0.0,0
479,-1.2124195335547177,0.0,0
480,-0.016107855830093998,0.0,0
481,0.6446589550741092,0.0,0
482,0.379810256612875,0.0,0
483,-0.8563932699783987,0.0,0
484,-2.3184371776254813,0.0,0
485,-3.138338376813983,0.0,0
486,-2.6194381143681174,0.0,0
487,-1.3861329882468203,0.0,0
488,-0.17725444480871,0.0,0
489,0.7554702582421642,0.0,0
490,-0.5388543075445671,0.0,0
491,-0.6053733836833304,0.0,0
492,0.27295472685380606,0.0,0
493,0.5709279655864157,0.0,0
494,0.12104896516687086,0.0,0
495,-1.3417159055996828,0.0,0
496,0.6595196750792802,0.0,0
497,0.21572524505726526,0.0,0
498,-1.6441625202461185,0.0,0
499,-0.9743663353471148,0.0,0
500,-0.6200269314372967,0.0,0
501,-0.7785763625069081,0.0,0
502,-0.8167158789234046,0.0,0
503,-1.9570741091491917,0.0,0
504,-0.23188547397442227,0.0,0
505,-0.44789168291126624,0.0,0
506,-2.3939093600899284,0.0,0
507,-2.130825741821464,0.0,0
508,-4.317760900731835,0.0,0
509,-3.0232957471897834,0.0,0
510,-3.071321354043062,0.0,0
511,-2.009627305868056,0.0,0
512,-0.8156613808537054,0.0,0
513,-0.7702998643040343,0.0,0
514,1.7068072796699703,0.0,0
515,1.2563829702906604,0.0,0
516,1.3858429303902318,0.0,0
517,0.938307588574621,0.0,0
518,0.33677780972156973,0.0,0
519,-0.5858522923339249,0.0,0
520,0.6499055604337033,0.0,0
521,1.1241734523931692,0.0,0
522,2.268453108485695,0.0,0
523,0.9584464183932161,0.0,0
524,-0.11402359346126922,0.0,0
525,-0.328178774870444,0.0,0
526,-0.2074219811179452,0.0,0
527,-0.3055137643741592,0.0,0
528,-2.106165457405925,0.0,0
529,-1.6400786118325348,0.0,0
530,-0.9580230001095117,0.0,0
531,-0.2651338595401823,0.0,0
532,-0.540736754130587,0.0,0
533,-0.4424766736593204,0.0,0
534,0.78474815503126,0.0,0
535,1.7563610101079234,0.0,0
536,1.2904764777844284,0.0,0
537,0.8823444997996015,0.0,0
538,0.6226199081775269,0.0,0
539,1.264155159438085,0.0,0
540,1.0415111792612033,0.0,0
541,0.88324059052226,0.0,0
542,2.006286386855576,0.0,0
543,0.8150877324006636,0.0,0
544,-0.4311813529561067,0.0,0
545,-0.4166672187476381,0.0,0
546,1.4690008008960824,0.0,0
547,1.5411044962077394,0.0,0
548,-0.4603909194283733,0.0,0
549,0.534352558519503,0.0,0
550,0.5744663253195529,0.0,0
551,0.6677986924177752,0.0,0
552,-1.0686357519016152,0.0,0
553,-1.4362853021345643,0.0,0
554,-1.5714849766786783,0.0,0
555,-0.3149858253905109,0.0,0
556,-1.1055912366850569,0.0,0
557,-1.688323797076145,0.0,0
558,-2.691301199133968,0.0,0
559,-1.1716702250665711,0.0,0
560,-1.2559964104244987,0.0,0
561,-0.15737785616199096,0.0,0
562,-0.2466548299478028,0.0,0
563,0.38953417171907345,0.0,0
564,-0.5639597745839127,0.0,0
565,0.1597838848279427,0.0,0
566,-0.44026764807513163,0.0,0
567,-1.060950793846269,0.0,0
568,0.2119099894689972,0.0,0
569,-1.0817172317948618,0.0,0
570,-0.6399851811489854,0.0,0
571,-0.11628951832822543,0.0,0
572,0.16485422904456637,0.0,0
573,0.1791718519245305,0.0,0
574,1.128487536277324,0.0,0
575,0.15200118048105027,0.0,0
576,1.5899660454697797,0.0,0
577,2.551760201683299,0.0,0
578,2.0727844273657303,0.0,0
579,1.3865895333721512,0.0,0
580,-0.1630190537122943,0.0,0
581,-1.0085804534202734,0.0,0
582,-1.3859151492699842,0.0,0
583,-0.7802549680655126,0.0,0
584,1.0372774984296314,0.0,0
585,-0.8158320326663245,0.0,0
586,0.3624404358189536,0.0,0
587,0.43383312428740783,0.0,0
588,0.6684568569129188,0.0,0
589,0.6556060228430087,0.0,0
590,-0.1872206895665421,0.0,0
591,-0.46847796351181714,0.0,0
592,-0.21721581056894973,0.0,0
593,1.0154055684132541,0.0,0
594,0.4709911733127251,0.0,0
595,1.708792898420216,0.0,0
596,2.354631099625733,0.0,0
597,1.4483662149331715,0.0,0
598,1.4071059796139251,0.0,0
599,2.2512218348282937,0.0,0
600,0.4304167519436142,0.0,0
601,-0.48114298967985225,0.0,0
602,0.5370664811962214,0.0,0
603,1.1873562898175953,0.0,0
604,0.16999922938106893,0.0,0
605,-0.815073491483229,0.0,0
606,-0.032039684817510516,0.0,0
607,1.2582582704334158,0.0,0
608,0.42460723108593573,0.0,0
609,-0.5914383894111752,0.0,0
610,0.7207921492196049,0.0,0
611,1.3383150420600483,0.0,0
612,-0.2508813436967394,0.0,0
613,-1.0506658750389086,0.0,0
614,-1.000612951706802,0.0,0
615,0.2923517336435262,0.0,0
616,0.9402324431044495,0.0,0
617,0.6567257121610643,0.0,0
618,-1.3912291723813344,0.0,0
619,1.4561972912844605,0.0,0
620,0.25859371072010984,0.0,0
621,1.8314568680078929,0.0,0
622,2.829051605883045,0.0,0
623,2.5550058145602783,0.0,0
624,2.19515099368218,0.0,0
625,0.7548611427184769,0.0,0
626,-0.6042739590109273,0.0,0
627,-1.3535070196355763,0.0,0
628,-2.349991039911024,0.0,0
629,-1.809056666355088,0.0,0
630,-2.628809149044704,0.0,0
631,-0.47911727760011646,0.0,0
632,2.115044253204137,0.0,0
633,-0.9326915788848336,0.0,0
634,-2.0417422427193115,0.0,0
635,-0.8193506152383884,0.0,0
636,-0.3505595338523884,0.0,0
637,-0.587158817861288,0.0,0
638,-0.5917388930557186,0.0,0
639,-0.03314698635634811,0.0,0
640,-0.5478941128394146,0.0,0
641,0.22755038224556523,0.0,0
642,1.418489073255344,0.0,0
643,2.270554000622484,0.0,0
644,3.417394561868438,0.0,0
645,2.6750825403224616,0.0,0
646,2.3607157513447823,0.0,0
647,-0.04231399872980246,0.0,0
648,-0.2531945725867675,0.0,0
649,-1.1355208639649899,0.0,0
650,0.39656067977759224,0.0,0
651,2.1752697983826454,0.0,0
652,1.1427009384543259,0.0,0
653,0.3904068699254101,0.0,0
654,-0.2891627423268577,0.0,0
655,-0.29878980704324554,0.0,0
656,-1.0750246708235422,0.0,0
657,0.1345849042293562,0.0,0
658,-0.20677209622590348,0.0,0
659,1.4527366643261461,0.0,0
660,1.8316792534694541,0.0,0
661,0.9129539758384331,0.0,0
662,0.020573622700809868,0.0,0
663,0.8908236206235417,0.0,0
664,0.20568664842765744,0.0,0
665,-1.5661210986396126,0.0,0
666,-1.3811353612693424,0.0,0
667,-1.8405911513021995,0.0,0
668,0.742757622519723,0.0,0
669,0.44658139706310845,0.0,0
670,-0.2692230880894051,0.0,0
671,-2.4735861477701677,0.0,0
672,-0.5615672121879951,0.0,0
673,0.09935005758077603,0.0,0
674,0.019716808359458368,0.0,0
675,-0.24644695492835367,0.0,0
676,-0.02506634636366592,0.0,0
677,0.7119236459514631,0.0,0
678,0.649284367321693,0.0,0
679,-0.06171330195666852,0.0,0
680,0.13598984768246244,0.0,0
681,-2.1489851739013397,0.0,0
682,-2.129121456048924,0.0,0
683,-1.9080223857597045,0.0,0
684,-2.102115468842509,0.0,0
685,-1.7301432152922622,0.0,0
686,-0.5391956445587032,0.0,0
687,-0.5556008865838601,0.0,0
688,-1.8554387868899305,0.0,0
689,-1.0393383752907979,0.0,0
690,0.15824183475769305,0.0,0
691,1.0109516712369453,0.0,0
692,1.3318885017423934,0.0,0
693,1.9587619352368115,0.0,0
694,1.2432463795927529,0.0,0
695,-1.791545603316933,0.0,0
696,-1.7460208323793613,0.0,0
697,-2.4700490699357482,0.0,0
698,-1.6100972679385748,0.0,0
699,-0.4885778090370394,0.0,0
700,-1.0151266872343865,0.0,0
701,0.19332585433625982,0.0,0
702,-1.1770870745975197,0.0,0
703,-0.24052949099303522,0.0,0
704,-1.1597284730681579,0.0,0
705,-1.5481469614585912,0.0,0
706,-2.2855982410273747,0.0,0
707,-1.3584422686387247,0.0,0
708,0.5775047005855425,0.0,0
709,-0.19025607925154447,0.0,0
710,-0.5074085890475142,0.0,0
711,0.1446614394443118,0.0,0
712,-0.7338330763686192,0.0,0
713,-0.4848181957609665,0.0,0
714,-0.6365710457138847,0.0,0
715,-1.3892594885893357,0.0,0
716,-2.278789118618806,0.0,0
717,-0.5744023482314868,0.0,0
718,-0.5317648024649588,0.0,0
719,-1.1963925465972438,0.0,0
720,0.21637955112952367,0.0,0
721,0.16817935741564,0.0,0
722,-1.041953510217722,0.0,0
723,-1.891995740048995,0.0,0
724,-1.4666216700764372,0.0,0
725,-1.6872440567130464,0.0,0
726,-0.8549294159520852,0.0,0
727,-1.8629374541481951,0.0,0
728,-2.7578795765113355,0.0,0
729,-2.1732938959844157,0.0,0
730,-0.850380048374296,0.0,0
731,-1.0887712321071228,0.0,0
732,1.7053477801240535,0.0,0
733,3.368689868295969,0.0,0
734,2.261876533284569,0.0,0
735,0.7202906230051521,0.0,0
736,0.7441816688351155,0.0,0
737,0.06166359076162481,0.0,0
738,0.003080490504048433,0.0,0
739,0.4478564564848284,0.0,0
740,0.3848760582386935,0.0,0
741,-1.5489658156643094,0.0,0
742,0.802410856325334,0.0,0
743,-0.20183518569942827,0.0,0
744,-0.22511724824417062,0.0,0
745,0.5555318642812985,0.0,0
746,0.5486177182524833,0.0,0
747,0.5784946073327345,0.0,0
748,0.9599573524164505,0.0,0
749,-0.39452899587731904,0.0,0
750,0.14765502562320443,0.0,0
751,1.0666504972492359,0.0,0
752,0.5912524625590948,0.0,0
753,1.6678029228729963,0.0,0
754,2.770626246932444,0.0,0
755,1.78154388311411,0.0,0
756,2.2393124112961305,0.0,0
757,1.8590277665902764,0.0,0
758,2.498295671712009,0.0,0
759,1.5306551004185343,0.0,0
760,-0.3413629597550618,0.0,0
761,0.739632957850356,0.0,0
762,1.2581033138128122,0.0,0
763,1.335069188544095,0.0,0
764,0.09158538337956501,0.0,0
765,-0.4769059302051799,0.0,0
766,0.05276505377689311,0.0,0
767,0.11185214110972773,0.0,0
768,-0.7186403935698447,0.0,0
769,-0.638778535615149,0.0,0
770,0.1014322584992905,0.0,0
771,-0.6679547045391165,0.0,0
772,-0.6249455858333568,0.0,0
773,-1.1613784597578778,0.0,0
774,0.04410458685742202,0.0,0
775,-0.08921388351808257,0.0,0
776,-0.12792067695297887,0.0,0
777,0.8193846125972508,0.0,0
778,0.9540110710494397,0.0,0
779,0.17288732529930934,0.0,0
780,1.1592511468816864,0.0,0
781,-0.6035400689901267,0.0,0
782,-1.6927358893942954,0.0,0
783,-0.8732273347235134,0.0,0
784,-0.84155113454793,0.0,0
785,0.5065891859171087,0.0,0
786,0.5336179275018567,0.0,0
787,0.478051913457538,0.0,0
788,1.2998237923728777,0.0,0
789,0.3537465045034215,0.0,0
790,-1.1784063699348104,0.0,0
791,-0.1710055014560623,0.0,0
792,-0.848677972168882,0.0,0
793,-0.20044637971673512,0.0,0
794,-0.9880800631570159,0.0,0
795,-0.8837605644339289,0.0,0
796,-1.0826690332441289,0.0,0
797,-1.5823785444314589,0.0,0
798,-1.747955568942289,0.0,0
799,-0.8149736757959305,0.0,0
800,2.295221095046347,3.0,1
801,5.127751607759916,3.0,1
802,5.702496566679907,3.0,1
803,6.2168561182472875,3.0,1
804,6.10735012017535,3.0,1
805,6.294600780285123,3.0,1
806,7.239403409857239,3.0,1
807,7.858085368637313,3.0,1
808,8.841751210248548,3.0,1
809,10.102279858886344,3.0,1
810,10.530708431299283,3.0,1
811,10.091373547421737,3.0,1
812,9.135935279738417,3.0,1
813,10.802616940822515,3.0,1
814,11.016342537443947,3.0,1
815,7.921639417890757,3.0,1
816,8.642150023880708,3.0,1
817,9.906849809744775,3.0,1
818,9.4210718254361,3.0,1
819,9.92922413914795,3.0,1
820,9.747297709501504,3.0,1
821,10.092956979220077,3.0,1
822,9.891029986902439,3.0,1
823,10.334425148288135,3.0,1
824,10.18970219531281,3.0,1
825,10.56360336647671,3.0,1
826,9.839563468700248,3.0,1
827,10.28187127698575,3.0,1
828,9.70456827549853,3.0,1
829,7.940733127435987,3.0,1
830,8.608076349746193,3.0,1
831,9.069611912348057,3.0,1
832,8.376425358364656,3.0,1
833,10.05081533532299,3.0,1
834,9.52990871049275,3.0,1
835,10.243571145473773,3.0,1
836,9.754912166811875,3.0,1
837,9.90387999436234,3.0,1
838,10.248601532228133,3.0,1
839,11.051797603275448,3.0,1
840,10.027309360280835,3.0,1
841,8.750555911504964,3.0,1
842,10.59756924234403,3.0,1
843,10.395595157298743,3.0,1
844,12.397013943414063,3.0,1
845,11.51092056906617,3.0,1
846,9.550383926665111,3.0,1
847,9.959069774078747,3.0,1
848,10.624756899746957,3.0,1
849,10.698733096494264,3.0,1
850,10.03695229653141,3.0,1
851,10.366381273643142,3.0,1
852,8.987811825497088,3.0,1
853,7.875744436281319,3.0,1
854,8.346179179390637,3.0,1
855,9.473907633452516,3.0,1
856,7.360894458644641,3.0,1
857,8.37067497207698,3.0,1
858,8.443997725330352,3.0,1
859,7.9733944616710755,3.0,1
860,8.663049644476647,3.0,1
861,8.917833044889802,3.0,1
862,9.27048102552159,3.0,1
863,10.103567803044552,3.0,1
864,10.481148128101829,3.0,1
865,11.335376488432676,3.0,1
866,11.878046567564123,3.0,1
867,10.664535725698707,3.0,1
868,10.366759491750457,3.0,1
869,8.19886116058826,3.0,1
870,8.15198975488455,3.0,1
871,7.1837617748771185,3.0,1
872,7.300098090687986,3.0,1
873,7.843882146205497,3.0,1
874,8.799504709268525,3.0,1
875,8.607134743449924,3.0,1
876,11.196183373649829,3.0,1
877,10.804881088845944,3.0,1
878,8.991799252063723,3.0,1
879,11.01112408119386,3.0,1
880,10.404559293294815,3.0,1
881,9.885732662223866,3.0,1
882,10.57168314238772,3.0,1
883,9.731581945900354,3.0,1
884,11.14710036677453,3.0,1
885,12.601050124890149,3.0,1
886,13.090106109214616,3.0,1
887,12.324143158132799,3.0,1
888,11.14266858681351,3.0,1
889,11.485322043216694,3.0,1
890,11.971902983494182,3.0,1
891,11.876288266708546,3.0,1
892,11.604588938635692,3.0,1
893,12.530795162010778,3.0,1
894,11.844426507656491,3.0,1
895,10.2060952535327,3.0,1
896,8.836123839757871,3.0,1
897,9.559848959605572,3.0,1
898,11.25954214624866,3.0,1
899,10.994831278180682,3.0,1
900,10.491247054605376,3.0,1
901,9.778583192895228,3.0,1
902,10.979411453792714,3.0,1
903,9.31316752371795,3.0,1
904,8.845054970467983,3.0,1
905,10.655268942632294,3.0,1
906,10.234276101652233,3.0,1
907,10.116790786972974,3.0,1
908,11.482157640356823,3.0,1
909,12.297839123955022,3.0,1
910,12.015508760258335,3.0,1
911,12.733989759053559,3.0,1
912,10.026433012383821,3.0,1
913,9.028459298991558,3.0,1
914,9.386088042268216,3.0,1
915,8.599085800804069,3.0,1
916,8.364825407181776,3.0,1
917,7.983489351115216,3.0,1
918,8.710098727929017,3.0,1
919,8.328635914771045,3.0,1
920,9.825109312282798,3.0,1
921,9.940218889405683,3.0,1
922,11.259130783540762,3.0,1
923,9.40521274814392,3.0,1
924,7.583631965093296,3.0,1
925,8.215715360166845,3.0,1
926,8.711038431607188,3.0,1
927,9.801224754787343,3.0,1
928,10.617563636561284,3.0,1
929,9.888651543853564,3.0,1
930,10.973828494718337,3.0,1
931,10.430902697037613,3.0,1
932,9.9865964885822,3.0,1
933,10.923133307037293,3.0,1
934,11.396086965372207,3.0,1
935,11.115838728892669,3.0,1
936,10.89379129935739,3.0,1
937,12.65635449168441,3.0,1
938,11.668169654330958,3.0,1
939,11.207962546748691,3.0,1
940,10.972057275050895,3.0,1
941,10.061135720975656,3.0,1
942,11.33435053704136,3.0,1
943,12.58107480224097,3.0,1
944,12.291809307857537,3.0,1
945,9.767037957617811,3.0,1
946,8.042528688906257,3.0,1
947,8.66013762722886,3.0,1
948,8.261610842579021,3.0,1
949,8.08996397907817,3.0,1
950,8.297723278198873,3.0,1
951,8.051156001926561,3.0,1
952,8.166155221069468,3.0,1
953,8.534744193565398,3.0,1
954,9.278466587552481,3.0,1
955,9.607737365879988,3.0,1
956,9.805701231632634,3.0,1
957,7.22342739364888,3.0,1
958,7.303880272536375,3.0,1
959,9.27571044973448,3.0,1
960,10.50533881070805,3.0,1
961,11.96270754254984,3.0,1
962,10.469168299417715,3.0,1
963,9.602011965997017,3.0,1
964,9.411993854319851,3.0,1
965,10.480145036376303,3.0,1
966,10.140790557927977,3.0,1
967,10.252572330377637,3.0,1
968,10.048978498772668,3.0,1
969,9.967769521811286,3.0,1
970,9.240340698025744,3.0,1
971,10.009827825974487,3.0,1
972,6.878092554506984,3.0,1
973,7.561084348718678,3.0,1
974,7.452492497463689,3.0,1
975,8.212776131926411,3.0,1
976,9.532527920626443,3.0,1
977,9.10781194433762,3.0,1
978,10.222639350184096,3.0,1
979,9.959055596597207,3.0,1
980,10.229419660593813,3.0,1
981,9.899314371742681,3.0,1
982,10.14039697520366,3.0,1
983,11.291311295971113,3.0,1
984,9.894981243800402,3.0,1
985,8.954774505856323,3.0,1
986,8.192680527561054,3.0,1
987,7.164322015493229,3.0,1
988,6.749831529310841,3.0,1
989,8.8033182896709,3.0,1
990,8.906604295187144,3.0,1
991,9.798611088842115,3.0,1
992,9.886284105017673,3.0,1
993,11.683339154018272,3.0,1
994,11.464266541923978,3.0,1
995,11.110311049612507,3.0,1
996,12.668366918185828,3.0,1
997,10.590971651286333,3.0,1
998,9.341401027638806,3.0,1
999,8.700832966296819,3.0,1
1000,7.671884311471294,3.0,1
1001,8.20937735790959,3.0,1
1002,8.960495077100802,3.0,1
1003,10.554038914294177,3.0,1
1004,8.004905478924899,3.0,1
1005,9.487833398981445,3.0,1
1006,11.046280291697737,3.0,1
1007,9.847401362135944,3.0,1
1008,10.211350480599767,3.0,1
1009,11.704447303286473,3.0,1
1010,10.3193908751519,3.0,1
1011,10.29368421809274,3.0,1
1012,10.301684708571912,3.0,1
1013,9.739286274376873,3.0,1
1014,9.716191882616924,3.0,1
1015,9.020641396630417,3.0,1
1016,7.89795138949522,3.0,1
1017,9.11499065483241,3.0,1
1018,9.234387760566896,3.0,1
1019,10.253303707662175,3.0,1
1020,9.825809863019018,3.0,1
1021,9.111422060964424,3.0,1
1022,8.29281990083719,3.0,1
1023,7.637038755203784,3.0,1
1024,7.620115871948002,3.0,1
1025,8.566378351555608,3.0,1
1026,9.531402194458243,3.0,1
1027,10.06569295328341,3.0,1
1028,9.32133441660266,3.0,1
1029,9.718144414343847,3.0,1
1030,11.271274576405004,3.0,1
1031,10.682096303365716,3.0,1
1032,10.362098127790173,3.0,1
1033,10.788328833129007,3.0,1
1034,11.566240635625906,3.0,1
1035,9.964230786138483,3.0,1
1036,10.045575279085806,3.0,1
1037,10.71444987642823,3.0,1
1038,9.613574303951133,3.0,1
1039,10.062016535338328,3.0,1
1040,10.045973581824478,3.0,1
1041,10.017980780410737,3.0,1
1042,10.020191933475454,3.0,1
1043,10.1969734447636,3.0,1
1044,9.340693225657757,3.0,1
1045,8.24139740969367,3.0,1
1046,9.254251279011383,3.0,1
1047,10.43747087471389,3.0,1
1048,12.107875435635563,3.0,1
1049,11.090213192162809,3.0,1
1050,11.183587007537472,3.0,1
1051,10.665369957646314,3.0,1
1052,9.742355513062805,3.0,1
1053,10.07722554473465,3.0,1
1054,9.760999463586247,3.0,1
1055,9.748164183651912,3.0,1
1056,9.092658263202958,3.0,1
1057,8.257887454612819,3.0,1
1058,8.316803577661615,3.0,1
1059,10.030956848624326,3.0,1
1060,10.451582826431945,3.0,1
1061,11.018993148812246,3.0,1
1062,10.237645297645267,3.0,1
1063,8.855997666068951,3.0,1
1064,9.75492786428163,3.0,1
1065,9.335302518896897,3.0,1
1066,8.777391896276159,3.0,1
1067,8.222553443616151,3.0,1
1068,9.544668785623802,3.0,1
1069,10.835973843342655,3.0,1
1070,11.84181468542863,3.0,1
1071,13.233215856418843,3.0,1
1072,11.584185185395553,3.0,1
1073,10.474934843086046,3.0,1
1074,9.427141325928147,3.0,1
1075,11.304758132112966,3.0,1
1076,9.787790275057565,3.0,1
1077,10.00931821410554,3.0,1
1078,10.81135172548174,3.0,1
1079,8.59848029063489,3.0,1
1080,9.913537651978586,3.0,1
1081,11.037308179234731,3.0,1
1082,10.858411257255447,3.0,1
1083,9.653326796053934,3.0,1
1084,10.712544175891479,3.0,1
1085,10.947317328866344,3.0,1
1086,11.826192192764932,3.0,1
1087,10.777520532922896,3.0,1
1088,8.674017656924395,3.0,1
1089,9.049624046946413,3.0,1
1090,9.98831555300643,3.0,1
1091,8.46967049459636,3.0,1
1092,8.040907035921673,3.0,1
1093,7.328691634644065,3.0,1
1094,8.78030247716539,3.0,1
1095,7.102957801183178,3.0,1
1096,9.103406261271141,3.0,1
1097,8.26454907851847,3.0,1
1098,9.478491952104326,3.0,1
1099,9.225068553424538,3.0,1
1100,8.684955820559516,3.0,1
1101,8.553959151991581,3.0,1
1102,9.315309334791708,3.0,1
1103,8.855883829250255,3.0,1
1104,9.230204575962778,3.0,1
1105,8.789648893409451,3.0,1
1106,9.16561886512585,3.0,1
1107,9.273493711713227,3.0,1
1108,10.541478383634356,3.0,1
1109,8.83958688312081,3.0,1
1110,9.468918502053516,3.0,1
1111,9.913111480119444,3.0,1
1112,9.125856058318883,3.0,1
1113,8.329675405219279,3.0,1
1114,8.867825883431232,3.0,1
1115,10.020985378485186,3.0,1
1116,10.236329679326737,3.0,1
1117,10.783104286675458,3.0,1
1118,8.73359547093872,3.0,1
1119,10.651687075687422,3.0,1
1120,11.28076456496635,3.0,1
1121,10.232605516922975,3.0,1
1122,8.865952478890824,3.0,1
1123,9.476532681424013,3.0,1
1124,10.16424406992035,3.0,1
1125,9.809417267226193,3.0,1
1126,9.30069947314352,3.0,1
1127,9.811519120994378,3.0,1
1128,9.922250182495953,3.0,1
1129,10.664648533437743,3.0,1
1130,11.529676356832876,3.0,1
1131,10.682356200091073,3.0,1
1132,11.117316763052106,3.0,1
1133,9.771461468378059,3.0,1
1134,11.011932831637248,3.0,1
1135,9.044894403629849,3.0,1
1136,8.513948908889107,3.0,1
1137,8.349178046522066,3.0,1
1138,9.59080259625591,3.0,1
1139,8.758917446446889,3.0,1
1140,10.001846147781977,3.0,1
1141,10.205718778290175,3.0,1
1142,10.806592950220102,3.0,1
1143,12.070336069056667,3.0,1
1144,10.758098731109069,3.0,1
1145,10.21756914718254,3.0,1
1146,11.968218750188946,3.0,1
1147,11.939338376662738,3.0,1
1148,9.884612344303456,3.0,1
1149,10.858949189950604,3.0,1
1150,10.5881254775461,3.0,1
1151,10.756207413615021,3.0,1
1152,11.41519332160341,3.0,1
1153,10.412170238145448,3.0,1
1154,11.288999215999107,3.0,1
1155,11.486269696035379,3.0,1
1156,9.891895001049999,3.0,1
1157,8.605235366949476,3.0,1
1158,9.404262583981737,3.0,1
1159,10.385477617440035,3.0,1
1160,9.12279463268674,3.0,1
1161,10.246731111272174,3.0,1
1162,10.515298559486114,3.0,1
1163,11.658866042375093,3.0,1
1164,12.238744630888661,3.0,1
1165,10.465865381267145,3.0,1
1166,12.16538160079862,3.0,1
1167,10.457167123802304,3.0,1
1168,9.71531802452806,3.0,1
1169,8.726179915196363,3.0,1
1170,8.440029654284398,3.0,1
1171,8.628064339354394,3.0,1
1172,8.639676073051538,3.0,1
1173,8.664359706095937,3.0,1
1174,8.544804167731323,3.0,1
1175,7.737412227466645,3.0,1
1176,9.239340113797422,3.0,1
1177,9.754899766090897,3.0,1
1178,11.108027973312115,3.0,1
1179,10.37024480395885,3.0,1
1180,9.852304883277442,3.0,1
1181,9.752057268460566,3.0,1
1182,11.217333255022456,3.0,1
1183,10.748088185915252,3.0,1
1184,10.924026034857302,3.0,1
1185,11.25312215648966,3.0,1
1186,11.885929296666143,3.0,1
1187,9.728171402003966,3.0,1
1188,10.15849826057331,3.0,1
1189,9.323167933972023,3.0,1
1190,9.876125739528204,3.0,1
1191,10.094448540640306,3.0,1
1192,9.632500721937744,3.0,1
1193,9.149513536267664,3.0,1
1194,10.391328124621483,3.0,1
1195,9.409355965269981,3.0,1
1196,10.428929736858471,3.0,1
1197,11.26860218572413,3.0,1
1198,10.801156025920342,3.0,1
1199,10.342763889417412,3.0,1
1200,9.573799929560481,3.0,1
1201,8.20154885109122,3.0,1
1202,8.721320670959745,3.0,1
1203,8.570876450428283,3.0,1
1204,11.049009767533057,3.0,1
1205,9.931097147818486,3.0,1
1206,10.199900706125163,3.0,1
1207,10.828574583878202,3.0,1
1208,12.11747246552571,3.0,1
1209,12.23679586893854,3.0,1
1210,11.933500132286495,3.0,1
1211,12.573362729779452,3.0,1
1212,12.79626197750633,3.0,1
1213,11.935523833096001,3.0,1
1214,11.128362158434784,3.0,1
1215,9.477445156596826,3.0,1
1216,8.660088413366905,3.0,1
1217,6.53471613780572,3.0,1
1218,6.499598365711477,3.0,1
1219,6.751317759634236,3.0,1
1220,8.002380250813815,3.0,1
1221,6.810984886223057,3.0,1
1222,8.372358405357643,3.0,1
1223,9.899438023389951,3.0,1
1224,10.642729646814665,3.0,1
1225,10.557438378340693,3.0,1
1226,11.433914674303336,3.0,1
1227,10.86828942725776,3.0,1
1228,12.131630874352977,3.0,1
1229,10.41969872496896,3.0,1
1230,10.504583559489973,3.0,1
1231,9.692545222213875,3.0,1
1232,11.112734307351339,3.0,1
1233,11.766662814918607,3.0,1
1234,12.530189504257013,3.0,1
1235,11.861064196552144,3.0,1
1236,12.001268129735765,3.0,1
1237,11.42177244313245,3.0,1
1238,9.613984569689606,3.0,1
1239,10.334930310854997,3.0,1
1240,10.283853565248753,3.0,1
1241,9.680952104944293,3.0,1
1242,8.048369644493285,3.0,1
1243,9.104282162378826,3.0,1
1244,8.986260848416457,3.0,1
1245,7.56422411787789,3.0,1
1246,7.284969560192352,3.0,1
1247,8.124947880984058,3.0,1
1248,8.631143586135973,3.0,1
1249,9.306532994149174,3.0,1
1250,11.032442985247624,3.0,1
1251,10.026093440087722,3.0,1
1252,8.803061137502645,3.0,1
1253,8.044691940730996,3.0,1
1254,6.820750427527826,3.0,1
1255,8.185061604797816,3.0,1
1256,9.248176895719215,3.0,1
1257,11.703310514262544,3.0,1
1258,11.516785119282565,3.0,1
1259,11.505687678984582,3.0,1
1260,10.049775779648886,3.0,1
1261,9.08957081123353,3.0,1
1262,10.217506729467617,3.0,1
1263,11.06593418971909,3.0,1
1264,10.776748838756852,3.0,1
1265,9.67928591990467,3.0,1
1266,10.12449218656249,3.0,1
1267,10.393257829950642,3.0,1
1268,9.609772032474869,3.0,1
1269,10.22764243745674,3.0,1
1270,9.31492782421422,3.0,1
1271,8.504099643435705,3.0,1
1272,8.196428488686587,3.0,1
1273,8.160881386211473,3.0,1
1274,9.02794954234194,3.0,1
1275,9.771248416763251,3.0,1
1276,11.500844235127058,3.0,1
1277,11.715453590485508,3.0,1
1278,9.342063678362347,3.0,1
1279,9.160607635559819,3.0,1
1280,8.509676762791559,3.0,1
1281,9.728962118105636,3.0,1
1282,10.661932557653014,3.0,1
1283,10.61132190439517,3.0,1
1284,9.243586066197418,3.0,1
1285,9.016163803460953,3.0,1
1286,9.25172598057449,3.0,1
1287,10.236145604438496,3.0,1
1288,11.888785428173998,3.0,1
1289,10.320251348920838,3.0,1
1290,10.171231604564753,3.0,1
1291,8.463676004241067,3.0,1
1292,6.934094269511647,3.0,1
1293,9.070954609384573,3.0,1
1294,9.152091672335242,3.0,1
1295,9.417273496628164,3.0,1
1296,10.719021059122914,3.0,1
1297,10.543601197340202,3.0,1
1298,11.053478732475565,3.0,1
1299,10.485933389501556,3.0,1
1300,10.51743889553102,3.0,1
1301,11.16270647828727,3.0,1
1302,10.19213514810026,3.0,1
1303,7.6455570115655735,3.0,1
1304,9.363416611875738,3.0,1
1305,8.721676644234359,3.0,1
1306,10.369563464698063,3.0,1
1307,11.751048623370956,3.0,1
1308,12.375010557345554,3.0,1
1309,11.234211797866651,3.0,1
1310,8.716426478264632,3.0,1
1311,9.368974486617907,3.0,1
1312,10.777411383617364,3.0,1
1313,10.399148689925179,3.0,1
1314,9.371519094631193,3.0,1
1315,9.52838062756081,3.0,1
1316,11.185089211604001,3.0,1
1317,11.31006010799887,3.0,1
1318,11.564777367600762,3.0,1
1319,11.947419006264427,3.0,1
1320,10.880953285688195,3.0,1
1321,10.978853949914827,3.0,1
1322,11.28096486510699,3.0,1
1323,10.586957243232442,3.0,1
1324,9.764426822055293,3.0,1
1325,11.260692426318233,3.0,1
1326,12.837605852305163,3.0,1
1327,13.191878670981678,3.0,1
1328,12.53349689767209,3.0,1
1329,12.874412203078533,3.0,1
1330,12.846325749729719,3.0,1
1331,12.437111684698298,3.0,1
1332,11.102240357901756,3.0,1
1333,10.467670411102214,3.0,1
1334,11.594892460425855,3.0,1
1335,11.03006720070777,3.0,1
1336,11.75838147892352,3.0,1
1337,11.361625817315117,3.0,1
1338,10.107315311979654,3.0,1
1339,9.225735246148933,3.0,1
1340,9.178226576385836,3.0,1
1341,8.813978485621798,3.0,1
1342,9.072147863487988,3.0,1
1343,11.584178466503975,3.0,1
1344,12.68772086039087,3.0,1
1345,13.05696300137501,3.0,1
1346,11.144120701524681,3.0,1
1347,11.759658056233091,3.0,1
1348,10.774523816875568,3.0,1
1349,10.523176449770528,3.0,1
1350,10.672431168470663,3.0,1
1351,10.733905781203607,3.0,1
1352,9.5181681596326,3.0,1
1353,11.025010913047069,3.0,1
1354,10.729260374428547,3.0,1
1355,12.74947377925118,3.0,1
1356,11.970667546195653,3.0,1
1357,12.047048688718277,3.0,1
1358,11.28730754869135,3.0,1
1359,11.936141944041651,3.0,1
1360,10.104520321443216,3.0,1
1361,9.192541821159946,3.0,1
1362,8.50390743609307,3.0,1
1363,8.905053434590311,3.0,1
1364,10.251547113637592,3.0,1
1365,9.565193737934983,3.0,1
1366,10.705924938672693,3.0,1
1367,10.617310855805217,3.0,1
1368,10.968849941606557,3.0,1
1369,11.657392983801381,3.0,1
1370,10.737111546349926,3.0,1
1371,9.056615783249502,3.0,1
1372,7.515224520775072,3.0,1
1373,7.469109741747502,3.0,1
1374,9.400872077623871,3.0,1
1375,8.216188732992517,3.0,1
1376,9.217071072723478,3.0,1
1377,9.846185520534085,3.0,1
1378,11.064140812212646,3.0,1
1379,9.768043551758897,3.0,1
1380,10.413294063373925,3.0,1
1381,9.652197134660398,3.0,1
1382,10.411670595229626,3.0,1
1383,10.323318826112834,3.0,1
1384,9.965251762279289,3.0,1
1385,11.395122562134958,3.0,1
1386,10.980747966537397,3.0,1
1387,12.276705361785442,3.0,1
1388,13.100106495298624,3.0,1
1389,12.81778698245515,3.0,1
1390,12.733686847086464,3.0,1
1391,12.164491849017185,3.0,1
1392,11.070362138983569,3.0,1
1393,10.115391128349641,3.0,1
1394,10.262942195739948,3.0,1
1395,9.464326888110005,3.0,1
1396,9.843366812436468,3.0,1
1397,10.749693212599857,3.0,1
1398,11.254507854154147,3.0,1
1399,8.79838802067133,3.0,1
1400,8.549445823282017,3.0,1
1401,9.705516881085961,3.0,1
1402,9.19694033808276,3.0,1
1403,9.463222084695811,3.0,1
1404,7.309947226194911,3.0,1
1405,8.074904856424263,3.0,1
1406,9.260124860708116,3.0,1
1407,9.006618542710163,3.0,1
1408,9.485111394733247,3.0,1
1409,8.941282127193396,3.0,1
1410,8.016970907985842,3.0,1
1411,8.93695791418954,3.0,1
1412,7.632320205331326,3.0,1
1413,7.527681336914104,3.0,1
1414,8.469205743996822,3.0,1
1415,10.370706792886951,3.0,1
1416,9.801221670141869,3.0,1
1417,11.948286670410157,3.0,1
1418,10.503092282939368,3.0,1
1419,8.771408768260953,3.0,1
1420,9.783547972715324,3.0,1
1421,9.64749949102374,3.0,1
1422,9.924225440693904,3.0,1
1423,10.72706003938876,3.0,1
1424,9.517606809146203,3.0,1
1425,10.564990596332034,3.0,1
1426,9.596648372651163,3.0,1
1427,11.837423324545876,3.0,1
1428,9.693330138393714,3.0,1
1429,10.431107439282195,3.0,1
1430,12.523104304469062,3.0,1
1431,11.650850196702153,3.0,1
1432,11.246859207164556,3.0,1
1433,11.844859501973787,3.0,1
1434,10.55177329344154,3.0,1
1435,11.82435576545661,3.0,1
1436,8.874950784720106,3.0,1
1437,9.64212142207008,3.0,1
1438,9.208057585879228,3.0,1
1439,9.549434889994394,3.0,1
1440,10.972422633443434,3.0,1
1441,10.100525727538946,3.0,1
1442,11.287435523741548,3.0,1
1443,11.536088060789215,3.0,1
1444,12.115490772641255,3.0,1
1445,9.523667518904395,3.0,1
1446,8.64519548679222,3.0,1
1447,9.105788108866552,3.0,1
1448,9.523384140320244,3.0,1
1449,10.633637301190754,3.0,1
1450,9.529195460302738,3.0,1
1451,9.877764074766924,3.0,1
1452,10.733583006731344,3.0,1
1453,11.678523414269627,3.0,1
1454,12.199093009154552,3.0,1
1455,9.789816209678746,3.0,1
1456,11.649040185122322,3.0,1
1457,10.921957474693079,3.0,1
1458,11.917669867029579,3.0,1
1459,10.863055612277986,3.0,1
1460,9.362854357637048,3.0,1
1461,11.044043283188639,3.0,1
1462,10.868024533170836,3.0,1
1463,10.269038864239372,3.0,1
1464,8.836049743586742,3.0,1
1465,8.864034071908563,3.0,1
1466,10.014819493611615,3.0,1
1467,9.32631895863718,3.0,1
1468,10.081587926461006,3.0,1
1469,8.99649214373273,3.0,1
1470,9.460223818933784,3.0,1
1471,11.813840898126994,3.0,1
1472,11.119398581562178,3.0,1
1473,11.463756848641669,3.0,1
1474,10.25280936962036,3.0,1
1475,9.156050269431374,3.0,1
1476,9.607380411029013,3.0,1
1477,10.09292877139721,3.0,1
1478,9.113745738146017,3.0,1
1479,7.156787105875647,3.0,1
1480,7.008986507823002,3.0,1
1481,9.296384777640327,3.0,1
1482,9.127086197480041,3.0,1
1483,9.553037814324902,3.0,1
1484,10.593694790630984,3.0,1
1485,10.064955467141592,3.0,1
1486,10.479502620345045,3.0,1
1487,9.70981985851418,3.0,1
1488,9.125975801423492,3.0,1
1489,9.557157181915402,3.0,1
1490,9.244889794875608,3.0,1
1491,8.335500293499766,3.0,1
1492,9.570961912879405,3.0,1
1493,9.879982256538282,3.0,1
1494,8.649416455403056,3.0,1
1495,9.600811539791536,3.0,1
1496,9.818849097025687,3.0,1
1497,9.686611757027876,3.0,1
1498,11.213023820976106,3.0,1
1499,12.183482724992386,3.0,1
1500,4.7630281782910915,-2.0,2
1501,-1.9546994046103277,-2.0,2
1502,-4.75509235758534,-2.0,2
1503,-6.458227591380353,-2.0,2
1504,-8.211676609282609,-2.0,2
1505,-11.265373671273533,-2.0,2
1506,-11.516796638472792,-2.0,2
1507,-12.333875671590421,-2.0,2
1508,-12.519019703921474,-2.0,2
1509,-13.551443950268975,-2.0,2
1510,-10.910611382589774,-2.0,2
1511,-11.117498360213935,-2.0,2
1512,-12.988640976055013,-2.0,2
1513,-12.140367538148038,-2.0,2
1514,-13.413040545947416,-2.0,2
1515,-13.153623794682787,-2.0,2
1516,-13.842342680834248,-2.0,2
1517,-11.876383932671846,-2.0,2
1518,-12.789710842835024,-2.0,2
1519,-13.02587058950011,-2.0,2
1520,-11.61816706408016,-2.0,2
1521,-12.337925649663255,-2.0,2
1522,-11.921985950440249,-2.0,2
1523,-13.959322247478918,-2.0,2
1524,-15.324337455286074,-2.0,2
1525,-15.1362106077045,-2.0,2
1526,-15.193091833398864,-2.0,2
1527,-16.05785113399025,-2.0,2
1528,-15.340103614899176,-2.0,2
1529,-15.29724352919708,-2.0,2
1530,-13.781732411480025,-2.0,2
1531,-14.796950724571754,-2.0,2
1532,-15.793206021155262,-2.0,2
1533,-15.851455832777614,-2.0,2
1534,-15.653165670264839,-2.0,2
1535,-14.355854056332506,-2.0,2
1536,-13.651537636146362,-2.0,2
1537,-14.382533207982087,-2.0,2
1538,-12.532039036340777,-2.0,2
1539,-12.84266311571079,-2.0,2
1540,-12.104553152976168,-2.0,2
1541,-12.972116224647776,-2.0,2
1542,-12.262756628214031,-2.0,2
1543,-12.407359614560148,-2.0,2
1544,-13.474079797342927,-2.0,2
1545,-13.435696242647726,-2.0,2
1546,-11.6154425183518,-2.0,2
1547,-11.24224601324105,-2.0,2
1548,-12.67602208493259,-2.0,2
1549,-12.958714192160341,-2.0,2
1550,-12.302614167058467,-2.0,2
1551,-11.747177480353027,-2.0,2
1552,-13.420740341589799,-2.0,2
1553,-12.069386181790653,-2.0,2
1554,-13.003543490497531,-2.0,2
1555,-12.374488091391058,-2.0,2
1556,-11.920867410428011,-2.0,2
1557,-14.027556821302767,-2.0,2
1558,-13.97883148526103,-2.0,2
1559,-14.566893633891038,-2.0,2
1560,-13.681623406830983,-2.0,2
1561,-14.960189267770359,-2.0,2
1562,-13.153898287673956,-2.0,2
1563,-13.460953875587577,-2.0,2
1564,-12.398299004118323,-2.0,2
1565,-12.130383800932233,-2.0,2
1566,-12.403341520850944,-2.0,2
1567,-14.966874659092172,-2.0,2
1568,-14.161405458403934,-2.0,2
1569,-12.528118358229603,-2.0,2
1570,-12.531763534939945,-2.0,2
1571,-10.830053686623804,-2.0,2
1572,-11.347173107123716,-2.0,2
1573,-11.426514180199403,-2.0,2
1574,-11.377681629083346,-2.0,2
1575,-11.510075499363001,-2.0,2
1576,-11.908335790269406,-2.0,2
1577,-13.38266252812013,-2.0,2
1578,-13.220075952857867,-2.0,2
1579,-13.551100258161929,-2.0,2
1580,-14.375615362637479,-2.0,2
1581,-14.104997705853435,-2.0,2
1582,-15.938772065813597,-2.0,2
1583,-15.590991059034721,-2.0,2
1584,-14.483955315835122,-2.0,2
1585,-13.356021581070335,-2.0,2
1586,-15.022252310382754,-2.0,2
1587,-14.647126683728695,-2.0,2
1588,-15.267014933556734,-2.0,2
1589,-15.248473423829235,-2.0,2
1590,-14.770052979069847,-2.0,2
1591,-14.83686891299731,-2.0,2
1592,-15.741948880533657,-2.0,2
1593,-15.681732954280525,-2.0,2
1594,-14.636138322256341,-2.0,2
1595,-12.062184865824646,-2.0,2
1596,-11.286725429237347,-2.0,2
1597,-12.367817605913693,-2.0,2
1598,-11.482565641637011,-2.0,2
1599,-12.371325316907562,-2.0,2
1600,-13.74491284733609,-2.0,2
1601,-14.10466818566616,-2.0,2
1602,-15.743077801813833,-2.0,2
1603,-15.290464320522394,-2.0,2
1604,-13.630684577788067,-2.0,2
1605,-14.275864725708857,-2.0,2
1606,-13.3702661113058,-2.0,2
1607,-11.700510433500515,-2.0,2
1608,-11.9965392150236,-2.0,2
1609,-13.887977112273177,-2.0,2
1610,-14.390236118549579,-2.0,2
1611,-14.476719530572199,-2.0,2
1612,-13.102512169410655,-2.0,2
1613,-15.398587317029218,-2.0,2
1614,-15.012821339232426,-2.0,2
1615,-14.684095099676082,-2.0,2
1616,-14.818727058853561,-2.0,2
1617,-14.069298360288279,-2.0,2
1618,-14.383183383390255,-2.0,2
1619,-13.16991516885523,-2.0,2
1620,-12.770621089126925,-2.0,2
1621,-11.623180914192043,-2.0,2
1622,-12.497411918903216,-2.0,2
1623,-12.93568948777914,-2.0,2
1624,-14.20059962888653,-2.0,2
1625,-13.634935450934318,-2.0,2
1626,-14.019529792359936,-2.0,2
1627,-13.419006824758414,-2.0,2
1628,-14.716761335954704,-2.0,2
1629,-14.34881838056697,-2.0,2
1630,-14.749167402245947,-2.0,2
1631,-13.885205421872742,-2.0,2
1632,-14.632494071150425,-2.0,2
1633,-13.787287506158123,-2.0,2
1634,-11.771715607079766,-2.0,2
1635,-13.190913388315012,-2.0,2
1636,-14.237439059094674,-2.0,2
1637,-15.61056661161349,-2.0,2
1638,-14.386588195706533,-2.0,2
1639,-14.702178566287927,-2.0,2
1640,-12.786127953673466,-2.0,2
1641,-13.250740376169421,-2.0,2
1642,-13.699371531968113,-2.0,2
1643,-12.765212213092148,-2.0,2
1644,-12.906234225569706,-2.0,2
1645,-13.142749855974008,-2.0,2
1646,-13.803800498389343,-2.0,2
1647,-13.36115389153428,-2.0,2
1648,-14.55335668281453,-2.0,2
1649,-14.268664939705099,-2.0,2
1650,-13.016402117705177,-2.0,2
1651,-12.43858700845845,-2.0,2
1652,-12.07734791731287,-2.0,2
1653,-12.589029977304762,-2.0,2
1654,-12.226151881792326,-2.0,2
1655,-13.081915884565454,-2.0,2
1656,-12.98900212322025,-2.0,2
1657,-15.193193834639965,-2.0,2
1658,-15.093387241692684,-2.0,2
1659,-14.86815667019154,-2.0,2
1660,-14.272719232101917,-2.0,2
1661,-15.989651775834076,-2.0,2
1662,-16.21247354724912,-2.0,2
1663,-14.451038808493829,-2.0,2
1664,-15.36571374277893,-2.0,2
1665,-15.023206897564435,-2.0,2
1666,-15.12585351817499,-2.0,2
1667,-13.773751610586437,-2.0,2
1668,-13.703957605879022,-2.0,2
1669,-12.936220214036574,-2.0,2
1670,-13.747726227242117,-2.0,2
1671,-13.849117250060083,-2.0,2
1672,-13.101782813881481,-2.0,2
1673,-12.33369511685437,-2.0,2
1674,-10.076706939864382,-2.0,2
1675,-8.580728890314091,-2.0,2
1676,-10.686502474602229,-2.0,2
1677,-10.124091812528567,-2.0,2
1678,-11.784573842544708,-2.0,2
1679,-11.859830312708501,-2.0,2
1680,-12.54998028375823,-2.0,2
1681,-11.858985114776171,-2.0,2
1682,-13.277672223865551,-2.0,2
1683,-13.984692670445558,-2.0,2
1684,-13.742438227763124,-2.0,2
1685,-15.729561384290957,-2.0,2
1686,-16.034039205442493,-2.0,2
1687,-14.863752149452312,-2.0,2
1688,-15.972501187114895,-2.0,2
1689,-15.886184647681423,-2.0,2
1690,-15.77884580928398,-2.0,2
1691,-15.385573043507847,-2.0,2
1692,-13.2243287235687,-2.0,2
1693,-14.250942840343683,-2.0,2
1694,-12.845783375822682,-2.0,2
1695,-13.88685837825611,-2.0,2
1696,-12.57012708143418,-2.0,2
1697,-13.851950041353597,-2.0,2
1698,-15.234772385639278,-2.0,2
1699,-14.918811154607173,-2.0,2
1700,-14.508877149986942,-2.0,2
1701,-13.119427050147966,-2.0,2
1702,-12.75878377684488,-2.0,2
1703,-12.766557726499938,-2.0,2
1704,-13.330781526631268,-2.0,2
1705,-12.94414165737763,-2.0,2
1706,-13.482826597260447,-2.0,2
1707,-13.692874520223889,-2.0,2
1708,-13.553061574990066,-2.0,2
1709,-14.182309046453035,-2.0,2
1710,-13.724832894240272,-2.0,2
1711,-14.353533263257752,-2.0,2
1712,-12.827826768802478,-2.0,2
1713,-11.792045434811468,-2.0,2
1714,-11.454139024515385,-2.0,2
1715,-11.894101555822543,-2.0,2
1716,-12.318608208551245,-2.0,2
1717,-12.811961543299189,-2.0,2
1718,-15.084177388543953,-2.0,2
1719,-15.078386286998052,-2.0,2
1720,-15.759155432662824,-2.0,2
1721,-14.903153731275602,-2.0,2
1722,-14.804463533087937,-2.0,2
1723,-12.912478024547372,-2.0,2
1724,-11.30381162720409,-2.0,2
1725,-12.120174246181229,-2.0,2
1726,-12.502180503963437,-2.0,2
1727,-12.435283764729023,-2.0,2
1728,-13.502914620568289,-2.0,2
1729,-14.124811402595473,-2.0,2
1730,-12.667341804002696,-2.0,2
1731,-12.269399462365758,-2.0,2
1732,-12.588235824858812,-2.0,2
1733,-13.436390896520091,-2.0,2
1734,-13.596959737346364,-2.0,2
1735,-16.447930794755077,-2.0,2
1736,-15.327515747477731,-2.0,2
1737,-14.376705831118336,-2.0,2
1738,-13.527874477311533,-2.0,2
1739,-11.820398807016211,-2.0,2
1740,-13.329438811723358,-2.0,2
1741,-12.953055394024387,-2.0,2
1742,-11.31974709137115,-2.0,2
1743,-11.787423508753623,-2.0,2
1744,-12.158824035171055,-2.0,2
1745,-13.4579076476482,-2.0,2
1746,-11.812058847520595,-2.0,2
1747,-11.984727914265282,-2.0,2
1748,-11.15060504307243,-2.0,2
1749,-13.258657757391392,-2.0,2
1750,-14.264027321127251,-2.0,2
1751,-15.392585761050132,-2.0,2
1752,-13.514139220518805,-2.0,2
1753,-14.152564472619058,-2.0,2
1754,-14.050356519665517,-2.0,2
1755,-13.57696772671534,-2.0,2
1756,-14.50626602169905,-2.0,2
1757,-14.321764806026504,-2.0,2
1758,-14.456697087900942,-2.0,2
1759,-12.674241122532166,-2.0,2
1760,-11.507018312226213,-2.0,2
1761,-12.527115439741785,-2.0,2
1762,-15.224203834168671,-2.0,2
1763,-14.733529878463292,-2.0,2
1764,-13.670478147892041,-2.0,2
1765,-12.149718020888594,-2.0,2
1766,-13.331271379971717,-2.0,2
1767,-12.122452105326374,-2.0,2
1768,-11.840333751006456,-2.0,2
1769,-12.569542594373354,-2.0,2
1770,-12.216268072653033,-2.0,2
1771,-12.992213244471465,-2.0,2
1772,-12.769773082488177,-2.0,2
1773,-13.501121460968585,-2.0,2
1774,-11.103594606955957,-2.0,2
1775,-11.029464827640448,-2.0,2
1776,-10.835791597344244,-2.0,2
1777,-11.186924287063738,-2.0,2
1778,-12.110611037015275,-2.0,2
1779,-12.163107970645122,-2.0,2
1780,-11.226633069223794,-2.0,2
1781,-13.420860243738025,-2.0,2
1782,-12.132454625149864,-2.0,2
1783,-10.964485067449836,-2.0,2
1784,-11.304951408193482,-2.0,2
1785,-11.605618145347496,-2.0,2
1786,-12.080128156314446,-2.0,2
1787,-11.765401309585116,-2.0,2
1788,-11.15544319423097,-2.0,2
1789,-13.41074945028931,-2.0,2
1790,-15.184519566988063,-2.0,2
1791,-13.971627163589789,-2.0,2
1792,-13.699209279144446,-2.0,2
1793,-13.161070544745709,-2.0,2
1794,-10.550519498259101,-2.0,2
1795,-12.185612311698037,-2.0,2
1796,-12.25747476552064,-2.0,2
1797,-11.392860428153524,-2.0,2
1798,-13.718657045167214,-2.0,2
1799,-14.208934952351013,-2.0,2
1800,-13.519455817175455,-2.0,2
1801,-14.083745627981807,-2.0,2
1802,-14.045429829325519,-2.0,2
1803,-14.867288624976057,-2.0,2
1804,-13.546666372352087,-2.0,2
1805,-12.198078096029814,-2.0,2
1806,-16.18844900387847,-2.0,2
1807,-14.451909075032981,-2.0,2
1808,-14.974196118283457,-2.0,2
1809,-15.115064658813587,-2.0,2
1810,-15.471642075611536,-2.0,2
1811,-14.881697351380653,-2.0,2
1812,-14.765458357697431,-2.0,2
1813,-14.09512362585273,-2.0,2
1814,-15.188040224974209,-2.0,2
1815,-15.130663733502306,-2.0,2
1816,-12.923678675716989,-2.0,2
1817,-13.669616981038677,-2.0,2
1818,-13.942484668122969,-2.0,2
1819,-14.047932025551496,-2.0,2
1820,-12.501541608329136,-2.0,2
1821,-13.008640747175688,-2.0,2
1822,-12.92382589449008,-2.0,2
1823,-12.077956548621652,-2.0,2
1824,-12.833937658419151,-2.0,2
1825,-14.81319262640513,-2.0,2
1826,-13.936210906932795,-2.0,2
1827,-15.157249750399536,-2.0,2
1828,-16.019733600783216,-2.0,2
1829,-16.923595689980093,-2.0,2
1830,-16.766716471929662,-2.0,2
1831,-15.149060498693254,-2.0,2
1832,-14.434959556494858,-2.0,2
1833,-11.948223245318374,-2.0,2
1834,-11.882151557675751,-2.0,2
1835,-12.722985245984793,-2.0,2
1836,-13.742918811451162,-2.0,2
1837,-10.633007812134265,-2.0,2
1838,-10.893055603763727,-2.0,2
1839,-12.441086226881328,-2.0,2
1840,-12.397528370458131,-2.0,2
1841,-15.042543725561048,-2.0,2
1842,-14.15475774497205,-2.0,2
1843,-14.463982398336528,-2.0,2
1844,-15.07622495767197,-2.0,2
1845,-14.134489954274162,-2.0,2
1846,-13.118915286468953,-2.0,2
1847,-12.276849203046789,-2.0,2
1848,-13.122078175105456,-2.0,2
1849,-14.481963880578656,-2.0,2
1850,-13.233310755069807,-2.0,2
1851,-13.155095676285201,-2.0,2
1852,-14.502115698296919,-2.0,2
1853,-13.650538448344609,-2.0,2
1854,-14.16661980599403,-2.0,2
1855,-13.145806415471377,-2.0,2
1856,-13.456008664557263,-2.0,2
1857,-11.752718727982577,-2.0,2
1858,-12.077984954185782,-2.0,2
1859,-12.6594652074236,-2.0,2
1860,-13.858790677803272,-2.0,2
1861,-13.492759289401794,-2.0,2
1862,-13.56317532468785,-2.0,2
1863,-12.095214225204211,-2.0,2
1864,-12.751903575022341,-2.0,2
1865,-13.784342793218906,-2.0,2
1866,-12.66736908022198,-2.0,2
1867,-11.69049509504022,-2.0,2
1868,-11.315666952068902,-2.0,2
1869,-13.847386444661113,-2.0,2
1870,-14.494529189685187,-2.0,2
1871,-14.738412623785367,-2.0,2
1872,-14.819799926842636,-2.0,2
1873,-13.286560200748601,-2.0,2
1874,-12.030210293002623,-2.0,2
1875,-13.559576180611316,-2.0,2
1876,-13.790470086910528,-2.0,2
1877,-13.44931241336227,-2.0,2
1878,-14.793569079593283,-2.0,2
1879,-14.521587694738635,-2.0,2
1880,-15.382382166778749,-2.0,2
1881,-14.363249877422422,-2.0,2
1882,-14.545440272954805,-2.0,2
1883,-13.61437983064991,-2.0,2
1884,-13.474988931985271,-2.0,2
1885,-13.530058552763284,-2.0,2
1886,-13.588727764124581,-2.0,2
1887,-12.24428321067632,-2.0,2
1888,-11.124205221497618,-2.0,2
1889,-11.50801524987057,-2.0,2
1890,-12.482136790829331,-2.0,2
1891,-12.565713332753134,-2.0,2
1892,-12.282345874679658,-2.0,2
1893,-12.912864665590055,-2.0,2
1894,-13.585140924144893,-2.0,2
1895,-14.578532121857739,-2.0,2
1896,-14.87620718108989,-2.0,2
1897,-13.526317900628605,-2.0,2
1898,-14.58499370196935,-2.0,2
1899,-13.268389550093255,-2.0,2
1900,-12.450028850413602,-2.0,2
1901,-12.236471412123532,-2.0,2
1902,-12.434751056453136,-2.0,2
1903,-12.856235277440323,-2.0,2
1904,-14.517984775320521,-2.0,2
1905,-13.341951850744646,-2.0,2
1906,-13.083548178940589,-2.0,2
1907,-13.38086971983918,-2.0,2
1908,-15.010020928801477,-2.0,2
1909,-14.580510340627427,-2.0,2
1910,-14.548807066209552,-2.0,2
1911,-13.095846492220684,-2.0,2
1912,-11.515828719267438,-2.0,2
1913,-12.787324327285113,-2.0,2
1914,-11.540600258501328,-2.0,2
1915,-12.481462063667065,-2.0,2
1916,-13.79438128455115,-2.0,2
1917,-13.506550807782466,-2.0,2
1918,-14.956319977222924,-2.0,2
1919,-16.361118000695296,-2.0,2
1920,-17.117648744003954,-2.0,2
1921,-14.642469637055347,-2.0,2
1922,-13.936940977195798,-2.0,2
1923,-14.568702865810039,-2.0,2
1924,-13.684438880466288,-2.0,2
1925,-12.690783880805688,-2.0,2
1926,-12.515854210282786,-2.0,2
1927,-13.61902098774304,-2.0,2
1928,-12.981238445747998,-2.0,2
1929,-12.70316765270865,-2.0,2
1930,-13.896595275347064,-2.0,2
1931,-14.087563705097665,-2.0,2
1932,-14.240029506227785,-2.0,2
1933,-15.115688412959603,-2.0,2
1934,-15.418861813090444,-2.0,2
1935,-13.614664026614662,-2.0,2
1936,-13.531420213537825,-2.0,2
1937,-14.144828755668918,-2.0,2
1938,-13.336718384742966,-2.0,2
1939,-12.946113213820315,-2.0,2
1940,-12.31924891818011,-2.0,2
1941,-11.733146903260035,-2.0,2
1942,-13.40434780667081,-2.0,2
1943,-13.755103085829571,-2.0,2
1944,-14.194271598904525,-2.0,2
1945,-13.500442969427056,-2.0,2
1946,-12.896094073726456,-2.0,2
1947,-12.98067039753212,-2.0,2
1948,-11.96917096511089,-2.0,2
1949,-12.632652707370548,-2.0,2
1950,-14.878939805640417,-2.0,2
1951,-13.644889031948757,-2.0,2
1952,-13.185736340793492,-2.0,2
1953,-13.337882420123401,-2.0,2
1954,-14.273057256900504,-2.0,2
1955,-14.489461400429402,-2.0,2
1956,-15.356845292941816,-2.0,2
1957,-15.841129695626861,-2.0,2
1958,-15.754047389871719,-2.0,2
1959,-13.74176140892958,-2.0,2
1960,-13.358412601166766,-2.0,2
1961,-14.45515074364578,-2.0,2
1962,-14.20612463216516,-2.0,2
1963,-13.902153944658869,-2.0,2
1964,-13.587303955010531,-2.0,2
1965,-12.456167286377674,-2.0,2
1966,-12.93248846251638,-2.0,2
1967,-11.30210902373617,-2.0,2
1968,-10.873153611778273,-2.0,2
1969,-11.396860178921004,-2.0,2
1970,-12.110417038473914,-2.0,2
1971,-12.586571152398843,-2.0,2
1972,-12.923586247641236,-2.0,2
1973,-13.808576394306948,-2.0,2
1974,-13.854654846434673,-2.0,2
1975,-14.740460015257614,-2.0,2
1976,-14.075433582310344,-2.0,2
1977,-14.770653793104449,-2.0,2
1978,-14.333153584746688,-2.0,2
1979,-13.810440554767855,-2.0,2
1980,-13.46403751490511,-2.0,2
1981,-13.107090754770079,-2.0,2
1982,-13.455357275173435,-2.0,2
1983,-14.114376964562421,-2.0,2
1984,-13.581125693298931,-2.0,2
1985,-13.181648892335518,-2.0,2
1986,-14.226237778907478,-2.0,2
1987,-13.085717451232492,-2.0,2
1988,-13.249079199909287,-2.0,2
1989,-12.688484714913601,-2.0,2
1990,-14.162915262722985,-2.0,2
1991,-14.437200485432362,-2.0,2
1992,-14.670292373188028,-2.0,2
1993,-14.79382353305307,-2.0,2
1994,-12.502742912327035,-2.0,2
1995,-13.117765091734041,-2.0,2
1996,-13.017884400090857,-2.0,2
1997,-12.77302654080357,-2.0,2
1998,-13.756412109388144,-2.0,2
1999,-13.132140283156174,-2.0,2
2000,-14.553491662773851,-2.0,2
2001,-15.311815879529284,-2.0,2
2002,-15.000671960497485,-2.0,2
2003,-15.809519755323425,-2.0,2
2004,-16.253174796419486,-2.0,2
2005,-15.345523024990548,-2.0,2
2006,-14.315115592367922,-2.0,2
2007,-16.870754937105737,-2.0,2
2008,-16.780558443539597,-2.0,2
2009,-16.15271164422083,-2.0,2
2010,-16.671437910151983,-2.0,2
2011,-16.053061702441294,-2.0,2
2012,-14.545917630127892,-2.0,2
2013,-14.235677428465731,-2.0,2
2014,-13.647661633429857,-2.0,2
2015,-12.41197682368544,-2.0,2
2016,-13.224388699612778,-2.0,2
2017,-12.921568879225617,-2.0,2
2018,-13.501708184264242,-2.0,2
2019,-12.359917068125034,-2.0,2
2020,-10.81115870698973,-2.0,2
2021,-12.81042054985326,-2.0,2
2022,-14.521743034092458,-2.0,2
2023,-13.113064629464711,-2.0,2
2024,-13.893319814521709,-2.0,2
2025,-13.157530502185688,-2.0,2
2026,-12.97109231703069,-2.0,2
2027,-15.248873015715017,-2.0,2
2028,-14.252189156202874,-2.0,2
2029,-13.756582469188452,-2.0,2
2030,-12.29292050610672,-2.0,2
2031,-13.86931697631075,-2.0,2
2032,-14.687891769347516,-2.0,2
2033,-13.45039465850508,-2.0,2
2034,-13.236181515316446,-2.0,2
2035,-13.054709830241876,-2.0,2
2036,-11.573663674184544,-2.0,2
2037,-13.401214745967383,-2.0,2
2038,-13.301836391630138,-2.0,2
2039,-12.33410310267917,-2.0,2
2040,-12.782422674677592,-2.0,2
2041,-12.868227681047232,-2.0,2
2042,-12.347528690669183,-2.0,2
2043,-11.428407008939804,-2.0,2
2044,-10.820218539799036,-2.0,2
2045,-9.945805133198713,-2.0,2
2046,-11.869511113601444,-2.0,2
2047,-12.677114703437287,-2.0,2
2048,-11.515364628586017,-2.0,2
2049,-12.292813641983228,-2.0,2
2050,-13.492091852933845,-2.0,2
2051,-13.443420805258988,-2.0,2
2052,-13.144603615080733,-2.0,2
2053,-14.012360337117338,-2.0,2
2054,-13.273349229859441,-2.0,2
2055,-13.594866854231302,-2.0,2
2056,-14.031603954524902,-2.0,2
2057,-14.427411406775558,-2.0,2
2058,-14.396664229632451,-2.0,2
2059,-12.11076607056975,-2.0,2
2060,-11.656521601605693,-2.0,2
2061,-10.642163210182904,-2.0,2
2062,-12.02921845511812,-2.0,2
2063,-11.947324176280985,-2.0,2
2064,-12.998827001412316,-2.0,2
2065,-13.900224511092407,-2.0,2
2066,-14.237063677117185,-2.0,2
2067,-13.300470185300954,-2.0,2
2068,-15.041609730327812,-2.0,2
2069,-15.243289077931548,-2.0,2
2070,-13.071915777969666,-2.0,2
2071,-11.532369451595795,-2.0,2
2072,-11.696315454403369,-2.0,2
2073,-10.653377223798268,-2.0,2
2074,-8.79892823606815,-2.0,2
2075,-11.511381560189344,-2.0,2
2076,-10.091995654141694,-2.0,2
2077,-10.232795267980524,-2.0,2
2078,-10.521899576431505,-2.0,2
2079,-12.055427990104773,-2.0,2
2080,-13.638911603335682,-2.0,2
2081,-14.549323058374872,-2.0,2
2082,-13.339981441584094,-2.0,2
2083,-13.297135260146042,-2.0,2
2084,-15.780323076790184,-2.0,2
2085,-16.175862873126608,-2.0,2
2086,-14.784933444596703,-2.0,2
2087,-13.787849606107782,-2.0,2
2088,-14.717455150569448,-2.0,2
2089,-13.547074006708021,-2.0,2
2090,-12.784000784609852,-2.0,2
2091,-12.619237776240984,-2.0,2
2092,-12.208068006633495,-2.0,2
2093,-12.178820079780452,-2.0,2
2094,-13.810974970817169,-2.0,2
2095,-15.872841194345128,-2.0,2
2096,-14.973529322635954,-2.0,2
2097,-14.587353749380423,-2.0,2
2098,-15.108491265087126,-2.0,2
2099,-14.838644361241391,-2.0,2
2100,-7.1633408918474695,1.0,3
2101,-3.602772858580083,1.0,3
2102,0.12379078037784597,1.0,3
2103,1.8047523820614995,1.0,3
2104,3.727333951116138,1.0,3
2105,5.037862430489052,1.0,3
2106,5.192005391545262,1.0,3
2107,6.057487245265399,1.0,3
2108,7.6588226564479465,1.0,3
2109,8.80353612896855,1.0,3
2110,7.455386620449022,1.0,3
2111,9.103220259118117,1.0,3
2112,8.239249859781518,1.0,3
2113,8.989198759148517,1.0,3
2114,9.847708625662152,1.0,3
2115,9.83211238456959,1.0,3
2116,10.333997552426085,1.0,3
2117,10.059835076080686,1.0,3
2118,10.982322944224041,1.0,3
2119,9.661978349859226,1.0,3
2120,8.810589273659291,1.0,3
2121,6.919407923957634,1.0,3
2122,6.934772060012759,1.0,3
2123,5.857559971013986,1.0,3
2124,7.972149525231508,1.0,3
2125,7.220517772041506,1.0,3
2126,7.039749147471257,1.0,3
2127,7.522973649761078,1.0,3
2128,8.764810114844884,1.0,3
2129,9.001890804082862,1.0,3
2130,7.649187345115199,1.0,3
2131,8.9379504383682,1.0,3
2132,9.872884155363387,1.0,3
2133,8.851757214895798,1.0,3
2134,7.893510488934682,1.0,3
2135,6.991189178885702,1.0,3
2136,6.647721762392276,1.0,3
2137,6.387654780955841,1.0,3
2138,9.67412328041058,1.0,3
2139,7.956406326882115,1.0,3
2140,9.178158789526481,1.0,3
2141,9.200713055772967,1.0,3
2142,10.29549792041265,1.0,3
2143,8.397597705012178,1.0,3
2144,10.279477727651175,1.0,3
2145,8.271808028198148,1.0,3
2146,7.798270672881523,1.0,3
2147,8.194270778737451,1.0,3
2148,7.809681328685569,1.0,3
2149,6.95059098386258,1.0,3
2150,9.44330334312579,1.0,3
2151,9.198546735626394,1.0,3
2152,9.384563439236484,1.0,3
2153,8.279560318274031,1.0,3
2154,7.333096759643132,1.0,3
2155,10.41490301620853,1.0,3
2156,8.29733105858923,1.0,3
2157,7.569803882621812,1.0,3
2158,8.680640258000162,1.0,3
2159,8.754097252666117,1.0,3
2160,8.055469467823846,1.0,3
2161,8.536185645433584,1.0,3
2162,9.291560439524927,1.0,3
2163,9.954711220765518,1.0,3
2164,9.517184778197981,1.0,3
2165,8.779435896252892,1.0,3
2166,9.724229260277893,1.0,3
2167,8.593334237825589,1.0,3
2168,7.6692751678620805,1.0,3
2169,7.5727347355734995,1.0,3
2170,7.509107835698496,1.0,3
2171,7.528849544251841,1.0,3
2172,7.316390853156107,1.0,3
2173,8.378082267997454,1.0,3
2174,8.31633854858798,1.0,3
2175,7.008768110439032,1.0,3
2176,6.018055682652687,1.0,3
2177,6.678499170699428,1.0,3
2178,7.32259920080335,1.0,3
2179,7.371867165877648,1.0,3
2180,7.858310896272693,1.0,3
2181,8.803713553350558,1.0,3
2182,9.290556311490066,1.0,3
2183,10.018121987401347,1.0,3
2184,8.082146612951842,1.0,3
2185,8.471511791357202,1.0,3
2186,6.981507111401508,1.0,3
2187,5.770564864168328,1.0,3
2188,6.962907102176592,1.0,3
2189,7.000149022196506,1.0,3
2190,7.9826814679717835,1.0,3
2191,9.187402968460486,1.0,3
2192,8.417462273337659,1.0,3
2193,8.985551938840288,1.0,3
2194,8.13697352201666,1.0,3
2195,8.888070656358614,1.0,3
2196,9.286949175538139,1.0,3
2197,8.573527625629282,1.0,3
2198,10.173860750996933,1.0,3
2199,9.465312437684132,1.0,3
2200,5.571995794529819,1.0,3
2201,6.260790742580374,1.0,3
2202,6.410229881286847,1.0,3
2203,8.040635967284182,1.0,3
2204,8.894570128690269,1.0,3
2205,9.470095024500047,1.0,3
2206,10.352211226387423,1.0,3
2207,11.081839714196441,1.0,3
2208,10.145275641767629,1.0,3
2209,8.820706199486416,1.0,3
2210,6.693980948353067,1.0,3
2211,6.161541859039334,1.0,3
2212,6.918195940706169,1.0,3
2213,8.151223817890813,1.0,3
2214,9.369087600830353,1.0,3
2215,7.925644326142967,1.0,3
2216,8.311528233234874,1.0,3
2217,9.492325124798178,1.0,3
2218,8.487645073656989,1.0,3
2219,7.539825654668922,1.0,3
2220,7.185612221094934,1.0,3
2221,7.874194640336757,1.0,3
2222,7.298071396213613,1.0,3
2223,8.255536613781024,1.0,3
2224,8.570200465350837,1.0,3
2225,9.590309961639358,1.0,3
2226,11.232271084003544,1.0,3
2227,10.217552808880681,1.0,3
2228,9.853877234093115,1.0,3
2229,10.75766827612661,1.0,3
2230,11.083737372016737,1.0,3
2231,10.477636887506744,1.0,3
2232,9.304594992718767,1.0,3
2233,7.301776779751171,1.0,3
2234,8.1217771663968,1.0,3
2235,7.737501798202461,1.0,3
2236,6.410028161172634,1.0,3
2237,4.617785822753335,1.0,3
2238,5.561707364703963,1.0,3
2239,4.659465022303929,1.0,3
2240,6.0235982493211875,1.0,3
2241,7.8970338822645125,1.0,3
2242,8.236495379340866,1.0,3
2243,8.205399573671386,1.0,3
2244,8.249795619632856,1.0,3
2245,9.056529159372875,1.0,3
2246,9.611024051755486,1.0,3
2247,8.90063625948759,1.0,3
2248,7.413431696344453,1.0,3
2249,8.458571243232106,1.0,3
2250,8.297329203768141,1.0,3
2251,11.284311517795613,1.0,3
2252,10.410773329763092,1.0,3
2253,10.62463743645369,1.0,3
2254,10.847572421209236,1.0,3
2255,9.835612373759762,1.0,3
2256,9.25522933223856,1.0,3
2257,8.366200206745047,1.0,3
2258,10.041579105615554,1.0,3
2259,10.41172762343184,1.0,3
2260,8.966247658075943,1.0,3
2261,7.571606672479485,1.0,3
2262,7.543721980202031,1.0,3
2263,6.499133002981894,1.0,3
2264,6.830575510465602,1.0,3
2265,7.10158048725963,1.0,3
2266,8.053597647045263,1.0,3
2267,9.586812680830894,1.0,3
2268,7.098170605473076,1.0,3
2269,6.885618781726583,1.0,3
2270,6.133352389594089,1.0,3
2271,7.038838643950274,1.0,3
2272,6.738004398989249,1.0,3
2273,8.137670014007941,1.0,3
2274,8.81042524290016,1.0,3
2275,6.864174785964981,1.0,3
2276,7.73497919287617,1.0,3
2277,8.25836373697645,1.0,3
2278,9.31789212271586,1.0,3
2279,9.694224370895324,1.0,3
2280,9.692098011965097,1.0,3
2281,9.202437039145899,1.0,3
2282,7.273228024658101,1.0,3
2283,5.552255514202717,1.0,3
2284,8.161550351339665,1.0,3
2285,8.548199020949005,1.0,3
2286,8.933524734017608,1.0,3
2287,9.179893768532216,1.0,3
2288,8.34755270540132,1.0,3
2289,8.928646921573499,1.0,3
2290,9.350018062426052,1.0,3
2291,9.237354412653712,1.0,3
2292,8.894693685984889,1.0,3
2293,9.381634291761824,1.0,3
2294,8.438571503655915,1.0,3
2295,9.53351828183709,1.0,3
2296,9.972510507196414,1.0,3
2297,9.678099986747673,1.0,3
2298,8.616507225600122,1.0,3
2299,9.712512920994048,1.0,3
2300,10.027211788584358,1.0,3
2301,9.725883766108348,1.0,3
2302,8.615894721142785,1.0,3
2303,8.804859826849281,1.0,3
2304,7.693821537237012,1.0,3
2305,7.810911586347827,1.0,3
2306,8.329047317037608,1.0,3
2307,9.450582842347163,1.0,3
2308,8.385555183529435,1.0,3
2309,8.764680416079008,1.0,3
2310,7.0057167647570875,1.0,3
2311,9.42349521175944,1.0,3
2312,8.903966223880927,1.0,3
2313,7.901442540081291,1.0,3
2314,9.133442239787541,1.0,3
2315,8.794409717932023,1.0,3
2316,7.571485010456228,1.0,3
2317,6.95759040637628,1.0,3
2318,8.802690628452739,1.0,3
2319,8.772001538270933,1.0,3
2320,7.208459964601451,1.0,3
2321,7.003648219959069,1.0,3
2322,8.578690275604947,1.0,3
2323,7.842275699279175,1.0,3
2324,8.121237431507316,1.0,3
2325,8.21181274555931,1.0,3
2326,7.913879505472697,1.0,3
2327,6.921657343397294,1.0,3
2328,7.391597401948618,1.0,3
2329,6.62823455682774,1.0,3
2330,7.3094227754722665,1.0,3
2331,7.818678279579195,1.0,3
2332,8.766647495113403,1.0,3
2333,9.751641204948735,1.0,3
2334,8.96828448563129,1.0,3
2335,9.916025113655644,1.0,3
2336,8.06495272530151,1.0,3
2337,6.686241509371425,1.0,3
2338,8.433748481020926,1.0,3
2339,8.946025622942523,1.0,3
2340,8.700815407456643,1.0,3
2341,7.5859079352338,1.0,3
2342,8.875682620981827,1.0,3
2343,9.520608771567362,1.0,3
2344,8.15469052216508,1.0,3
2345,8.027854931295458,1.0,3
2346,7.015109779907132,1.0,3
2347,8.130807138366462,1.0,3
2348,9.445625205051158,1.0,3
2349,10.698388746637612,1.0,3
2350,10.191838028297346,1.0,3
2351,8.013847244814473,1.0,3
2352,9.064384638980751,1.0,3
2353,9.277466046938548,1.0,3
2354,8.697252272757533,1.0,3
2355,8.971877388910658,1.0,3
2356,7.3682992392138065,1.0,3
2357,7.415786205788898,1.0,3
2358,8.787704912989714,1.0,3
2359,9.092485694801606,1.0,3
2360,9.986494253279904,1.0,3
2361,7.823441146372254,1.0,3
2362,9.654764485899943,1.0,3
2363,10.567324239195951,1.0,3
2364,9.741483900422843,1.0,3
2365,8.508251919423614,1.0,3
2366,8.134630094551737,1.0,3
2367,9.15529049103236,1.0,3
2368,8.646312641697023,1.0,3
2369,9.009271784276148,1.0,3
2370,9.103010834111982,1.0,3
2371,8.004377205787822,1.0,3
2372,7.232911454706279,1.0,3
2373,8.793558439100941,1.0,3
2374,9.24005443882938,1.0,3
2375,9.997705201934396,1.0,3
2376,9.299706072556308,1.0,3
2377,7.761804378016094,1.0,3
2378,9.005999252276421,1.0,3
2379,10.027139567256311,1.0,3
2380,9.099252560630937,1.0,3
2381,7.802811362477044,1.0,3
2382,9.114935829108763,1.0,3
2383,7.699840637264237,1.0,3
2384,7.0046787654800085,1.0,3
2385,7.038286413496115,1.0,3
2386,7.090188845037121,1.0,3
2387,7.043093111616875,1.0,3
2388,5.126675508114836,1.0,3
2389,6.415262357677551,1.0,3
2390,6.945685010595045,1.0,3
2391,8.74826283290641,1.0,3
2392,8.316288573100067,1.0,3
2393,7.219688129258045,1.0,3
2394,8.011868214412527,1.0,3
2395,7.33865204275049,1.0,3
2396,8.148375224437707,1.0,3
2397,9.155532534716649,1.0,3
2398,6.864924334000825,1.0,3
2399,6.14739506110329,1.0,3
2400,6.475770044207131,1.0,3
2401,5.769684281750348,1.0,3
2402,6.396421561848785,1.0,3
2403,7.328328475863617,1.0,3
2404,8.14065747169101,1.0,3
2405,8.935700225919213,1.0,3
2406,9.613778950260716,1.0,3
2407,8.992941542969394,1.0,3
2408,7.689937591170404,1.0,3
2409,7.095939344587577,1.0,3
2410,6.087624153522421,1.0,3
2411,7.410684735367273,1.0,3
2412,7.099351812408483,1.0,3
2413,6.064337771864931,1.0,3
2414,5.2768758059711915,1.0,3
2415,6.441752933107377,1.0,3
2416,7.5585797691966,1.0,3
2417,7.060711205344522,1.0,3
2418,7.540743804191693,1.0,3
2419,8.754050127572926,1.0,3
2420,10.254399931907965,1.0,3
2421,10.15714129969209,1.0,3
2422,8.877452195176106,1.0,3
2423,9.163548605264772,1.0,3
2424,10.248733039001658,1.0,3
2425,8.043181875862935,1.0,3
2426,8.678084302423642,1.0,3
2427,9.331790243571419,1.0,3
2428,8.447939742507915,1.0,3
2429,8.316266537802491,1.0,3
2430,8.833153813248282,1.0,3
2431,9.905760834060013,1.0,3
2432,9.579203846970437,1.0,3
2433,7.201421078388818,1.0,3
2434,8.264287183778826,1.0,3
2435,8.102578863563098,1.0,3
2436,7.526812948994835,1.0,3
2437,7.895445744629148,1.0,3
2438,8.019607378194939,1.0,3
2439,8.484245369421854,1.0,3
2440,8.695144363134489,1.0,3
2441,7.810834477225051,1.0,3
2442,9.74031752670668,1.0,3
2443,9.432432073422929,1.0,3
2444,8.729440894582922,1.0,3
2445,8.748668104545256,1.0,3
2446,7.075491150196514,1.0,3
2447,7.167184196247706,1.0,3
2448,7.436546463663528,1.0,3
2449,6.98685267227749,1.0,3
2450,5.884517729762548,1.0,3
2451,6.509974559423352,1.0,3
2452,9.198069814024814,1.0,3
2453,7.020606964113114,1.0,3
2454,6.880941668115268,1.0,3
2455,7.091403117600875,1.0,3
2456,6.993854231921479,1.0,3
2457,8.353645863309431,1.0,3
2458,7.223211232471144,1.0,3
2459,7.367303526778791,1.0,3
2460,8.082023576379195,1.0,3
2461,6.261850251960284,1.0,3
2462,7.560799911725478,1.0,3
2463,9.17292964419436,1.0,3
2464,9.087731794684206,1.0,3
2465,8.928326802555521,1.0,3
2466,6.671227118989529,1.0,3
2467,7.367964374042009,1.0,3
2468,7.657064530988086,1.0,3
2469,8.359148639637853,1.0,3
2470,8.64349912249502,1.0,3
2471,9.100077107029422,1.0,3
2472,8.718233848657537,1.0,3
2473,7.637295831013997,1.0,3
2474,8.190792525348776,1.0,3
2475,6.7590647858761095,1.0,3
2476,7.707702415953335,1.0,3
2477,8.900877859109656,1.0,3
2478,9.971818942707648,1.0,3
2479,8.685589392057112,1.0,3
2480,9.810426915126506,1.0,3
2481,8.527150435237992,1.0,3
2482,8.505317000749061,1.0,3
2483,7.2830425821593,1.0,3
2484,8.816063647912484,1.0,3
2485,8.928751984150159,1.0,3
2486,8.168074389681234,1.0,3
2487,7.753918069284691,1.0,3
2488,7.088060115784639,1.0,3
2489,7.393245875921792,1.0,3
2490,7.164744020062087,1.0,3
2491,7.482082443289368,1.0,3
2492,7.754831191058872,1.0,3
2493,9.24684629252736,1.0,3
2494,8.912881522552055,1.0,3
2495,8.277545995821736,1.0,3
2496,9.010323594980887,1.0,3
2497,8.424175926018808,1.0,3
2498,6.760053889462446,1.0,3
2499,8.849633898055965,1.0,3
