timestamp,value,fracdiff_param
0,0.11747566102663819,0.3
1,-1.9426995864323917,0.3
2,-0.3630071428194229,0.3
3,0.9399173849597038,0.3
4,-0.07961115183531783,0.3
5,-0.2781222911431773,0.3
6,-0.09771254333628622,0.3
7,1.0383510396413504,0.3
8,0.5548725869006174,0.3
9,-1.0151596971786325,0.3
10,0.4618454996422527,0.3
11,-0.50490429758649,0.3
12,2.5481344579316336,0.3
13,-1.4030522720936116,0.3
14,-0.30578415260475916,0.3
15,-0.29153047002040217,0.3
16,-0.3301826749108196,0.3
17,0.30686967116274894,0.3
18,0.29429857085718514,0.3
19,-1.6779310433027999,0.3
20,-0.0986610547915143,0.3
21,-0.9807036336304062,0.3
22,1.7896518151843452,0.3
23,2.3342817490421583,0.3
24,0.6661607805042687,0.3
25,-0.2904867830050426,0.3
26,0.6633846730623836,0.3
27,-0.32396169974258343,0.3
28,1.3803117548678647,0.3
29,0.007613961965281963,0.3
30,-0.7195217509934713,0.3
31,-1.316994311608446,0.3
32,-0.45308874483941564,0.3
33,0.5046531425116662,0.3
34,-1.2830089338930997,0.3
35,0.11503809238881406,0.3
36,1.5063170129170782,0.3
37,-0.30397554316917663,0.3
38,1.8723650402538694,0.3
39,0.7897977473268909,0.3
40,-0.9733074021093757,0.3
41,-1.5767709523111835,0.3
42,0.19609131243487093,0.3
43,-0.44786368370076074,0.3
44,0.5088199242348225,0.3
45,1.5269798997846566,0.3
46,-1.6459350096297916,0.3
47,-0.25197602879178466,0.3
48,0.4434261848812378,0.3
49,1.0528327844614127,0.3
50,0.13210403974097978,0.3
51,0.11159436238285235,0.3
52,1.0722640244295707,0.3
53,-0.0538523850389622,0.3
54,-0.6278509869270859,0.3
55,-0.08287354439626476,0.3
56,-0.8483329901764072,0.3
57,0.6510357105818765,0.3
58,0.7638398881933499,0.3
59,-3.353562058157817,0.3
60,1.9426892718395967,0.3
61,-0.224922318917624,0.3
62,0.4367373239064512,0.3
63,0.5019081471118512,0.3
64,-2.5642316823925144,0.3
65,-0.6263840969128968,0.3
66,0.18695312885457044,0.3
67,-0.4909983371503825,0.3
68,0.6586615596061914,0.3
69,-0.4223691324961688,0.3
70,-1.4753797296573272,0.3
71,1.2407236352206021,0.3
72,1.1734109464970741,0.3
73,0.32900486784657057,0.3
74,-0.9209573867574088,0.3
75,-0.10999067437879552,0.3
76,0.6743700814503445,0.3
77,0.4953033754966768,0.3
78,0.8057778623592348,0.3
79,-0.6642152451085708,0.3
80,-1.4735636274338362,0.3
81,-0.3034485088646948,0.3
82,0.849017005415094,0.3
83,0.7107223213941849,0.3
84,2.020237489351008,0.3
85,-0.6096671611877066,0.3
86,-0.05264159224988464,0.3
87,-0.41223480646895716,0.3
88,-0.4858731695049832,0.3
89,0.828442079129068,0.3
90,0.10052648151621463,0.3
91,-0.42162808814027053,0.3
92,-1.1273477825800235,0.3
93,0.14565276806368752,0.3
94,-0.28835330447273355,0.3
95,1.4085485129026951,0.3
96,0.6263851845739341,0.3
97,-1.4098111743816975,0.3
98,1.3156249709041612,0.3
99,-0.9125298775159356,0.3
100,0.1725943442242354,0.3
101,1.1382511355831963,0.3
102,-1.4290273545160286,0.3
103,0.3057032680800736,0.3
104,-1.173842627366088,0.3
105,-1.634466248576802,0.3
106,1.6578729264535814,0.3
107,-0.023712751569764826,0.3
108,-0.7981508603222753,0.3
109,-1.3132645382200356,0.3
110,0.18195052836275583,0.3
111,1.693789262900732,0.3
112,0.1824118532348479,0.3
113,-0.5128861985904457,0.3
114,-0.592936398686355,0.3
115,0.3380920618553906,0.3
116,-1.48663884802521,0.3
117,1.8557999704214054,0.3
118,0.29826092448357316,0.3
119,1.0222539357113478,0.3
120,-0.9698109723225492,0.3
121,0.8787736032363034,0.3
122,0.4115559255591464,0.3
123,-1.8452501480819037,0.3
124,0.4745344886590579,0.3
125,0.34809011122479755,0.3
126,-0.6522450418667366,0.3
127,-0.2121912994376815,0.3
128,0.5914402790772515,0.3
129,-0.10541265413869762,0.3
130,-1.0012037040389843,0.3
131,0.8966160250639414,0.3
132,0.15948811489835016,0.3
133,0.1820574415654781,0.3
134,0.004728720952650669,0.3
135,0.3886955420784527,0.3
136,-0.4464283101826445,0.3
137,-0.839054821529171,0.3
138,-0.4883266439842783,0.3
139,1.4127869412699137,0.3
140,-2.2253219465321834,0.3
141,1.103686745780725,0.3
142,-1.406936538223652,0.3
143,-1.1186757844754835,0.3
144,-0.3255768895803151,0.3
145,0.33810862931469915,0.3
146,1.0989011707828729,0.3
147,-1.6963485604383315,0.3
148,2.2674013698752598,0.3
149,0.9226232712853856,0.3
150,-0.4820378395141806,0.3
151,-0.337943349378684,0.3
152,-0.8789288127384864,0.3
153,0.9092995088680438,0.3
154,0.02227341747254555,0.3
155,1.4144020055402002,0.3
156,-1.0874345999515853,0.3
157,0.6316433406188406,0.3
158,-0.18588774975610733,0.3
159,-0.8851361306125597,0.3
160,2.137315944582021,0.3
161,-0.2114817813137215,0.3
162,0.3836074551864353,0.3
163,-1.3626931774298265,0.3
164,-0.5336021142756993,0.3
165,0.3304836596259467,0.3
166,-0.5284848122962645,0.3
167,0.8103924292039322,0.3
168,0.34068049400895567,0.3
169,-0.9270459386935244,0.3
170,0.38011062677867896,0.3
171,0.004535222098582832,0.3
172,-0.152452572157809,0.3
173,-1.0882061420890905,0.3
174,-0.46397079521047335,0.3
175,0.5999698864906724,0.3
176,1.1215338869509968,0.3
177,-1.1880116793935713,0.3
178,1.468613298359947,0.3
179,-0.08747243644866555,0.3
180,-1.3917453431309788,0.3
181,0.6583822206658122,0.3
182,0.8998601451847881,0.3
183,0.02909865671375097,0.3
184,2.174382343514511,0.3
185,-0.44356267143041284,0.3
186,0.5265402896976779,0.3
187,-0.44486324620695,0.3
188,0.7604337922420249,0.3
189,-2.8316070562923397,0.3
190,-0.34486671230251886,0.3
191,0.006435943024933597,0.3
192,0.7417446922262447,0.3
193,0.13996881930343058,0.3
194,1.0349012500606725,0.3
195,0.020685553400868167,0.3
196,-0.01709836326288956,0.3
197,-0.31148674405073273,0.3
198,0.11994092003803644,0.3
199,0.7356685560160718,0.3
200,0.4529090689710202,0.3
201,0.5268838303600033,0.3
202,-0.6639932225466867,0.3
203,-0.8197305773528707,0.3
204,-0.36780560108142657,0.3
205,0.48014902395277886,0.3
206,1.5297031662672709,0.3
207,-0.2816549257272444,0.3
208,0.2135892278821692,0.3
209,-1.9528544207430905,0.3
210,3.022194405539832,0.3
211,-1.8422451263019537,0.3
212,1.881500201981238,0.3
213,-1.1480833269369644,0.3
214,0.8813496239840682,0.3
215,0.4296015560177173,0.3
216,-0.36562076684377287,0.3
217,-0.39993990044494565,0.3
218,-1.0464029211996846,0.3
219,0.12719928478943784,0.3
220,1.1284103421088776,0.3
221,0.027871995403219097,0.3
222,-1.1357935120448366,0.3
223,1.2888747702921313,0.3
224,-1.5549672622613733,0.3
225,0.4245578540723294,0.3
226,-0.9269352730324607,0.3
227,-0.5436510111813044,0.3
228,1.3789491075234017,0.3
229,-0.6807239374452774,0.3
230,-1.4362928123187624,0.3
231,-0.06963131710751784,0.3
232,1.0790359242141152,0.3
233,-0.8132557411399866,0.3
234,1.4406201450573044,0.3
235,0.7341828512980125,0.3
236,-0.30157936663857954,0.3
237,1.0114027987588112,0.3
238,1.4216143215838688,0.3
239,-2.7255712345095358,0.3
240,1.4403102048091991,0.3
241,0.2758188836092242,0.3
242,-0.6508539420205325,0.3
243,0.5967045706519944,0.3
244,0.11589507227997545,0.3
245,-0.8362425690178985,0.3
246,1.5181770356053526,0.3
247,-0.3514330402895544,0.3
248,0.9398704424944576,0.3
249,-0.7530724428421389,0.3
250,-1.799221294098448,0.3
251,0.5992498703282907,0.3
252,-0.24781727189130742,0.3
253,-1.2118020671135783,0.3
254,-1.318431670334834,0.3
255,1.2389070792990207,0.3
256,1.3143111605371878,0.3
257,1.0781415112648196,0.3
258,0.024894287989394054,0.3
259,-0.3495723750155034,0.3
260,0.01841336050040494,0.3
261,-0.12417151804627372,0.3
262,0.678106444324511,0.3
263,-0.8147697302454093,0.3
264,-1.2642267871357036,0.3
265,0.1070239081511935,0.3
266,0.3431712843354444,0.3
267,-0.264218052174682,0.3
268,0.10194547337773939,0.3
269,2.2142855169821027,0.3
270,0.2273867267425287,0.3
271,-1.8858910257569592,0.3
272,0.8396402808717761,0.3
273,-2.37718543646235,0.3
274,1.1739554931768403,0.3
275,0.44770654021279754,0.3
276,-0.11153053796302732,0.3
277,-1.0284348253827773,0.3
278,-0.728994795453842,0.3
279,0.7806392986858149,0.3
280,-0.6031312676993504,0.3
281,1.051799237933152,0.3
282,-0.7881901132152568,0.3
283,-0.21263747812238262,0.3
284,0.9196396061203492,0.3
285,-0.19464964946770172,0.3
286,-0.19491869083781194,0.3
287,0.30602385177514,0.3
288,0.304466995247844,0.3
289,-0.22158395210286586,0.3
290,0.19627969392228425,0.3
291,-0.20921134979978942,0.3
292,0.40273893440809283,0.3
293,0.14659397921100578,0.3
294,0.35885980131860185,0.3
295,0.584217345246873,0.3
296,-1.3711393791152005,0.3
297,-1.198483065331912,0.3
298,0.15194433463219678,0.3
299,0.04102979902065305,0.3
300,0.6075346568572076,0.3
301,-1.2858429442260881,0.3
302,0.555574348409027,0.3
303,0.509167594804908,0.3
304,-1.709826915143731,0.3
305,0.9199261159083411,0.3
306,1.4442234185711171,0.3
307,-0.23606291111774766,0.3
308,-1.028815048167545,0.3
309,-0.3693012325794718,0.3
310,0.15931824591794716,0.3
311,-0.40679278364193383,0.3
312,-2.9835016108762415,0.3
313,2.522778448958521,0.3
314,-0.5045080273191228,0.3
315,0.046486698459928325,0.3
316,1.1074462042580058,0.3
317,0.072347735297953,0.3
318,-0.569668794446315,0.3
319,0.04405429099984663,0.3
320,0.6230262056476278,0.3
321,0.4436178389156128,0.3
322,-0.37176485753257954,0.3
323,0.7979073178984518,0.3
324,0.5428845803443049,0.3
325,-0.8061321559045376,0.3
326,-0.9863393363106938,0.3
327,0.6061001217165254,0.3
328,0.5660612829254198,0.3
329,-0.6243680766204474,0.3
330,-0.3511337878372574,0.3
331,0.6866753367034569,0.3
332,0.05133610103208597,0.3
333,1.2868547224575984,0.3
334,0.08156954138296735,0.3
335,2.0734758970738034,0.3
336,-0.3289757434317825,0.3
337,-1.3948587829476184,0.3
338,-0.18902201184543535,0.3
339,-0.11780295191353998,0.3
340,-1.7076942753155593,0.3
341,1.1368460622631096,0.3
342,-0.00873207717849149,0.3
343,-0.05100930396731787,0.3
344,-0.5600323664453065,0.3
345,-0.9497658144162825,0.3
346,0.1635493971827674,0.3
347,-0.6703951454193331,0.3
348,0.375993431519449,0.3
349,-0.7518086507467485,0.3
350,-1.0470115233609651,0.3
351,0.683837072407391,0.3
352,0.4207104621271164,0.3
353,0.6371007509779438,0.3
354,-0.015960470658208714,0.3
355,1.467322664217769,0.3
356,-1.0499933644676656,0.3
357,1.1764429627182658,0.3
358,-1.3161693388036746,0.3
359,-0.494063388924788,0.3
360,-0.1582300184597862,0.3
361,-0.02952477349585221,0.3
362,1.7025069434963773,0.3
363,-1.0165663160373142,0.3
364,-1.1720480628671233,0.3
365,1.1608217112624255,0.3
366,-0.10067367466490275,0.3
367,-1.5404662222565184,0.3
368,0.8345357978834858,0.3
369,1.023566283176326,0.3
370,-0.5912784123246386,0.3
371,1.6371399910786335,0.3
372,1.1112072331632081,0.3
373,-1.29312986540384,0.3
374,0.8401027737621604,0.3
375,-2.4178423443571204,0.3
376,0.6611727515131481,0.3
377,-0.6769545800901723,0.3
378,1.2381996834968947,0.3
379,-1.0598175338186797,0.3
380,1.2501717044376919,0.3
381,-1.0342099391626025,0.3
382,-0.2503978466866482,0.3
383,-0.5724078510544769,0.3
384,0.5231043526527247,0.3
385,-1.3128195108260114,0.3
386,1.1143722741314979,0.3
387,-0.6795183299726254,0.3
388,2.493394760989586,0.3
389,-0.8018634884356375,0.3
390,-0.8444523451484514,0.3
391,0.6645876381394616,0.3
392,-0.9200517539126326,0.3
393,0.8245421157060232,0.3
394,-0.5440076866429846,0.3
395,0.6104570455054149,0.3
396,-0.04196061022494896,0.3
397,0.508659193116446,0.3
398,-0.8580038942122664,0.3
399,-0.5146259634548062,0.3
400,1.6768177185752648,0.3
401,1.0400473469223572,0.3
402,0.40890585416526043,0.3
403,-1.0421784696011414,0.3
404,1.2384993447790091,0.3
405,-0.7809668645198021,0.3
406,-0.23850242544793568,0.3
407,1.0152273307777435,0.3
408,-0.48276808075628497,0.3
409,-0.16455090353913168,0.3
410,-0.40310944351066996,0.3
411,-0.6366069365302546,0.3
412,-0.5287219063685358,0.3
413,-0.10144973840666577,0.3
414,0.34271482560646715,0.3
415,-0.27127454022084696,0.3
416,-1.059167888050597,0.3
417,0.25539500433227746,0.3
418,-0.02622573527579326,0.3
419,0.24371167926828244,0.3
420,0.5254194370272534,0.3
421,0.21645439089190424,0.3
422,-0.9183147724500282,0.3
423,-0.6016351352145594,0.3
424,-0.1623430645278995,0.3
425,-0.4675570134714755,0.3
426,-1.2268192493257588,0.3
427,0.17689331204604494,0.3
428,-1.0115967112371722,0.3
429,-0.6070933607942289,0.3
430,-0.5533765235844719,0.3
431,-0.34255711373318126,0.3
432,-0.456043043659451,0.3
433,-0.21163572725010732,0.3
434,0.3857740111354703,0.3
435,1.2543481029273282,0.3
436,-1.3017699366839366,0.3
437,1.6013176276945933,0.3
438,0.4823527128461393,0.3
439,0.46720905120938244,0.3
440,-0.3683396647674538,0.3
441,0.27763737603553656,0.3
442,0.5691975547424848,0.3
443,0.4998501558633199,0.3
444,-0.5397460368390435,0.3
445,0.7878992452491422,0.3
446,1.0048412791447996,0.3
447,0.5560048059107796,0.3
448,0.26816298251165593,0.3
449,-0.9930342514985909,0.3
450,0.010169175822103027,0.3
451,0.10128211790150704,0.3
452,-0.5444901052179965,0.3
453,0.31348842156172674,0.3
454,0.12197124966622781,0.3
455,-0.1165245642550074,0.3
456,-0.16207872885096414,0.3
457,-0.00030131907409722215,0.3
458,0.052934840113101275,0.3
459,-0.36875855325206064,0.3
460,-0.31256545694247556,0.3
461,0.11729821564079886,0.3
462,-1.0383000220372827,0.3
463,-1.4710038808475454,0.3
464,0.4932162190129751,0.3
465,-0.8248136797616761,0.3
466,2.1998696195498884,0.3
467,0.4936955162852595,0.3
468,1.0356762558759016,0.3
469,0.3187602646178058,0.3
470,-0.6733784303269625,0.3
471,0.4587598184122442,0.3
472,0.3286173914726867,0.3
473,-1.6132330557855896,0.3
474,1.0975226301793726,0.3
475,-1.0487638457542516,0.3
476,-0.9516251115090122,0.3
477,1.1670843513072762,0.3
478,-0.6307160118610099,0.3
479,-0.7691648626040694,0.3
480,1.5616164359176017,0.3
481,-1.9643646444144294,0.3
482,-0.26431415206056136,0.3
483,1.5442211539859776,0.3
484,2.5316281265867038,0.3
485,-0.725425640242377,0.3
486,0.6441368422974805,0.3
487,-1.4043535082815393,0.3
488,2.1996797670918147,0.3
489,-1.2138802914831897,0.3
490,-2.8702953690330713,0.3
491,0.8800048500421883,0.3
492,0.34622073025245137,0.3
493,-0.717098526565727,0.3
494,0.5470773794187151,0.3
495,1.3585589724016074,0.3
496,-1.6916951628504813,0.3
497,0.8091464268089007,0.3
498,-1.0366084809576988,0.3
499,1.785227352659706,0.3
500,0.23949849808307233,0.3
501,-0.7684124692280634,0.3
502,0.3344098795971648,0.3
503,-0.4697256479784343,0.3
504,0.735782570109357,0.3
505,-0.19442332405033408,0.3
506,1.261072583896013,0.3
507,2.2443920879652057,0.3
508,-0.609185752963268,0.3
509,0.40221901006491345,0.3
510,-0.1381566473179253,0.3
511,-0.8824795290166685,0.3
512,0.41669391740282175,0.3
513,0.7284207839303697,0.3
514,0.4116847943824734,0.3
515,-0.3070138943930914,0.3
516,-0.4359189982436115,0.3
517,1.696934132156691,0.3
518,0.2606168408128783,0.3
519,0.8113598500639158,0.3
520,-1.358771252705395,0.3
521,1.270744035041339,0.3
522,-2.0566195591976655,0.3
523,0.6202058556996888,0.3
524,-0.16974411516649338,0.3
525,0.024370557636161132,0.3
526,-0.5706901954248614,0.3
527,0.94054466996234,0.3
528,0.20593903232246571,0.3
529,-0.1248785515767135,0.3
530,1.8343335617178056,0.3
531,0.27365086327341714,0.3
532,-0.4634618126679295,0.3
533,-0.39813078642904676,0.3
534,-2.234886139721766,0.3
535,-0.23501290868936023,0.3
536,-0.23725158213349465,0.3
537,-0.6139913943268874,0.3
538,0.18690560597201425,0.3
539,1.949104559472697,0.3
540,0.019160295098619058,0.3
541,-0.5588234220643051,0.3
542,-1.1716759459005588,0.3
543,1.1953111284868396,0.3
544,-0.4716914828025628,0.3
545,1.843299949666328,0.3
546,-0.44556090994023667,0.3
547,1.1495532385799465,0.3
548,-0.12309349406384311,0.3
549,-0.33728566027605644,0.3
550,-0.12771084514074496,0.3
551,0.41325027889474947,0.3
552,-0.36450021135510907,0.3
553,-1.7457068255815382,0.3
554,-1.5511179071715868,0.3
555,-0.10010494402800918,0.3
556,-0.40842382195488997,0.3
557,0.6196772833975653,0.3
558,-0.019337833914919524,0.3
559,0.6101389236208035,0.3
560,-0.30624766451536706,0.3
561,0.6180372510517056,0.3
562,0.1899308747471109,0.3
563,0.9528520703503868,0.3
564,-1.2968305686097548,0.3
565,-1.7905424196464639,0.3
566,-0.05488043142152359,0.3
567,1.0958481162343368,0.3
568,-0.719373381872657,0.3
569,-0.26532457127109654,0.3
570,-1.058675451793585,0.3
571,-0.48421773075193103,0.3
572,0.298465562608479,0.3
573,-1.4648279590787516,0.3
574,0.5364431917952565,0.3
575,0.3603692801284488,0.3
576,0.0011834294210000896,0.3
577,0.3287666298834333,0.3
578,-0.5691196859424043,0.3
579,1.5681653210991098,0.3
580,0.5519126517812749,0.3
581,-1.0616862130579718,0.3
582,0.08072014139483773,0.3
583,-0.590810761183125,0.3
584,1.5137156388818351,0.3
585,-0.3986848862415786,0.3
586,-1.2311583239422004,0.3
587,1.1939130659317734,0.3
588,0.4816584613150779,0.3
589,-0.40203502429736826,0.3
590,-0.5264882333265186,0.3
591,-0.2705512142008706,0.3
592,0.11368689583714962,0.3
593,-0.9677589578990704,0.3
594,2.1745988095460067,0.3
595,-0.46732710141653433,0.3
596,2.128482091510585,0.3
597,-1.1477269849457803,0.3
598,-0.3232589353355382,0.3
599,-0.3247605074768446,0.3
600,0.9505401460556406,0.3
601,0.7207111129629578,0.3
602,-0.0925757786969096,0.3
603,0.8706970193064382,0.3
604,0.6754713146629037,0.3
605,0.4358805181173197,0.3
606,-0.9784079551052792,0.3
607,-1.2949828680141775,0.3
608,-1.425808124283345,0.3
609,-0.9657389587519472,0.3
610,0.26607583319208056,0.3
611,-0.9783394639730342,0.3
612,0.42903627991450527,0.3
613,1.7541244322138796,0.3
614,-0.45230787536417105,0.3
615,-1.8972590055481666,0.3
616,1.412758144292261,0.3
617,-0.26811170251060545,0.3
618,-0.3956383643968536,0.3
619,-0.059377173069723975,0.3
620,-1.1448549049483718,0.3
621,0.5131847529839699,0.3
622,0.9562895827504926,0.3
623,-1.1207749434411414,0.3
624,0.8942669286482429,0.3
625,0.577016904611822,0.3
626,-0.7177001570626603,0.3
627,1.1541970835021964,0.3
628,-1.401151220441049,0.3
629,0.7248698163528944,0.3
630,-0.17660483016309017,0.3
631,-0.023904014415029335,0.3
632,0.44886370669777054,0.3
633,0.13520858207437372,0.3
634,-2.037749661782688,0.3
635,-0.7282606887843421,0.3
636,-0.49130740698365316,0.3
637,0.3409821758558706,0.3
638,1.1233197295327144,0.3
639,1.0301275963714152,0.3
640,0.4210034748683415,0.3
641,-0.06740325328794945,0.3
642,-1.0924845898280584,0.3
643,1.429578419000432,0.3
644,-0.16327549672355346,0.3
645,-1.3393650897877982,0.3
646,-0.28756641379767134,0.3
647,1.5171379255099084,0.3
648,1.2009681308604463,0.3
649,-1.4077609832417677,0.3
650,2.230717883011252,0.3
651,0.2964812394500485,0.3
652,0.08050963946021872,0.3
653,-1.555549083872561,0.3
654,2.30934490123227,0.3
655,-0.7036134164886163,0.3
656,-0.9854991606073389,0.3
657,-0.3555003235455874,0.3
658,-0.001704760908988267,0.3
659,-0.9500278714016351,0.3
660,0.9126205479472469,0.3
661,-0.2052631024456319,0.3
662,-1.713326602620303,0.3
663,-0.3491856122519348,0.3
664,-0.6897944100051987,0.3
665,-0.27438342061851595,0.3
666,-0.06952898539342417,0.3
667,0.5884385766613166,0.3
668,-0.1365396214216645,0.3
669,0.030330414908217133,0.3
670,-0.5609465086825006,0.3
671,1.0308019472412768,0.3
672,-0.31300655728102433,0.3
673,2.1193307610330168,0.3
674,-1.4101962982289307,0.3
675,0.08290114603574711,0.3
676,1.3430475543977969,0.3
677,-1.510468254027354,0.3
678,-0.7221013389198825,0.3
679,-0.766770418741198,0.3
680,0.34056082370228713,0.3
681,-0.054599461605348946,0.3
682,0.44088181354272393,0.3
683,1.1837266053091378,0.3
684,-1.419195954664007,0.3
685,-0.09324151819165004,0.3
686,0.6232663369828627,0.3
687,-2.519712006063372,0.3
688,0.2632986102928538,0.3
689,0.0038437190559333957,0.3
690,-0.22839920986671963,0.3
691,0.677762448638383,0.3
692,1.2280618859146797,0.3
693,-0.7422668815184754,0.3
694,2.34874144615885,0.3
695,-1.2788083908760415,0.3
696,-0.011623219124388124,0.3
697,0.23886486568058138,0.3
698,-1.575896467408614,0.3
699,0.908620599206641,0.3
700,0.04916179247088485,0.3
701,0.20386589495946628,0.3
702,1.0365862490492175,0.3
703,-0.240175667821827,0.3
704,1.0140732617465693,0.3
705,-1.706600370736951,0.3
706,0.01582716570140253,0.3
707,1.399976298899005,0.3
708,-0.3956991171831574,0.3
709,-1.2900722214851517,0.3
710,-0.8270002483107187,0.3
711,-0.30469145473395953,0.3
712,-0.9048968257922885,0.3
713,1.078878547740066,0.3
714,-2.7021709985832896,0.3
715,0.1397010396138562,0.3
716,-0.7532734511574376,0.3
717,-0.6234790809321705,0.3
718,0.2170114322729749,0.3
719,-0.6628360320391501,0.3
720,1.1854931780901699,0.3
721,-0.5554372106101385,0.3
722,-0.09478914409640543,0.3
723,1.2707388465101432,0.3
724,0.28390371200194103,0.3
725,0.15819424585519476,0.3
726,0.02413928229797101,0.3
727,-1.0364476602845485,0.3
728,0.7234000543892072,0.3
729,2.2269834208886867,0.3
730,-0.787199468372713,0.3
731,-1.0482611181563033,0.3
732,-1.226532396167962,0.3
733,-1.3499872396717152,0.3
734,0.4729917274023502,0.3
735,-0.07957040769002706,0.3
736,1.4760619968900726,0.3
737,-0.14179781759998042,0.3
738,0.7629249394573943,0.3
739,0.5230616874015843,0.3
740,1.0337772620384282,0.3
741,-0.6886739279360667,0.3
742,0.9506458830699687,0.3
743,0.1486989352426311,0.3
744,-1.2962260719708005,0.3
745,-0.7994102579599689,0.3
746,0.78999976040478,0.3
747,-0.29625338679101765,0.3
748,-2.068694786572178,0.3
749,0.9964414202036651,0.3
750,0.4750362705953022,0.3
751,0.2754838314253588,0.3
752,1.558215303004825,0.3
753,-0.7957945935924695,0.3
754,-1.5159850982953902,0.3
755,1.1036050072873216,0.3
756,0.1416613954821518,0.3
757,0.5992582168468755,0.3
758,0.49761078884824816,0.3
759,-0.07306191907099818,0.3
760,-0.6645154841326462,0.3
761,0.05619977321277914,0.3
762,-0.10069835339466604,0.3
763,-0.3773791167326569,0.3
764,0.3348462695448692,0.3
765,-0.0879344935078669,0.3
766,0.12184222798097158,0.3
767,-1.0589628791903165,0.3
768,0.07328980995748792,0.3
769,-0.9170793883828862,0.3
770,-0.5929281739423145,0.3
771,1.900993425327599,0.3
772,-1.1826982537972215,0.3
773,0.8129716498621717,0.3
774,-1.6785200893201295,0.3
775,0.4583656225503124,0.3
776,1.3091560272326985,0.3
777,0.6370312742609282,0.3
778,-0.9632919763217569,0.3
779,0.9709818871492418,0.3
780,-0.5371967100830483,0.3
781,-0.8841482999067585,0.3
782,-0.8781299813622273,0.3
783,-1.5101624219223582,0.3
784,1.2873762283511772,0.3
785,0.9859086438611974,0.3
786,1.614480105815121,0.3
787,-0.7966784664783629,0.3
788,-0.3317049106533883,0.3
789,-0.45940772580279904,0.3
790,0.5271664097029995,0.3
791,0.16045047424785985,0.3
792,-1.515466704500754,0.3
793,0.9498488800517414,0.3
794,0.6141063212132732,0.3
795,0.1513032200150164,0.3
796,-0.3163572286917645,0.3
797,-1.851014746379907,0.3
798,0.7113583953980688,0.3
799,0.0951435300523604,0.3
800,-0.3011906157071958,0.3
801,0.31796309977234294,0.3
802,-0.10881411360099581,0.3
803,0.23246220410627952,0.3
804,-0.03625983338345103,0.3
805,-0.3618910015991494,0.3
806,-0.8919043557731351,0.3
807,-0.7913559894064478,0.3
808,0.9147602772743453,0.3
809,0.12675871205406733,0.3
810,0.5607320759457987,0.3
811,0.43412456789219694,0.3
812,-0.20371202115403525,0.3
813,1.969669482007952,0.3
814,-1.0321168537674672,0.3
815,0.060684225865727165,0.3
816,-0.5479007238373014,0.3
817,-0.22233960916269688,0.3
818,-0.8771457925178107,0.3
819,1.0596243409621977,0.3
820,-0.5778212778048719,0.3
821,0.8422509185894848,0.3
822,0.9560652859688009,0.3
823,-0.3453872035961049,0.3
824,-0.6238707339790913,0.3
825,0.42631355359980316,0.3
826,0.5067065707123414,0.3
827,0.46786053912204567,0.3
828,-1.5832320084510259,0.3
829,1.8058121757350505,0.3
830,-1.245549575081919,0.3
831,-1.2308032580053223,0.3
832,1.06078407965636,0.3
833,-0.37138325419652174,0.3
834,0.23813681862850525,0.3
835,0.24333770011696323,0.3
836,1.6870670975815385,0.3
837,-0.36238572068648534,0.3
838,0.2552248536708769,0.3
839,-0.5853722073183807,0.3
840,-0.7165560810792029,0.3
841,1.0375514179013188,0.3
842,0.3738313122548002,0.3
843,1.327619963788235,0.3
844,-1.3465641082220883,0.3
845,0.3734103887309824,0.3
846,0.6026687165129694,0.3
847,-1.9902495511081293,0.3
848,-0.9203628997350233,0.3
849,0.9525074235607454,0.3
850,0.2447453313610901,0.3
851,-0.6745529545768926,0.3
852,1.103251903150776,0.3
853,-1.0978212808798178,0.3
854,-1.2267758517444918,0.3
855,0.5851740056633773,0.3
856,0.29568921380596774,0.3
857,1.009220090313222,0.3
858,-0.0011086643184788176,0.3
859,0.7141590017682902,0.3
860,-1.2604167557739836,0.3
861,1.0482810048505018,0.3
862,-1.2610057343214616,0.3
863,1.2697450625191773,0.3
864,-0.4347511625963249,0.3
865,-0.02054682379154528,0.3
866,-0.42836141247351023,0.3
867,-0.016375880738913634,0.3
868,-0.24593208385626747,0.3
869,-1.3350229408231815,0.3
870,-0.3387381109234813,0.3
871,-0.1914392473819503,0.3
872,0.6503241327295834,0.3
873,0.636670587010193,0.3
874,-0.3672489141306238,0.3
875,0.499556853517201,0.3
876,0.40082508504860953,0.3
877,-0.4335474149505538,0.3
878,-2.3688554238938253,0.3
879,0.7927300374466819,0.3
880,1.7207356298888825,0.3
881,-0.8165695454473133,0.3
882,0.8617521095862551,0.3
883,-0.8750477850888293,0.3
884,-0.4802002639140577,0.3
885,2.3754787044485868,0.3
886,-0.5915647489994106,0.3
887,-1.066954503966337,0.3
888,1.3667004151199105,0.3
889,0.03196972034722531,0.3
890,0.21423848371654364,0.3
891,-2.0876882007162725,0.3
892,0.1406909417164717,0.3
893,0.318222562409793,0.3
894,-0.06897835824740627,0.3
895,-0.9035840117804752,0.3
896,0.03495319682047293,0.3
897,1.6908318313268487,0.3
898,-0.6926117808268222,0.3
899,0.6971907890134975,0.3
900,1.3432021340477118,0.3
901,-0.6440425852707484,0.3
902,-0.27564703173969807,0.3
903,1.1334349236417052,0.3
904,0.7901506867306747,0.3
905,0.17336711479557923,0.3
906,-1.6391120503147083,0.3
907,0.6865331687428335,0.3
908,0.07431311162419284,0.3
909,0.09161930688788783,0.3
910,1.5793238361810726,0.3
911,-1.573571359190357,0.3
912,1.8613126802841395,0.3
913,-2.2834526572555864,0.3
914,-0.8593329470547367,0.3
915,0.4101561138747508,0.3
916,-0.23506835668295314,0.3
917,0.5982079356272801,0.3
918,0.6805961699616955,0.3
919,-1.3253400576406407,0.3
920,0.037317027991970474,0.3
921,0.31724358593881125,0.3
922,-1.3574765982821781,0.3
923,0.18872314434814724,0.3
924,0.19113508395247203,0.3
925,0.4648749754420054,0.3
926,-0.4470886694327239,0.3
927,1.2583332845775874,0.3
928,-0.3859054748084235,0.3
929,-0.26546613898287413,0.3
930,-1.5486202051167628,0.3
931,-0.4540584483421016,0.3
932,-0.15465564753809447,0.3
933,-1.064317047125378,0.3
934,0.14216596903207343,0.3
935,-0.4858513458477855,0.3
936,-2.82775927157533,0.3
937,2.138249997198186,0.3
938,1.4499657820254486,0.3
939,0.2550369813663317,0.3
940,0.033937585438482736,0.3
941,-0.025959264139700094,0.3
942,-2.2766948701338294,0.3
943,0.6888238684829825,0.3
944,-1.134915414387745,0.3
945,-0.3395043442855127,0.3
946,-0.8085853090675807,0.3
947,0.8087625903490334,0.3
948,2.983522423580353,0.3
949,-1.0410256100306192,0.3
950,1.4239511092375148,0.3
951,0.08996774402339008,0.3
952,1.351267882156792,0.3
953,0.64712806422413,0.3
954,-2.393987774780296,0.3
955,1.4324981292110008,0.3
956,0.27603817666580166,0.3
957,-1.4091104460539043,0.3
958,0.6462260183372945,0.3
959,-1.4944981580316745,0.3
960,0.6064233278955321,0.3
961,1.241356922588937,0.3
962,-0.047885529634805434,0.3
963,-1.355573789894271,0.3
964,0.006337004748970294,0.3
965,0.5335176623321328,0.3
966,0.7989796688519261,0.3
967,-0.026082075995673998,0.3
968,-0.4908625868978998,0.3
969,-0.49544628278506975,0.3
970,0.6585077026941687,0.3
971,1.552967383453728,0.3
972,0.19834292337968615,0.3
973,-1.0272000423601566,0.3
974,1.2650899423422037,0.3
975,-0.5056808991368276,0.3
976,1.3600820648500542,0.3
977,-0.614183946283098,0.3
978,0.8911344995689469,0.3
979,-0.7722456179848215,0.3
980,-0.26375542930804513,0.3
981,1.376567299920205,0.3
982,-1.777511010009178,0.3
983,0.4081705452145961,0.3
984,-0.65010834471605,0.3
985,0.4083834236959176,0.3
986,0.048438501999169194,0.3
987,2.2429212318280296,0.3
988,-0.386209089030851,0.3
989,-1.5966352996724318,0.3
990,-0.24559017390628493,0.3
991,0.8247562810240858,0.3
992,-0.5167162403953333,0.3
993,0.7211304496700407,0.3
994,1.127573633929187,0.3
995,0.4544694242512504,0.3
996,-1.6171298290945648,0.3
997,-0.48125265393502503,0.3
998,0.21272955601984794,0.3
999,-1.801621148012136,0.3
1000,1.2220394595616224,0.3
1001,-0.32105770992363775,0.3
1002,-0.09478651843897992,0.3
1003,0.43412452346825897,0.3
1004,-0.6617070441981655,0.3
1005,1.6676329694770622,0.3
1006,0.3501734964596125,0.3
1007,-1.6733903783729807,0.3
1008,0.293887742139735,0.3
1009,-0.510136521968762,0.3
1010,0.9703397581083474,0.3
1011,0.5591374427181257,0.3
1012,1.0951938259464569,0.3
1013,-0.9991071441234776,0.3
1014,-0.3492489474462993,0.3
1015,0.23777997323618133,0.3
1016,0.2400707319715895,0.3
1017,-0.8157434884246593,0.3
1018,0.822842208392326,0.3
1019,-0.28215748615242625,0.3
1020,-2.5270326530144627,0.3
1021,-1.7236192486306754,0.3
1022,-0.056577112523399004,0.3
1023,2.1897784238098934,0.3
1024,0.7683326356379508,0.3
1025,0.10185170601790229,0.3
1026,-0.5502490920750943,0.3
1027,-0.03114604743718595,0.3
1028,0.620230002155401,0.3
1029,-0.515494756299171,0.3
1030,1.3695386425608045,0.3
1031,1.1427627939835256,0.3
1032,0.5268386132091385,0.3
1033,-1.150653020936495,0.3
1034,-0.20819955432146678,0.3
1035,-0.11840278005781497,0.3
1036,0.24186019472293926,0.3
1037,-1.5525320155160034,0.3
1038,1.599168720244941,0.3
1039,-1.177691821939477,0.3
1040,0.34145128321028206,0.3
1041,0.040953855282010426,0.3
1042,-0.2370250617145147,0.3
1043,1.2064362802664774,0.3
1044,0.023449792720760244,0.3
1045,0.6659779079281207,0.3
1046,0.3728583974745508,0.3
1047,-1.085478131159644,0.3
1048,1.3882640624388125,0.3
1049,0.7116267281668259,0.3
1050,-1.54043065536702,0.3
1051,-0.2144853027235111,0.3
1052,-0.31301991374907684,0.3
1053,0.37411583974137563,0.3
1054,0.3542517691671812,0.3
1055,2.1207074583439645,0.3
1056,-1.6213229826835571,0.3
1057,-0.37235283805735697,0.3
1058,1.2150228241732088,0.3
1059,0.754994737680856,0.3
1060,-1.301262373977062,0.3
1061,0.7828548834668055,0.3
1062,-0.7027384564745771,0.3
1063,0.5768399776751763,0.3
1064,0.37266975241303824,0.3
1065,1.391306133716334,0.3
1066,-2.2248458839044267,0.3
1067,-0.6349712547623756,0.3
1068,0.7639102359619848,0.3
1069,-1.2217348299805784,0.3
1070,-0.3143144674574291,0.3
1071,1.1503138079361668,0.3
1072,-1.0659548912936923,0.3
1073,-0.406932945558195,0.3
1074,0.2065408530817429,0.3
1075,-1.411494004551137,0.3
1076,2.640291873893422,0.3
1077,-1.6044149408870987,0.3
1078,-1.742684048739184,0.3
1079,0.5083971352350276,0.3
1080,-0.21511566599133253,0.3
1081,1.0727017919331088,0.3
1082,0.9495538009210034,0.3
1083,-1.806872082843499,0.3
1084,-0.7191936815070319,0.3
1085,-0.5853070413769343,0.3
1086,2.699126425392264,0.3
1087,-0.557979642903063,0.3
1088,1.5041536235582085,0.3
1089,-0.4168229296951943,0.3
1090,-0.15858029164793436,0.3
1091,-1.5474124871744663,0.3
1092,0.33382540952389855,0.3
1093,1.1412251392414432,0.3
1094,-0.12747815815314775,0.3
1095,0.3010952840801701,0.3
1096,0.167444445144326,0.3
1097,2.2617989178035725,0.3
1098,-1.6070745883030726,0.3
1099,0.6831302083205901,0.3
1100,0.3680402631131922,0.3
1101,0.34290293958316226,0.3
1102,1.3501820372115416,0.3
1103,-1.289059083187748,0.3
1104,-0.7702856058453119,0.3
1105,0.21390777778209646,0.3
1106,0.5186086965440246,0.3
1107,-1.5409025428997039,0.3
1108,0.17159769106211223,0.3
1109,-0.4506233844898425,0.3
1110,1.6070244750404306,0.3
1111,1.1848382378566646,0.3
1112,-0.5772322022243125,0.3
1113,0.7447700363073415,0.3
1114,-2.413755996275005,0.3
1115,-0.08022636880928874,0.3
1116,-1.1994147838258404,0.3
1117,0.23915948697258477,0.3
1118,1.0825446812802602,0.3
1119,-0.7481973600025771,0.3
1120,0.13339817630252251,0.3
1121,2.0018519958410916,0.3
1122,-0.06721584807086978,0.3
1123,2.4359824547530406,0.3
1124,-1.0880954700344188,0.3
1125,-2.2295932484092424,0.3
1126,0.8078850835800779,0.3
1127,-0.36527129089776833,0.3
1128,-1.4390190192173764,0.3
1129,-0.49706400461542277,0.3
1130,-1.4093205676475509,0.3
1131,2.7237186947159455,0.3
1132,-1.9425358120885108,0.3
1133,2.3154639778476076,0.3
1134,-0.7866989505634097,0.3
1135,0.08632574103743869,0.3
1136,0.271936941455524,0.3
1137,0.8793164957123849,0.3
1138,-2.0792639366085606,0.3
1139,0.5369890224683732,0.3
1140,-2.011466428635933,0.3
1141,1.0420084843224906,0.3
1142,-0.5162385933370806,0.3
1143,-0.03131865342771445,0.3
1144,1.449634237027135,0.3
1145,-2.085390843843246,0.3
1146,0.4249310053320278,0.3
1147,0.6699972761041825,0.3
1148,0.16757698313337602,0.3
1149,1.9454510841212043,0.3
1150,-0.06282662884326037,0.3
1151,-1.437027570218694,0.3
1152,-0.2607913468596218,0.3
1153,-0.03409590100344241,0.3
1154,1.1000042726827128,0.3
1155,0.5635665383539715,0.3
1156,-0.0029258442001233267,0.3
1157,0.23183506013941316,0.3
1158,0.08982204960025299,0.3
1159,0.18053544142730815,0.3
1160,0.09842749792754213,0.3
1161,1.7320268289236889,0.3
1162,0.33634373136412254,0.3
1163,0.3278011580928123,0.3
1164,0.12750328100806993,0.3
1165,0.29096370047944514,0.3
1166,-1.9425929021274284,0.3
1167,0.6598081040946397,0.3
1168,-1.0454012039250715,0.3
1169,1.9525289943239073,0.3
1170,-0.33122697442431326,0.3
1171,-0.0014129700916597132,0.3
1172,1.3532976999390944,0.3
1173,-1.4868443111666472,0.3
1174,-1.4191968537288586,0.3
1175,0.7230469884485957,0.3
1176,0.4157876273612174,0.3
1177,0.4050258509312108,0.3
1178,-0.5692852336412179,0.3
1179,0.2744531706691472,0.3
1180,-0.7114638859528608,0.3
1181,-1.3469650282095755,0.3
1182,1.1162365483658068,0.3
1183,0.007431880104475898,0.3
1184,-1.412995227846198,0.3
1185,-1.1068057523609875,0.3
1186,-0.5923484847707702,0.3
1187,0.9127868396732882,0.3
1188,-0.8066833007223535,0.3
1189,0.6705347458572936,0.3
1190,-1.29566793115558,0.3
1191,0.23139899087913007,0.3
1192,0.6910133203968464,0.3
1193,-0.8339983180500075,0.3
1194,-0.3723223870617265,0.3
1195,-0.9869398598102929,0.3
1196,1.612557576279731,0.3
1197,-0.5460600984952528,0.3
1198,0.23487403865100473,0.3
1199,-1.6751258250762073,0.3
1200,0.012503200613506793,0.3
1201,0.4869469018101587,0.3
1202,0.917564076535901,0.3
1203,0.01616415495746489,0.3
1204,-1.7509851326196353,0.3
1205,0.525838170062842,0.3
1206,0.232063647570802,0.3
1207,0.5518459992603477,0.3
1208,0.500614064583244,0.3
1209,-1.0261862136734952,0.3
1210,0.20888262939442073,0.3
1211,0.7734880563878431,0.3
1212,0.6718747786972464,0.3
1213,-1.1537368566008144,0.3
1214,-0.5397774647935294,0.3
1215,0.5502457042726869,0.3
1216,-0.3109987952460656,0.3
1217,-0.11844914412906335,0.3
1218,1.0218544663649403,0.3
1219,-0.009416754752606381,0.3
1220,0.5189925351574635,0.3
1221,0.43061461249082644,0.3
1222,-1.310672046784772,0.3
1223,0.9746788609541067,0.3
1224,-0.19909675157909348,0.3
1225,-1.6351177248117916,0.3
1226,0.7088514057068207,0.3
1227,0.33052538622218663,0.3
1228,0.3586553385180294,0.3
1229,-0.5971552002535448,0.3
1230,1.1285275543831466,0.3
1231,-1.01668054204015,0.3
1232,-0.2271698659910528,0.3
1233,1.2564862057988266,0.3
1234,0.24312734959567328,0.3
1235,0.019446769174516626,0.3
1236,1.5798242296233795,0.3
1237,-0.8182303394102044,0.3
1238,-1.9983243692087678,0.3
1239,0.6675052721919629,0.3
1240,-0.34711075551022635,0.3
1241,-0.1927234519213308,0.3
1242,-0.7371793361950603,0.3
1243,-0.6889977720906587,0.3
1244,-0.186965123969567,0.3
1245,0.7743820022147943,0.3
1246,-1.106128267951749,0.3
1247,0.9294460861147681,0.3
1248,-0.49885034455301747,0.3
1249,0.39313754282280766,0.3
1250,1.584506496905378,0.3
1251,-0.8512114925408576,0.3
1252,0.25661158568127296,0.3
1253,-0.18413914137313508,0.3
1254,1.0256347553185412,0.3
1255,-1.7844007886807782,0.3
1256,0.7604940985170905,0.3
1257,-0.4962048341278126,0.3
1258,-1.1787407478021574,0.3
1259,-0.4479128746826092,0.3
1260,-0.06391622786368062,0.3
1261,0.5417724445387099,0.3
1262,0.4260023627731665,0.3
1263,0.8487154771693728,0.3
1264,-1.0530938012234647,0.3
1265,0.16711328188919738,0.3
1266,0.26349450571883176,0.3
1267,0.7868122129603246,0.3
1268,-1.1814861321528887,0.3
1269,0.1261450044810577,0.3
1270,-1.3442343753052926,0.3
1271,0.23896012540628853,0.3
1272,-0.8092365782368987,0.3
1273,-0.3375336283754034,0.3
1274,0.7664824987682571,0.3
1275,0.01616698650831237,0.3
1276,-0.5309008451832544,0.3
1277,1.6301097884703695,0.3
1278,0.7333477922974005,0.3
1279,-0.3202751691449996,0.3
1280,-0.732044314388335,0.3
1281,0.7788751419775296,0.3
1282,-0.5553469879633823,0.3
1283,-0.0321979654239855,0.3
1284,0.6276707709889183,0.3
1285,-0.32047300278663443,0.3
1286,-2.1777150064252524,0.3
1287,0.8309994629900247,0.3
1288,1.4147042050740906,0.3
1289,0.12774308945761173,0.3
1290,-0.7536596266753058,0.3
1291,1.776598867889746,0.3
1292,-1.6534770299525805,0.3
1293,1.8196404693211843,0.3
1294,-0.7936093105913504,0.3
1295,-1.3925484115445281,0.3
1296,1.0112624674358681,0.3
1297,0.7269510649926998,0.3
1298,0.15084466082535375,0.3
1299,0.43619578721682256,0.3
1300,0.8590282283375653,0.3
1301,-0.01544608734470543,0.3
1302,0.9067188045791192,0.3
1303,-0.024158948841488007,0.3
1304,0.42259690507771125,0.3
1305,-0.8557074238575799,0.3
1306,-0.562188657052859,0.3
1307,-0.9317132307412187,0.3
1308,0.9911112105770935,0.3
1309,-0.7141779121761991,0.3
1310,-0.19908315164737844,0.3
1311,-0.14710759850771704,0.3
1312,-0.07927040033542986,0.3
1313,-2.2723431099728173,0.3
1314,-0.41861590257319664,0.3
1315,1.0594305957101593,0.3
1316,-1.6126841333182682,0.3
1317,1.8759456311592546,0.3
1318,0.37845002203463257,0.3
1319,-0.6120477810877408,0.3
1320,0.05619140867617988,0.3
1321,0.005247564542611801,0.3
1322,0.8131474133813509,0.3
1323,0.18351398607184122,0.3
1324,1.0280101716587586,0.3
1325,1.2088181251975778,0.3
1326,0.5543490855507983,0.3
1327,-0.790225135906736,0.3
1328,0.3238768964259526,0.3
1329,-0.24989734445919098,0.3
1330,0.44478761387634674,0.3
1331,-2.789292853933739,0.3
1332,-0.9885176621108077,0.3
1333,3.099701664810339,0.3
1334,-0.01833827935374997,0.3
1335,1.2768543744961214,0.3
1336,0.5402639836921919,0.3
1337,-1.1688550259385488,0.3
1338,-0.6400608095211798,0.3
1339,0.3509905581075899,0.3
1340,-0.0304818332307397,0.3
1341,-1.1763178029880212,0.3
1342,-1.4361987468329862,0.3
1343,1.1511467609731012,0.3
1344,0.973411075644427,0.3
1345,-1.7758832629890418,0.3
1346,0.3754423704601677,0.3
1347,2.347490171322106,0.3
1348,-1.2266507491887881,0.3
1349,0.09522940821694324,0.3
1350,0.09495915701524152,0.3
1351,1.3877504053494965,0.3
1352,-1.02323721537468,0.3
1353,-1.0317217270064265,0.3
1354,1.9949232062535402,0.3
1355,0.08894327502116638,0.3
1356,-1.5016859535695646,0.3
1357,-0.33639715753704,0.3
1358,-0.655022759108338,0.3
1359,1.1977841315343785,0.3
1360,-1.3486557198441183,0.3
1361,1.2545538466078008,0.3
1362,1.0741335270068897,0.3
1363,0.11192097983799103,0.3
1364,-1.1858191731178673,0.3
1365,-0.040116817475751354,0.3
1366,1.7293050202115527,0.3
1367,-1.0820801897942385,0.3
1368,0.2810779683451439,0.3
1369,1.4340013302352037,0.3
1370,-1.0363611237577113,0.3
1371,0.8247307715753107,0.3
1372,2.002567862100141,0.3
1373,0.1661218819755625,0.3
1374,-0.5653630630445607,0.3
1375,-0.17792321177531015,0.3
1376,-1.0924741253695318,0.3
1377,0.6927072462826256,0.3
1378,-0.33161852711577144,0.3
1379,-1.7936655825884755,0.3
1380,0.7525579162841111,0.3
1381,-1.0201702712339962,0.3
1382,0.7020223313400766,0.3
1383,2.1738444161215402,0.3
1384,-1.5408963971895848,0.3
1385,0.28024223969885187,0.3
1386,0.2876419494687449,0.3
1387,-0.6203022760214199,0.3
1388,1.0785373582085749,0.3
1389,0.5416090234321246,0.3
1390,-0.6141803155877371,0.3
1391,-0.5744085068348582,0.3
1392,-0.9615054630820495,0.3
1393,1.6735438580967552,0.3
1394,-0.4511564855353474,0.3
1395,0.6795673312314464,0.3
1396,-0.6295617279017015,0.3
1397,-0.6207505403197194,0.3
1398,-1.1373976245938673,0.3
1399,-0.002836837115039387,0.3
1400,1.2935700603861955,0.3
1401,-0.5050277447034974,0.3
1402,0.7211331400826787,0.3
1403,1.762483320782306,0.3
1404,0.27393237592978564,0.3
1405,-0.7089537183331274,0.3
1406,2.276021726178679,0.3
1407,-1.370463733646597,0.3
1408,-1.1185371519874967,0.3
1409,-0.7340181374101891,0.3
1410,1.027821807388084,0.3
1411,-0.9789447135047413,0.3
1412,0.486865215855195,0.3
1413,1.9791743166388667,0.3
1414,-0.2449716021032335,0.3
1415,-0.8631481995613854,0.3
1416,-0.41398481373114177,0.3
1417,-1.3265400690095752,0.3
1418,1.352409934354802,0.3
1419,1.5547207133365533,0.3
1420,0.6571446990042403,0.3
1421,-1.2143102560413526,0.3
1422,-0.18536800847403984,0.3
1423,-1.4782974627964605,0.3
1424,1.0245643778816382,0.3
1425,-1.219310550595869,0.3
1426,0.5578425077079622,0.3
1427,0.09517168753103308,0.3
1428,0.3644015285764582,0.3
1429,-0.5951897885564793,0.3
1430,0.0980250283765291,0.3
1431,-0.48170195446087216,0.3
1432,-1.6908006952542118,0.3
1433,-0.49450811475300877,0.3
1434,0.16681448312318575,0.3
1435,1.7549114528292873,0.3
1436,1.8909581630706869,0.3
1437,-0.2003812613388138,0.3
1438,0.4740718139238129,0.3
1439,-0.887335373536696,0.3
1440,-1.0406277445979963,0.3
1441,0.7094791941480886,0.3
1442,-0.9662796185742034,0.3
1443,-0.18488537216101522,0.3
1444,1.2107204101591034,0.3
1445,-0.04366867946935188,0.3
1446,-0.14583179566975887,0.3
1447,0.12540288639188005,0.3
1448,-1.340523080330538,0.3
1449,0.2930931235270652,0.3
1450,0.3798292287590316,0.3
1451,-0.511798223201443,0.3
1452,0.024230227311090962,0.3
1453,-0.1462068276167474,0.3
1454,0.4656699692557632,0.3
1455,0.9646858411072,0.3
1456,0.5047211620239465,0.3
1457,-0.322480476057564,0.3
1458,-3.2983323576300685,0.3
1459,0.6037326157723644,0.3
1460,1.721126728875509,0.3
1461,0.18271244584880414,0.3
1462,-1.5159568697226555,0.3
1463,0.5604061896663711,0.3
1464,1.4570535941926468,0.3
1465,-1.4160949302772998,0.3
1466,-0.5014717953889906,0.3
1467,1.4280538263900762,0.3
1468,-0.49973139507412,0.3
1469,-0.21720189085425864,0.3
1470,1.1883334594084092,0.3
1471,0.35325226915421126,0.3
1472,1.6784803891769582,0.3
1473,-0.8338183526101248,0.3
1474,1.6281563223215105,0.3
1475,-0.8323112617847548,0.3
1476,-1.1775192348352121,0.3
1477,-0.9121345694130439,0.3
1478,-1.3368163039006136,0.3
1479,-0.6575126143783144,0.3
1480,-0.8901323133705624,0.3
1481,1.0945826166225285,0.3
1482,-0.3894822566000884,0.3
1483,2.302738992314958,0.3
1484,-1.635626936776544,0.3
1485,-0.17876612579920373,0.3
1486,1.193227253824905,0.3
1487,0.11603402942731919,0.3
1488,0.912928012623622,0.3
1489,-1.0999473342007247,0.3
1490,0.7827273096051561,0.3
1491,-1.344512741431252,0.3
1492,1.5226417470570903,0.3
1493,-1.3370370811146612,0.3
1494,-1.6484085551128005,0.3
1495,0.8703944986113652,0.3
1496,0.14917679432119527,0.3
1497,-1.200093120512912,0.3
1498,0.06385010769448515,0.3
1499,-1.1526360241622213,0.3
1500,1.8722608441919193,0.3
1501,0.44730757574079855,0.3
1502,0.09051246436997817,0.3
1503,1.1544504916225198,0.3
1504,-1.0694336766846066,0.3
1505,-0.9148420125750147,0.3
1506,-1.1962143369577134,0.3
1507,0.09041602047084094,0.3
1508,0.20232265754245793,0.3
1509,-1.832796999145634,0.3
1510,1.9301600192010855,0.3
1511,-1.1597808020778861,0.3
1512,-0.8312655637113153,0.3
1513,0.49103764269049455,0.3
1514,0.10645799013787556,0.3
1515,1.4128429743180075,0.3
1516,0.44640197222717554,0.3
1517,1.1101138977920326,0.3
1518,-1.3173904212216425,0.3
1519,1.137557419016949,0.3
1520,0.07716617308703744,0.3
1521,-0.025679141710387016,0.3
1522,0.33853898981895947,0.3
1523,-1.9875632874798115,0.3
1524,0.7328307032123219,0.3
1525,-1.268388453705339,0.3
1526,0.9498099028656868,0.3
1527,0.6576868585845123,0.3
1528,-0.07745479328875451,0.3
1529,0.5904226840538844,0.3
1530,0.5014712650013039,0.3
1531,1.6700912303432567,0.3
1532,-0.8468040579247851,0.3
1533,-1.1668092024087822,0.3
1534,-0.1439131215923476,0.3
1535,-0.7588344964388303,0.3
1536,-0.5577236938416195,0.3
1537,1.971250105503643,0.3
1538,-0.47500909331962554,0.3
1539,0.6775657669825518,0.3
1540,-1.0969450038192388,0.3
1541,-0.6482902255199384,0.3
1542,-0.4214370096857557,0.3
1543,-0.012981897598602845,0.3
1544,1.059881922620177,0.3
1545,0.27086068983726025,0.3
1546,-0.5260389370355958,0.3
1547,0.5981278448486246,0.3
1548,-1.6903798444693021,0.3
1549,0.07378544417426977,0.3
1550,0.3019409067830243,0.3
1551,-0.5804854391258115,0.3
1552,-0.25169962690755887,0.3
1553,0.3510371764514807,0.3
1554,-0.3194632351318839,0.3
1555,0.4430946686448308,0.3
1556,0.8217437270426046,0.3
1557,-0.9125216604981919,0.3
1558,-0.758098830987361,0.3
1559,0.2584711944895047,0.3
1560,-0.7641187321770709,0.3
1561,-0.6580051066525364,0.3
1562,-0.5130319351382729,0.3
1563,-1.8505689076173437,0.3
1564,1.6391088946399754,0.3
1565,-0.26716417956920335,0.3
1566,1.8480592675717502,0.3
1567,1.1417259988604542,0.3
1568,-0.5093031780294356,0.3
1569,2.0321056573358507,0.3
1570,0.3968927363021412,0.3
1571,-2.470379459784539,0.3
1572,0.7091446880494182,0.3
1573,-0.5814004351876408,0.3
1574,1.0294281980757751,0.3
1575,0.031148003882505923,0.3
1576,-0.4314161232290054,0.3
1577,0.4666749486355108,0.3
1578,0.46548047952176813,0.3
1579,-0.5072077742986099,0.3
1580,-2.49713269615542,0.3
1581,0.30437038633908475,0.3
1582,-0.6327757511332016,0.3
1583,1.6516033754491066,0.3
1584,-2.0873107646048843,0.3
1585,-1.2521670199128407,0.3
1586,0.3619617846644541,0.3
1587,0.67288565550498,0.3
1588,0.9206912313473331,0.3
1589,-0.6487240624191899,0.3
1590,-1.8808625570916566,0.3
1591,1.5262632117839414,0.3
1592,-0.5262005382268592,0.3
1593,0.09603565975368722,0.3
1594,1.4436788107655634,0.3
1595,-0.2489536802466607,0.3
1596,-1.513131701316717,0.3
1597,1.5626659284315547,0.3
1598,-1.9271564354631456,0.3
1599,0.4375533819111703,0.3
1600,1.0092696513639627,0.3
1601,1.5580936618429655,0.3
1602,-0.2808285281392047,0.3
1603,-0.7440165034627756,0.3
1604,0.21137391905974076,0.3
1605,-0.5835543816995953,0.3
1606,0.8560956236593783,0.3
1607,-0.5255757685226994,0.3
1608,0.8666247100683239,0.3
1609,-0.8388217917383627,0.3
1610,0.08330452022320872,0.3
1611,0.9292837718947257,0.3
1612,0.7643377034025574,0.3
1613,0.4766384394939786,0.3
1614,1.0896917801818635,0.3
1615,-1.559772387842499,0.3
1616,0.21190224614412245,0.3
1617,1.040579563908662,0.3
1618,-0.26451827387051813,0.3
1619,-0.6183542983225729,0.3
1620,-0.0017832852246110135,0.3
1621,0.03927116894642973,0.3
1622,-0.621928242163948,0.3
1623,-0.6841529718817853,0.3
1624,-0.10666887249744354,0.3
1625,0.608928100265838,0.3
1626,-0.9320104139673036,0.3
1627,-0.3267397098461382,0.3
1628,0.5107298441655171,0.3
1629,-0.6729561456153622,0.3
1630,-0.693047982362265,0.3
1631,-1.1775922945364552,0.3
1632,1.0231738171682134,0.3
1633,2.366257345142381,0.3
1634,-2.2551883407457094,0.3
1635,0.7346936127272992,0.3
1636,-1.8349650558052424,0.3
1637,1.1575449136510738,0.3
1638,0.5125212809319286,0.3
1639,0.09392801674196517,0.3
1640,0.06312371907229052,0.3
1641,1.5501424168693416,0.3
1642,0.3812624564105859,0.3
1643,0.8530764847253826,0.3
1644,-0.37048652359132594,0.3
1645,-0.45955568057183827,0.3
1646,-1.3667420319439378,0.3
1647,0.002632839637580677,0.3
1648,0.30248129802949025,0.3
1649,0.9775495715167256,0.3
1650,-0.9081803392698141,0.3
1651,0.720574029497914,0.3
1652,-1.2236789958751506,0.3
1653,-0.4657712670599322,0.3
1654,0.9635324373411424,0.3
1655,-0.7690826147827458,0.3
1656,-0.8186417772791287,0.3
1657,1.2445804589048886,0.3
1658,1.7234793922290963,0.3
1659,-1.9182863977743836,0.3
1660,0.09165333326820256,0.3
1661,-0.20207606697332997,0.3
1662,-0.015343863703515793,0.3
1663,-1.4183371014695445,0.3
1664,0.5693761628589642,0.3
1665,-0.9205680128725428,0.3
1666,1.4689935281993305,0.3
1667,-1.7695816398774298,0.3
1668,-0.10768123560948023,0.3
1669,-0.5225353155010617,0.3
1670,0.9059917684389831,0.3
1671,2.4397542361623232,0.3
1672,-0.9001652165049122,0.3
1673,1.4561462043223214,0.3
1674,-1.457513621975309,0.3
1675,-0.15495942740887314,0.3
1676,0.3919224131809366,0.3
1677,-0.5305157481745916,0.3
1678,-1.8883344077031419,0.3
1679,0.3788450724688421,0.3
1680,1.294116394033797,0.3
1681,-1.1408154476738177,0.3
1682,2.1090567023449043,0.3
1683,0.003182259843464802,0.3
1684,-0.8563782465276374,0.3
1685,0.09519972295501584,0.3
1686,0.29907974590705144,0.3
1687,-1.2878209538350274,0.3
1688,0.22493538332564048,0.3
1689,0.17492155723480593,0.3
1690,1.1335422114703149,0.3
1691,-2.4926978393631885,0.3
1692,-0.08458547588787874,0.3
1693,-0.28404160110007093,0.3
1694,0.9688173408261175,0.3
1695,0.8697022022204152,0.3
1696,-0.6284481670191939,0.3
1697,0.3652386718747531,0.3
1698,0.004135508904464175,0.3
1699,-0.5250459757001849,0.3
1700,-1.6772188292602148,0.3
1701,-0.0425475959060174,0.3
1702,1.0248514165511262,0.3
1703,0.5884283725884755,0.3
1704,-0.23069402354115712,0.3
1705,-2.177859355118205,0.3
1706,1.948904621264526,0.3
1707,0.19374194407631898,0.3
1708,-0.960655684080365,0.3
1709,-0.3934478357496407,0.3
1710,-0.21440740587913035,0.3
1711,0.8349866936739173,0.3
1712,-1.5415655945758753,0.3
1713,0.8506163454852739,0.3
1714,0.3307670022178461,0.3
1715,0.5839688291164027,0.3
1716,0.6981653172895849,0.3
1717,-1.977712025949452,0.3
1718,2.894488977897648,0.3
1719,-1.0102109077100172,0.3
1720,-1.0198855076005076,0.3
1721,1.5320296186796445,0.3
1722,-0.2580931014959086,0.3
1723,-0.2517901190592153,0.3
1724,0.8539068418980998,0.3
1725,1.4980154490836366,0.3
1726,-0.8403815572581461,0.3
1727,-1.8769275052669274,0.3
1728,1.3620029622827403,0.3
1729,-1.9334075749730675,0.3
1730,-0.4794730977369158,0.3
1731,0.7414200584903117,0.3
1732,-1.7174422156831313,0.3
1733,0.8510530281534768,0.3
1734,-1.6134522056699732,0.3
1735,1.6852325538779864,0.3
1736,-0.4581055647657328,0.3
1737,0.11943383333014126,0.3
1738,-0.5890702021700412,0.3
1739,0.406116971216868,0.3
1740,-0.0016880779634778835,0.3
1741,-0.2117085836155364,0.3
1742,-1.4293202316531775,0.3
1743,0.9198748011835591,0.3
1744,-1.8361969334877677,0.3
1745,-0.021032650851439603,0.3
1746,0.1262632858403496,0.3
1747,-1.9899575198395942,0.3
1748,1.667452982706347,0.3
1749,0.04427536669159925,0.3
1750,-1.0931199366959785,0.3
1751,1.56971864100252,0.3
1752,-0.2364091066212245,0.3
1753,-0.8321560413459372,0.3
1754,-0.1642306400968069,0.3
1755,2.008680750332562,0.3
1756,0.5907491222189075,0.3
1757,1.6016601540228044,0.3
1758,-2.349591090123802,0.3
1759,-1.483243767627373,0.3
1760,1.0188330129917875,0.3
1761,1.0784143727837132,0.3
1762,-0.033069331075256815,0.3
1763,0.04869914196276224,0.3
1764,0.9091915782422954,0.3
1765,-0.3458330031409412,0.3
1766,-1.3503985433937267,0.3
1767,0.5258325269329481,0.3
1768,-0.11693791448825037,0.3
1769,-0.4361644659629538,0.3
1770,1.670163610569041,0.3
1771,-0.6341584258556114,0.3
1772,0.31333626404423914,0.3
1773,-1.416073067177016,0.3
1774,1.0337712868267972,0.3
1775,-0.43001076201876415,0.3
1776,-1.7061737278325297,0.3
1777,1.815113204391308,0.3
1778,0.3484416369839363,0.3
1779,-1.0326021933455523,0.3
1780,-0.010324614686042028,0.3
1781,-0.9094701388904299,0.3
1782,1.2154346607772535,0.3
1783,-1.4174636189374725,0.3
1784,1.4296973420323813,0.3
1785,0.6992706365968308,0.3
1786,-0.27635396614021923,0.3
1787,1.9172213477203235,0.3
1788,-1.253346333266494,0.3
1789,0.8446151745492213,0.3
1790,-0.8876083074773519,0.3
1791,0.31604554136218216,0.3
1792,0.2464887656275235,0.3
1793,-0.2824440636487298,0.3
1794,-0.2936457420576479,0.3
1795,0.15743387244722928,0.3
1796,-0.9341503164889503,0.3
1797,1.1003321153946992,0.3
1798,0.5882894461964978,0.3
1799,1.0647175709126142,0.3
1800,0.035381017330939804,0.3
1801,-0.001154198230650438,0.3
1802,0.1925832774339752,0.3
1803,-1.5943846391683938,0.3
1804,-0.3496939106243638,0.3
1805,-0.6017522856098712,0.3
1806,-1.9523456320478179,0.3
1807,0.4109106751545697,0.3
1808,0.8909532857852195,0.3
1809,0.11099652283567997,0.3
1810,-0.3008335778103654,0.3
1811,-1.5207716499750161,0.3
1812,0.9453006733815263,0.3
1813,-0.22537380246337527,0.3
1814,0.6231019982699726,0.3
1815,-2.010923854607386,0.3
1816,1.6941375040073636,0.3
1817,0.6616226191779613,0.3
1818,-0.5219610977776741,0.3
1819,-0.35595743745975383,0.3
1820,1.3948799104392355,0.3
1821,-0.014254719072916887,0.3
1822,0.056762156233598815,0.3
1823,-1.3009499132933833,0.3
1824,1.97386700244831,0.3
1825,1.3199440789818218,0.3
1826,-0.5995268769429896,0.3
1827,1.1426414213593228,0.3
1828,-1.6637460693687867,0.3
1829,0.15357969052412082,0.3
1830,0.5874940443288734,0.3
1831,-0.8436308000932755,0.3
1832,0.05127583944464129,0.3
1833,0.5123573229496187,0.3
1834,0.08851454198762775,0.3
1835,0.4015725798263666,0.3
1836,-0.20132496654827264,0.3
1837,-0.7855357402182069,0.3
1838,-2.0991535342255103,0.3
1839,0.914688028709087,0.3
1840,-0.2034748977308624,0.3
1841,1.6564783146530557,0.3
1842,0.0646154708880246,0.3
1843,0.822915126866206,0.3
1844,-0.983156598835342,0.3
1845,0.19376038161376977,0.3
1846,-0.2815033900895002,0.3
1847,1.1683572624327911,0.3
1848,0.47727013299595444,0.3
1849,0.9504532294766516,0.3
1850,0.8321379794019709,0.3
1851,-0.48810727949225163,0.3
1852,-0.7098272711945626,0.3
1853,-1.092224813859403,0.3
1854,-0.1336989575834063,0.3
1855,0.15192399510845292,0.3
1856,-0.24473243278518161,0.3
1857,2.2799345643416102,0.3
1858,-0.7310972522687508,0.3
1859,-0.3151855414521923,0.3
1860,0.09276169722775972,0.3
1861,0.011771925596479743,0.3
1862,0.70720641626748,0.3
1863,0.6758525035684305,0.3
1864,0.37728542283439215,0.3
1865,-0.6320718453657219,0.3
1866,-0.8989569695503052,0.3
1867,0.0894226448394193,0.3
1868,0.9042940375140904,0.3
1869,-1.4920199216584693,0.3
1870,0.7169762552644037,0.3
1871,-0.8064434834319347,0.3
1872,0.04457353508973778,0.3
1873,-0.15683304901302467,0.3
1874,-0.14755256784312343,0.3
1875,0.7123696524032607,0.3
1876,1.2808737928448386,0.3
1877,-0.9061344411525084,0.3
1878,0.05146395203357658,0.3
1879,0.8681522215282952,0.3
1880,-1.1076093370642326,0.3
1881,0.4274912438352709,0.3
1882,1.1360691334608282,0.3
1883,-0.87999134887796,0.3
1884,-1.3282797231145316,0.3
1885,-1.5270709894294794,0.3
1886,0.46954403922860916,0.3
1887,-1.8844704008787816,0.3
1888,0.17808722241186095,0.3
1889,-0.2440974109995931,0.3
1890,0.9815092732857891,0.3
1891,0.35934553611272524,0.3
1892,-1.5989741434045681,0.3
1893,-0.7743610508212089,0.3
1894,1.1244057209560883,0.3
1895,0.7509772727509053,0.3
1896,1.084781162370275,0.3
1897,0.05917814417572355,0.3
1898,0.42339861100307324,0.3
1899,1.462362940474971,0.3
1900,-1.9005652934951554,0.3
1901,0.835681068310696,0.3
1902,-0.2617415722214658,0.3
1903,-0.5347837457183983,0.3
1904,-0.3238842563351555,0.3
1905,1.41128181175113,0.3
1906,-1.9140297362001997,0.3
1907,1.0303529008048804,0.3
1908,0.9080393187075652,0.3
1909,1.4795567188173109,0.3
1910,-0.6977484017421991,0.3
1911,-0.8671781784895867,0.3
1912,-1.4920448271485571,0.3
1913,0.6167527469565877,0.3
1914,-0.9507470474787295,0.3
1915,0.3926391970080108,0.3
1916,-0.09045154581129135,0.3
1917,0.5403410394664085,0.3
1918,-0.2424370161621778,0.3
1919,-0.10105909593750687,0.3
1920,1.2892220893198687,0.3
1921,-0.2621984099165451,0.3
1922,1.1067475173448942,0.3
1923,-1.2544216405533466,0.3
1924,0.5145840481194316,0.3
1925,0.2024517144963105,0.3
1926,-0.6177882520990599,0.3
1927,-1.0973344295965761,0.3
1928,-0.6179263604809057,0.3
1929,0.7128674931376833,0.3
1930,1.0090670132898536,0.3
1931,0.004863661738384957,0.3
1932,1.194765616019009,0.3
1933,-0.23009665918865643,0.3
1934,-0.35789598550941587,0.3
1935,-0.04183181753575627,0.3
1936,0.7218979600630494,0.3
1937,0.8820330695640106,0.3
1938,-2.2764203450887575,0.3
1939,0.6796590941766373,0.3
1940,0.07083709900907242,0.3
1941,0.8566367148962306,0.3
1942,0.02555134185368378,0.3
1943,-0.8559218421083786,0.3
1944,-1.5703774156046144,0.3
1945,-0.8702059604120091,0.3
1946,-1.6370214583770335,0.3
1947,2.947137597134019,0.3
1948,-0.23705614258622115,0.3
1949,-0.29569344503501344,0.3
1950,-0.07465231055047619,0.3
1951,0.1772108353195766,0.3
1952,0.10836056724996537,0.3
1953,-0.9705009817774972,0.3
1954,0.7652297026475274,0.3
1955,-0.5441375437181005,0.3
1956,0.6548866338904578,0.3
1957,-0.06740817715351895,0.3
1958,0.7288700590777366,0.3
1959,0.06917327581334652,0.3
1960,-1.7580863061904548,0.3
1961,-0.06706327651664186,0.3
1962,1.076289905623284,0.3
1963,-0.014235256049486856,0.3
1964,0.49782537584614595,0.3
1965,-0.548985740378644,0.3
1966,0.8665693730115541,0.3
1967,-0.9123924521100744,0.3
1968,1.189596906087784,0.3
1969,-0.3265986478979145,0.3
1970,-0.9126902572666283,0.3
1971,0.7554226615157803,0.3
1972,0.09737990072872725,0.3
1973,-0.7527683241763884,0.3
1974,-1.9286409758450052,0.3
1975,1.2670072569558488,0.3
1976,0.7311505239718711,0.3
1977,0.028862399803348624,0.3
1978,-1.2936021315585267,0.3
1979,-0.1700731415898435,0.3
1980,0.991242512316195,0.3
1981,-1.0147893945314839,0.3
1982,-0.5506734078347825,0.3
1983,-0.29490560287527495,0.3
1984,1.4679900539177735,0.3
1985,-0.9940633287287439,0.3
1986,-1.1618384788147291,0.3
1987,0.6957183992776557,0.3
1988,1.367076247636904,0.3
1989,-1.478864857762338,0.3
1990,0.8999713037976896,0.3
1991,0.671074007221849,0.3
1992,-0.7734133007759546,0.3
1993,0.005966903063134492,0.3
1994,0.13207751970312315,0.3
1995,-0.0233735798817447,0.3
1996,-0.9065975607502232,0.3
1997,1.683308692925407,0.3
1998,-2.038952466591038,0.3
1999,-0.2184300364719083,0.3
2000,0.09139659532217087,0.3
2001,1.5886331879505016,0.3
2002,-1.2642654569764384,0.3
2003,1.3763072950227024,0.3
2004,-0.6838497325842254,0.3
2005,-0.7320054923582696,0.3
2006,-1.2427567786777427,0.3
2007,1.5483592872884424,0.3
2008,-1.2494284273239717,0.3
2009,0.4091900808652263,0.3
2010,0.10589152194771223,0.3
2011,0.7765697050720384,0.3
2012,-1.0062575560166653,0.3
2013,1.007776809086867,0.3
2014,0.07210738955058306,0.3
2015,0.28161637474139806,0.3
2016,-1.3041235593401075,0.3
2017,1.568890606885987,0.3
2018,0.15016510914285192,0.3
2019,0.04464420978041437,0.3
2020,0.4328486962765826,0.3
2021,-2.567857053497266,0.3
2022,1.0880813991427492,0.3
2023,2.4232681223989787,0.3
2024,-2.0703385657980586,0.3
2025,0.7544016068674969,0.3
2026,1.549915701062778,0.3
2027,-0.5402028414035005,0.3
2028,-0.3302675185991568,0.3
2029,0.3120467417021145,0.3
2030,-0.49301160410772704,0.3
2031,1.6302231148122721,0.3
2032,0.19058627771372952,0.3
2033,-0.8276879779040269,0.3
2034,0.7348792483404082,0.3
2035,-1.4634010661277148,0.3
2036,-0.14257719415880404,0.3
2037,-0.9889084362792983,0.3
2038,0.8943769279390792,0.3
2039,0.22393187572372222,0.3
2040,-0.5425041086159098,0.3
2041,0.025383366114788912,0.3
2042,-1.0798462374389537,0.3
2043,0.19330712224435484,0.3
2044,-1.5700497997179306,0.3
2045,-0.0824702870042598,0.3
2046,0.2739555669013069,0.3
2047,-1.0900438320226393,0.3
2048,0.20362701039966885,0.3
2049,0.36793391315798407,0.3
2050,-0.6570337484816313,0.3
2051,2.251053772834683,0.3
2052,-1.1888770734413125,0.3
2053,-0.26178998684958493,0.3
2054,-1.6418792813257292,0.3
2055,2.319663732737806,0.3
2056,0.8533791763505469,0.3
2057,-2.479772548774678,0.3
2058,1.0102462323993378,0.3
2059,-0.036767547903747436,0.3
2060,0.9798360348070877,0.3
2061,-2.141126085094373,0.3
2062,-0.7086376131638293,0.3
2063,-0.3031095982037606,0.3
2064,1.1646950381172148,0.3
2065,0.49339070944964886,0.3
2066,-1.1280369302979074,0.3
2067,-0.39232074695556657,0.3
2068,0.04460280679318811,0.3
2069,0.5357037148578838,0.3
2070,1.8866770634218077,0.3
2071,-0.3069655182637265,0.3
2072,0.03944174017260917,0.3
2073,0.2599837845596426,0.3
2074,-0.21356204623754935,0.3
2075,1.7124885840788733,0.3
2076,0.16993061360110917,0.3
2077,-0.7006257113070744,0.3
2078,-0.04162402617171873,0.3
2079,-0.13019050636821916,0.3
2080,1.5438438668401924,0.3
2081,-2.6634689827386957,0.3
2082,1.3191650436951354,0.3
2083,0.31379577985012946,0.3
2084,-0.6136693973861086,0.3
2085,-0.9335708499581821,0.3
2086,0.061908556703113675,0.3
2087,-0.627217931137866,0.3
2088,0.969817924055063,0.3
2089,-0.8491588704605023,0.3
2090,3.878114273520486,0.3
2091,-1.1856731438171417,0.3
2092,-1.0721690548278122,0.3
2093,-0.538017865446788,0.3
2094,-0.3476562777304834,0.3
2095,0.7216958517619078,0.3
2096,0.6594536553578505,0.3
2097,0.09561304402331634,0.3
2098,-0.8478877807038845,0.3
2099,-0.012172644925511024,0.3
2100,0.6768208157327938,0.3
2101,1.5301306990123007,0.3
2102,-1.388567963380858,0.3
2103,0.8657982945209031,0.3
2104,-0.2171981763372672,0.3
2105,-0.9205074844795686,0.3
2106,-0.5076507274376019,0.3
2107,2.168077275638525,0.3
2108,0.009466800886136655,0.3
2109,-1.0575148665858474,0.3
2110,-0.20285987665270538,0.3
2111,0.1736981939513238,0.3
2112,-0.1491000672601225,0.3
2113,-1.0093366037504996,0.3
2114,-0.7528101501700499,0.3
2115,1.0272185425679539,0.3
2116,-0.4661042178274532,0.3
2117,-0.8893877685103033,0.3
2118,1.2861125224025056,0.3
2119,-1.462945093598148,0.3
2120,0.46470262578761806,0.3
2121,-0.21438962689208102,0.3
2122,0.5736945042979333,0.3
2123,0.3213462643714805,0.3
2124,-1.7732803893487459,0.3
2125,1.391621782241631,0.3
2126,-0.1600370410870297,0.3
2127,-0.0353757499251136,0.3
2128,2.4397607432822896,0.3
2129,-1.1742276451621418,0.3
2130,-0.1469513766774433,0.3
2131,0.30891640024520567,0.3
2132,0.021108994985999097,0.3
2133,-0.8692631509071812,0.3
2134,0.7316242190553488,0.3
2135,-0.059546189026450445,0.3
2136,-1.8116967587141468,0.3
2137,1.4179144062162663,0.3
2138,-0.7007619298310556,0.3
2139,1.1333748167795898,0.3
2140,-0.003197496162795128,0.3
2141,1.0089029825496927,0.3
2142,-2.415307029739055,0.3
2143,-0.024586548530304744,0.3
2144,-0.7134002150739077,0.3
2145,-0.06321640936777387,0.3
2146,1.6953098237061794,0.3
2147,-0.6874261054508828,0.3
2148,2.423662153833208,0.3
2149,-1.6942390269361285,0.3
2150,0.2869515974974295,0.3
2151,0.697345956178283,0.3
2152,-1.1004332123919462,0.3
2153,0.3207955531744754,0.3
2154,1.0736992725582848,0.3
2155,1.0663524830891014,0.3
2156,0.945850411069699,0.3
2157,0.5172745535978275,0.3
2158,-2.0502107762177255,0.3
2159,1.1540887217741973,0.3
2160,-0.7588701509875374,0.3
2161,-0.7592259405441234,0.3
2162,-0.6441562067520664,0.3
2163,-0.29274176498587806,0.3
2164,-0.28799411814126974,0.3
2165,-1.9406797364865633,0.3
2166,1.387299910811191,0.3
2167,1.3404582369495488,0.3
2168,0.8537905210700037,0.3
2169,0.26707481550107953,0.3
2170,0.19850280015446997,0.3
2171,-0.3010801918890197,0.3
2172,1.3273453164790818,0.3
2173,-0.12137085992859488,0.3
2174,0.32703812898686646,0.3
2175,-1.1016688793857934,0.3
2176,-0.42105062562647955,0.3
2177,-1.0724645437967042,0.3
2178,0.2837886902738183,0.3
2179,0.6718948540704326,0.3
2180,-0.7526529740087348,0.3
2181,1.8565502329434156,0.3
2182,-0.09454101411833866,0.3
2183,-1.4306687082959169,0.3
2184,1.2416820827581245,0.3
2185,-1.0252049106863903,0.3
2186,0.4014165179595371,0.3
2187,-0.11091949512412466,0.3
2188,-1.2027820950471844,0.3
2189,0.18055205920878195,0.3
2190,0.19826034386346075,0.3
2191,-0.2925578247034242,0.3
2192,1.529404242781051,0.3
2193,-0.2589384728705807,0.3
2194,1.8441517899143287,0.3
2195,-1.4672745913408198,0.3
2196,-0.5120963533352086,0.3
2197,-0.008734108321842134,0.3
2198,0.4244872690543057,0.3
2199,0.24657569536208268,0.3
2200,1.3632997624845236,0.3
2201,0.5856527875421245,0.3
2202,-1.9489858136868157,0.3
2203,-0.41323901276795943,0.3
2204,1.085489301815888,0.3
2205,-0.7227853617644773,0.3
2206,0.022519422244991698,0.3
2207,-0.17598326653243346,0.3
2208,-0.24870450519493098,0.3
2209,-0.23843213082608047,0.3
2210,0.4052482300456281,0.3
2211,0.1089528189283171,0.3
2212,-1.2693905585123,0.3
2213,2.1416148827124086,0.3
2214,0.3452027490371583,0.3
2215,1.6204835996582418,0.3
2216,-1.6309783969498923,0.3
2217,1.4550309182392613,0.3
2218,-1.7081811407390608,0.3
2219,-0.19466726754909003,0.3
2220,-0.09043122563982293,0.3
2221,-1.147327301954076,0.3
2222,1.9443284345930338,0.3
2223,0.9546974939353655,0.3
2224,-1.084375432357229,0.3
2225,-0.38102633429766464,0.3
2226,0.08483986093205358,0.3
2227,1.0232393812056468,0.3
2228,-1.2563297974131937,0.3
2229,0.40686454896264346,0.3
2230,-0.6718891201907495,0.3
2231,0.39331608321329753,0.3
2232,-1.1883347276404477,0.3
2233,-0.014904371323327005,0.3
2234,0.23557660419021811,0.3
2235,-0.4096599240670127,0.3
2236,-0.5516396176484695,0.3
2237,0.38519231006799154,0.3
2238,-0.8959030226779038,0.3
2239,1.7333304375101504,0.3
2240,-0.8429902563331941,0.3
2241,-1.0998384598069637,0.3
2242,0.6982289619245697,0.3
2243,0.6777310787003353,0.3
2244,-1.3995565623402442,0.3
2245,1.2978565180576893,0.3
2246,-0.880689264876638,0.3
2247,-2.1413853241028926,0.3
2248,0.4962919312289845,0.3
2249,1.6125187589111072,0.3
2250,-0.64936703426523,0.3
2251,0.8024125536313266,0.3
2252,-0.6685542318679728,0.3
2253,-0.4239811059643042,0.3
2254,1.4469588525621049,0.3
2255,-1.6977127330334185,0.3
2256,0.06601333906628058,0.3
2257,-0.6682593939449143,0.3
2258,1.4184688761099253,0.3
2259,-2.528767893850178,0.3
2260,2.6611888838353392,0.3
2261,0.0700695108262472,0.3
2262,-0.4266363768976045,0.3
2263,-0.3729359662802961,0.3
2264,0.5386243103010969,0.3
2265,-0.24825710806594442,0.3
2266,-0.6940163466875071,0.3
2267,-1.1037705723286382,0.3
2268,-0.9661730254234365,0.3
2269,1.5506673048518615,0.3
2270,-0.7681540498553507,0.3
2271,-0.08523956673464278,0.3
2272,-0.3798177043299552,0.3
2273,1.4215171435204943,0.3
2274,0.6304312437682302,0.3
2275,-0.6691288659535918,0.3
2276,-0.3708853576328773,0.3
2277,0.34331701236832246,0.3
2278,-1.2813653142677486,0.3
2279,0.5674282649130988,0.3
2280,-0.35703842257029805,0.3
2281,0.3863307309726481,0.3
2282,0.057336222288919214,0.3
2283,-0.8228279262267877,0.3
2284,1.928664645214874,0.3
2285,-1.0763422126290791,0.3
2286,0.9330799051805433,0.3
2287,-0.10705984904008976,0.3
2288,-1.283296842624429,0.3
2289,1.2310375924485333,0.3
2290,0.29957974711333807,0.3
2291,-0.5151062995222548,0.3
2292,0.5455158123222452,0.3
2293,1.1546577464130032,0.3
2294,-0.46376591247685706,0.3
2295,1.4977426569484966,0.3
2296,0.436881019220094,0.3
2297,-0.38124129057915906,0.3
2298,-1.9997591716688856,0.3
2299,-1.7992995898956725,0.3
2300,0.7471203577592866,0.3
2301,-0.010617920137010323,0.3
2302,0.7015954289234447,0.3
2303,-1.1286875647748114,0.3
2304,3.176614053505181,0.3
2305,-1.8357632442275518,0.3
2306,0.35388404725918715,0.3
2307,0.06271133440434247,0.3
2308,-0.42426137394103963,0.3
2309,0.7481430924754889,0.3
2310,-1.0109192827282232,0.3
2311,-0.6873578820835057,0.3
2312,0.6471229475277802,0.3
2313,1.8101118996029524,0.3
2314,0.9593603272335842,0.3
2315,0.7402921064732311,0.3
2316,1.5793128440719026,0.3
2317,-0.7772811089179621,0.3
2318,-2.1969242259307133,0.3
2319,1.468034560802401,0.3
2320,0.865572977241344,0.3
2321,0.20819940943379395,0.3
2322,0.19831339345996457,0.3
2323,-0.13640101733503104,0.3
2324,0.45228299903598457,0.3
2325,-1.0532335347189679,0.3
2326,0.022996375058449297,0.3
2327,-0.19578896927265016,0.3
2328,1.072379942102695,0.3
2329,0.6867165735877582,0.3
2330,0.7705216068161599,0.3
2331,-0.7421902239331157,0.3
2332,-0.8753197496586108,0.3
2333,0.5248008769276622,0.3
2334,-1.2936670473386163,0.3
2335,-0.3174603117963143,0.3
2336,0.08923601488547284,0.3
2337,0.17556727616629383,0.3
2338,-0.10848976327495681,0.3
2339,-0.6608720199089351,0.3
2340,1.809753873008013,0.3
2341,-0.5145129407484332,0.3
2342,1.468358647508834,0.3
2343,-2.0058585375328772,0.3
2344,1.8952757053300822,0.3
2345,-1.7948578417620387,0.3
2346,0.10945723168883745,0.3
2347,0.836144471891145,0.3
2348,-0.2420310200417329,0.3
2349,0.08970202598657495,0.3
2350,1.0342450398837228,0.3
2351,-0.37365894688446794,0.3
2352,1.7738244986825569,0.3
2353,0.31827127921646475,0.3
2354,-0.7361415500598846,0.3
2355,-1.4451795649951014,0.3
2356,0.5412664330045731,0.3
2357,-0.5711444878648021,0.3
2358,-1.0313928801837298,0.3
2359,0.4188059838229162,0.3
2360,-2.454552678739125,0.3
2361,0.6523512775296116,0.3
2362,0.18073159890769178,0.3
2363,-1.0296273305467625,0.3
2364,-1.3243856296530812,0.3
2365,1.3511444299387831,0.3
2366,-0.9907852852792223,0.3
2367,1.060086862178867,0.3
2368,1.07130834035448,0.3
2369,-1.4498912854185688,0.3
2370,-1.239024007297464,0.3
2371,0.009511921328147254,0.3
2372,-0.4108703470035055,0.3
2373,-0.14573303503085258,0.3
2374,1.3282824988112716,0.3
2375,1.9482183121467351,0.3
2376,0.5805304866600552,0.3
2377,-0.554292126659832,0.3
2378,-0.6884832844720115,0.3
2379,0.10077191397656042,0.3
2380,-1.3736471511504318,0.3
2381,0.25700612828910563,0.3
2382,-2.5458807171280613,0.3
2383,0.14624051326503462,0.3
2384,0.4654871579006119,0.3
2385,-0.3884204288218104,0.3
2386,1.6339941808716607,0.3
2387,1.9401308477263037,0.3
2388,-0.2033226298161961,0.3
2389,0.7242091541624022,0.3
2390,0.7839222698383673,0.3
2391,-0.6536383082561024,0.3
2392,-2.0753716287615505,0.3
2393,1.829664099386703,0.3
2394,-0.9998519957107431,0.3
2395,0.3782185257732495,0.3
2396,-0.7607637819618446,0.3
2397,0.9610939627577479,0.3
2398,1.7670810717898973,0.3
2399,0.2447614249344911,0.3
2400,-0.021616866040215697,0.3
2401,0.8147562157630869,0.3
2402,-1.6667676017810704,0.3
2403,0.5154548878851246,0.3
2404,-1.674259270089917,0.3
2405,-0.04147742811616944,0.3
2406,2.4350922223796085,0.3
2407,-2.466342165700054,0.3
2408,-0.09339870666181156,0.3
2409,2.0214595239545687,0.3
2410,-0.39062356671599563,0.3
2411,0.13155466154713621,0.3
2412,-1.2550548537335882,0.3
2413,1.0502464144534678,0.3
2414,-0.8623630017895512,0.3
2415,-0.21854844044005156,0.3
2416,-1.7938420601496496,0.3
2417,-1.010699012652843,0.3
2418,-0.48541483831573745,0.3
2419,-1.8362871349145784,0.3
2420,1.9702579949695016,0.3
2421,0.9591358430516752,0.3
2422,0.32924459917835347,0.3
2423,-0.3325835123890278,0.3
2424,1.749374010905603,0.3
2425,-1.3143596347798994,0.3
2426,0.8710388328866985,0.3
2427,0.051536326106421004,0.3
2428,0.033016221461290726,0.3
2429,-2.8859182891659496,0.3
2430,-0.08865094371890705,0.3
2431,-0.20365855265645866,0.3
2432,1.764413063921827,0.3
2433,1.213571715771867,0.3
2434,-0.3483419498985584,0.3
2435,-1.080802188684856,0.3
2436,1.277487769370077,0.3
2437,0.4154670128400835,0.3
2438,0.2764725600983288,0.3
2439,-0.47086367450435157,0.3
2440,1.732070975141719,0.3
2441,-1.281418749353837,0.3
2442,-0.4512805590943016,0.3
2443,-0.38877609885908304,0.3
2444,-0.5506662459243241,0.3
2445,0.24859597412954135,0.3
2446,0.9575558074503324,0.3
2447,-1.5415844167516128,0.3
2448,0.6098187399132837,0.3
2449,1.4803977519160039,0.3
2450,-1.6958524541801236,0.3
2451,-0.8454296935994438,0.3
2452,-1.1149073456461223,0.3
2453,-0.13934746831191785,0.3
2454,0.939622068110455,0.3
2455,0.6071032561869107,0.3
2456,-0.09673687312862884,0.3
2457,0.3369166009419471,0.3
2458,-0.18128938305413106,0.3
2459,1.3758674278278271,0.3
2460,-0.5269476372975986,0.3
2461,0.866808234162574,0.3
2462,-0.7642391037965632,0.3
2463,0.17070734486625283,0.3
2464,0.33200327468330193,0.3
2465,-2.9035544818306014,0.3
2466,1.8606701805178703,0.3
2467,-0.4465323125555814,0.3
2468,0.29783640811043804,0.3
2469,-1.6651630167707259,0.3
2470,0.7439078143083133,0.3
2471,0.5911230242229856,0.3
2472,-0.536034846561099,0.3
2473,0.5972546953254323,0.3
2474,-1.8477669039282845,0.3
2475,0.3088124277432779,0.3
2476,0.02026428601712154,0.3
2477,0.48734066349958083,0.3
2478,2.209499427405114,0.3
2479,-0.8186970023843303,0.3
2480,1.4270005149775384,0.3
2481,-1.6842222729852232,0.3
2482,1.0118769441074256,0.3
2483,-0.30705773303979406,0.3
2484,-0.2342799683993632,0.3
2485,0.8100766828502328,0.3
2486,-0.03411136144844282,0.3
2487,-1.0201186410329781,0.3
2488,-2.0567586641920865,0.3
2489,1.0066317958017736,0.3
2490,1.0262838836511996,0.3
2491,-0.7148747407178251,0.3
2492,-0.6087131018266558,0.3
2493,1.7383698974045276,0.3
2494,-1.2235377437245734,0.3
2495,0.5722474573307277,0.3
2496,-1.4076071889228945,0.3
2497,0.38120452489859846,0.3
2498,-1.1282070402002675,0.3
2499,0.5045285965363135,0.3
