timestamp,value,true_variance
0,1.6243453636632417,1.0
1,0.5252853409141937,1.0
2,-0.16047201362352015,1.0
3,-1.1852990316926346,1.0
4,0.03569830713983435,1.0
5,-2.276549881882399,1.0
6,0.15122684689880095,1.0
7,-0.6553481080659421,1.0
8,-0.1397045795890609,1.0
9,-0.3471635811897527,1.0
10,1.2190934302121472,1.0
11,-1.206775308349151,1.0
12,-1.1671599198579132,1.0
13,-1.2010662985689549,1.0
14,0.29302303333716906,1.0
15,-0.8947751439780125,1.0
16,-0.7987708083350444,1.0
17,-1.4369979837559028,1.0
18,-0.963684841913539,1.0
19,-0.09176417562365502,1.0
20,-1.1648541001494797,1.0
21,0.3293258397349784,1.0
22,1.1321188084072804,1.0
23,1.2949775047869645,1.0
24,1.807340202615287,1.0
25,0.5814102826563677,1.0
26,0.2840969723408092,1.0
27,-0.7369015536205024,1.0
28,-0.7837191671603675,1.0
29,-0.018247950274071223,1.0
30,-0.704434316917159,1.0
31,-0.8898575486979886,1.0
32,-1.3100729842081913,1.0
33,-1.7622567304444534,1.0
34,-1.9048258421479365,1.0
35,-1.3460426884224568,1.0
36,-2.0595402305309976,1.0
37,-1.207262463554606,1.0
38,0.8147184526216463,1.0
39,1.312347077412488,1.0
40,0.7268074018271264,1.0
41,-0.37886378280584776,1.0
42,-1.0123629417149311,1.0
43,0.9838005418272948,1.0
44,0.7394681340551352,1.0
45,-0.11936795273075873,1.0
46,0.10735791775593492,1.0
47,2.1754056789079965,1.0
48,1.6429429277172265,1.0
49,1.7672631591094778,1.0
50,1.537254531332462,1.0
51,0.7238283254392046,1.0
52,-0.6358383702146969,1.0
53,-0.7944295815631652,1.0
54,-0.7649949404689937,1.0
55,0.05112673285390201,1.0
56,0.8747721268722364,1.0
57,1.5434425701141228,1.0
58,1.3659971243341444,1.0
59,1.841339151304629,1.0
60,0.5345394649165875,1.0
61,1.6270457806748992,1.0
62,1.6518618668904381,1.0
63,0.858210471720591,1.0
64,1.0892654767419105,1.0
65,0.6869141206982816,1.0
66,1.612469271940224,1.0
67,2.6485453067803553,1.0
68,4.03955712127941,1.0
69,1.431193649407449,1.0
70,-0.4422782508443752,1.0
71,-0.8140606385375139,1.0
72,-0.40980537752842916,1.0
73,0.5893051568463246,1.0
74,0.7281485570340325,1.0
75,-1.5124972259001803,1.0
76,-1.364952070758498,1.0
77,-0.12749180692370232,1.0
78,0.1408504705177918,1.0
79,0.860606509674479,1.0
80,0.380096414161776,1.0
81,0.06530942098324569,1.0
82,0.23227798567655628,1.0
83,0.5726462371818457,1.0
84,0.5991520861540617,1.0
85,0.538415106115302,1.0
86,-0.2937717120083192,1.0
87,0.171923587915096,1.0
88,0.2421677825320041,1.0
89,1.2990013556843225,1.0
90,2.1082188288805326,1.0
91,1.6609095977003165,1.0
92,0.7873517683001073,1.0
93,-0.08758416964414728,1.0
94,0.3621854353132098,1.0
95,0.33086987306780624,1.0
96,-0.11224476442361125,1.0
97,-0.034974478262280936,1.0
98,-0.6444829787317259,1.0
99,0.24689394896001082,1.0
100,-0.27430280051399064,1.0
101,1.0324957444457055,1.0
102,1.1262386629027938,1.0
103,1.3819455872690227,1.0
104,-0.12754993465272602,1.0
105,0.0800974788017599,1.0
106,0.7966246862575067,1.0
107,-0.39606332142767997,1.0
108,-0.5434628310029981,1.0
109,-0.34780943500874006,1.0
110,-1.6165839247528737,1.0
111,-0.8164493552847198,1.0
112,0.27464609888572955,1.0
113,-0.6672636716119756,1.0
114,-0.11653859146427553,1.0
115,-1.3938604252624247,1.0
116,-1.0143978069497483,1.0
117,-2.3258508195681187,1.0
118,-0.506677865462019,1.0
119,0.054226032113414535,1.0
120,0.013341266603611818,1.0
121,-0.7658227325466314,1.0
122,0.7376800173761348,1.0
123,2.483477761418029,1.0
124,-0.11954743145413205,1.0
125,1.152480828434928,1.0
126,2.4343873330533556,1.0
127,2.0420828297118248,1.0
128,0.23018994846309115,1.0
129,1.0244782814681854,1.0
130,0.5362144949495793,1.0
131,-0.2285704813285518,1.0
132,-1.390057472596948,1.0
133,-0.42250273484164813,1.0
134,0.497054951530194,1.0
135,-0.2755922636086558,1.0
136,0.3276617525473118,1.0
137,-0.9149781628400244,1.0
138,0.16137631788332762,1.0
139,0.15953072094247486,1.0
140,-0.07489826724761638,1.0
141,-0.15417465960247667,1.0
142,0.7609638952841342,1.0
143,1.283086366563902,1.0
144,1.4276257809474406,1.0
145,1.1370392566605945,1.0
146,0.873748607575122,1.0
147,1.2300042873011097,1.0
148,1.0934975602895147,1.0
149,1.4479996990671453,1.0
150,0.7034830158289417,1.0
151,-1.9423996530268797,1.0
152,-0.32085515525940167,1.0
153,1.9623810382926765,1.0
154,1.8150311703734556,1.0
155,1.170366585977919,1.0
156,0.6828118662885103,1.0
157,0.3589141186271473,1.0
158,0.26864929133900767,1.0
159,-0.933964224809583,1.0
160,-1.1708694152869359,1.0
161,-1.816635418351118,1.0
162,-1.022845631458012,1.0
163,-1.0126330943914712,1.0
164,-0.21363184209606934,1.0
165,-0.32424544920974946,1.0
166,0.7593633733744175,1.0
167,0.745088262697534,1.0
168,2.7122615128580074,1.0
169,0.002222136109512496,1.0
170,-0.6453611929782492,1.0
171,0.44973405656393656,1.0
172,2.8431395464011535,1.0
173,1.7415629047653474,1.0
174,1.2627630265141323,1.0
175,0.6576198760462874,1.0
176,1.791791025819993,1.0
177,0.9669458545979761,1.0
178,1.3569319380966878,1.0
179,0.6300507577690102,1.0
180,-0.8315232248076871,1.0
181,-0.2685185369019488,1.0
182,0.3152218376039619,1.0
183,1.513881168855035,1.0
184,0.9492697917812083,1.0
185,0.047126790534484875,1.0
186,0.5957498499931657,1.0
187,0.6577619872329482,1.0
188,0.7410984681857027,1.0
189,0.4456562239827141,1.0
190,1.4722979267816694,1.0
191,1.4001012651228923,1.0
192,2.884729593927006,1.0
193,3.1303674143094087,1.0
194,2.850306986116796,1.0
195,0.36777654966549966,1.0
196,0.8597628650614788,1.0
197,1.0221162091900946,1.0
198,1.526433019236622,1.0
199,2.112945208172894,1.0
200,1.0781834539320991,1.0
201,1.578734036202877,1.0
202,0.542808394322924,1.0
203,2.334843951035081,1.0
204,0.3024390992073085,1.0
205,-1.5489811909536675,1.0
206,-2.735008099491667,1.0
207,-2.805061253807215,1.0
208,-3.0826582762247785,1.0
209,-0.2017818896537027,1.0
210,-0.4677468208357761,1.0
211,-1.6700985639624792,1.0
212,-0.05468601799394346,1.0
213,-0.6248041514173529,1.0
214,-1.6742162825335445,1.0
215,-0.2961124701241815,1.0
216,0.4160834474911057,1.0
217,-0.14369826971145372,1.0
218,1.306951211443211,1.0
219,1.0439674277209732,1.0
220,2.3477267982619816,1.0
221,2.146149640783291,1.0
222,3.061110289168163,1.0
223,2.252179898843142,1.0
224,0.3567815322111667,1.0
225,2.699115721609214,1.0
226,1.343606837143882,1.0
227,0.7416869231118207,1.0
228,-0.18121765874298024,1.0
229,-0.3302468100846446,1.0
230,0.011496674022543368,1.0
231,0.2098778506897844,1.0
232,0.807934783081542,1.0
233,2.3577125571326465,1.0
234,1.5299342182043452,1.0
235,-0.16216678270338503,1.0
236,-1.2958348744020032,1.0
237,-1.5728389302805286,1.0
238,-2.775183058815302,1.0
239,-1.1175983167317254,1.0
240,-1.2805323853432857,1.0
241,-1.2073576480431507,1.0
242,-0.8470418364682091,1.0
243,-1.9895497101231783,1.0
244,-2.2540011578622665,1.0
245,-0.9030892848156142,1.0
246,-0.013623368584636752,1.0
247,-0.4527082887098835,1.0
248,1.493639112028538,1.0
249,-0.260179544137761,1.0
250,-0.5271128910514121,1.0
251,-0.5998187668714579,1.0
252,-3.2129581369565607,1.0
253,-0.31154188225351254,1.0
254,0.1482526969625995,1.0
255,-0.9408124940339719,1.0
256,1.392604697033664,1.0
257,1.5604852880959472,1.0
258,1.5218658416891275,1.0
259,0.45830769098234303,1.0
260,0.42703810772285794,1.0
261,-1.2267536408233572,1.0
262,-0.0637014541515053,1.0
263,-0.41902933674927434,1.0
264,-0.15927233916986888,1.0
265,1.0905642247807976,1.0
266,1.0481430681956163,1.0
267,0.9961675932002,1.0
268,0.9738166200623236,1.0
269,-0.051599969851686356,1.0
270,0.7998847405380883,1.0
271,2.1032784291811453,1.0
272,2.2311005605247325,1.0
273,2.4466792068321963,1.0
274,0.8353939258643491,1.0
275,-0.28301147476788124,1.0
276,-1.6389840566293568,1.0
277,0.08496423118788643,1.0
278,-0.19470490577584781,1.0
279,1.2635505084378924,1.0
280,0.102573673219724,1.0
281,-0.36570741157477415,1.0
282,-0.1605701009110842,1.0
283,0.8090509980217525,1.0
284,0.6270858944147335,1.0
285,0.6500848810980302,1.0
286,0.4715869840742367,1.0
287,0.5072986091279261,1.0
288,-0.7613609914951962,1.0
289,-0.45202559307335866,1.0
290,-0.5029969086628173,1.0
291,-0.4089223169498194,1.0
292,0.20609093407177526,1.0
293,-0.5364144871586431,1.0
294,-0.45999816841568,1.0
295,-0.6193606006644796,1.0
296,-0.016250415490273173,1.0
297,0.7733953601723983,1.0
298,-0.41404851025301037,1.0
299,0.2960764739255084,1.0
300,2.2730368519666904,1.0
301,0.11996887054405825,1.0
302,-0.7461936859342732,1.0
303,-1.402913179998162,1.0
304,-1.2611369475420036,1.0
305,0.7400532226745986,1.0
306,0.5313899322193957,1.0
307,-0.32272064273364937,1.0
308,0.3958990543920179,1.0
309,-0.32267519299643493,1.0
310,0.8975395269244308,1.0
311,0.9335447090911123,1.0
312,2.0422606927340468,1.0
313,0.7682382417608139,1.0
314,3.5686238816046,1.0
315,3.322621342156677,1.0
316,2.980415092096374,1.0
317,2.0351021168597976,1.0
318,0.6989743626674307,1.0
319,-0.37848662375638886,1.0
320,-0.40091796273006153,1.0
321,-1.0779123594041726,1.0
322,-0.4718629393345005,1.0
323,-1.1564014893814705,1.0
324,-0.18839834172802084,1.0
325,0.8242428649150819,1.0
326,-0.12887050196172656,1.0
327,1.102476716381485,1.0
328,0.5337917657148568,1.0
329,1.5289421220886248,1.0
330,1.5084258327532747,1.0
331,2.178226404584384,1.0
332,0.5277386876793864,1.0
333,0.26262309459634536,1.0
334,1.635265426808377,1.0
335,0.526648951084285,1.0
336,-1.6685469599217955,1.0
337,-3.1105720534217123,1.0
338,-4.68384109007126,1.0
339,-5.392852684966708,1.0
340,-4.186636042665178,1.0
341,-1.6521171470239027,1.0
342,-1.5987112824299046,1.0
343,-0.7955705440995011,1.0
344,-0.6668908710332575,1.0
345,-0.45827466428725555,1.0
346,-0.4889911047457949,1.0
347,-0.5164741176300471,1.0
348,0.09963221763598451,1.0
349,-1.1062401190961262,1.0
350,0.23575909396743622,1.0
351,1.0850492990249685,1.0
352,0.5644771684415767,1.0
353,1.2005274421412853,1.0
354,0.13902478324172274,1.0
355,-0.4399056756061325,1.0
356,-0.15167012265420943,1.0
357,-0.2963901109428081,1.0
358,-0.6562111103315884,1.0
359,-1.131795816018708,1.0
360,-1.349751792999139,1.0
361,-0.005657510902909446,1.0
362,-1.9472836633003894,1.0
363,-1.0106041999409394,1.0
364,-0.9438598917716443,1.0
365,0.06711157575949789,1.0
366,0.5620517166710142,1.0
367,-2.389098265983213,1.0
368,-1.0877221757108229,1.0
369,-0.43713127954915487,1.0
370,-0.28412905905785596,1.0
371,-0.6675641576183905,1.0
372,0.385986311622749,1.0
373,-0.14283889157510793,1.0
374,1.734730402547111,1.0
375,1.7786941372772915,1.0
376,3.3829139635335865,1.0
377,1.5825057775532747,1.0
378,-0.6481715959455596,1.0
379,0.2610694803239237,1.0
380,1.0354526979520329,1.0
381,0.7601769856211803,1.0
382,-1.006669355809817,1.0
383,-1.1525637337829904,1.0
384,-0.1888090797277585,1.0
385,-0.3163426814631763,1.0
386,-0.33742506249661963,1.0
387,-0.4116565124093863,1.0
388,-1.2220742143130718,1.0
389,-1.3884722761027495,1.0
390,-2.3984860137924566,1.0
391,0.08901973865630697,1.0
392,-0.41305905807856724,1.0
393,0.18846884116256024,1.0
394,-0.8899577558275171,1.0
395,0.1715578105218204,1.0
396,-1.7530705102700272,1.0
397,-0.30653423913406286,1.0
398,-0.2499418922725549,1.0
399,1.9356457290099214,1.0
400,0.04841793746292633,1.0
401,0.11027303638364044,1.0
402,0.44442293935241306,1.0
403,1.5439952499229261,1.0
404,0.6579397135552729,1.0
405,0.5470222060129785,1.0
406,-1.7595511848682834,1.0
407,-2.061854693430506,1.0
408,-0.9916823348461128,1.0
409,0.4099966919109347,1.0
410,0.0052614152720414364,1.0
411,2.0600385138887227,1.0
412,3.202276186171199,1.0
413,2.180940838545029,1.0
414,-0.8868444141922673,1.0
415,-2.3983574657405744,1.0
416,-2.456709052645815,1.0
417,-0.6038552289279018,1.0
418,-0.11242637246576392,1.0
419,-2.172946276948847,1.0
420,-1.7498282227343551,1.0
421,0.38848161864906694,1.0
422,-0.10286755424830585,1.0
423,-0.8219769052494803,1.0
424,1.4792402688434796,1.0
425,1.0888777249887838,1.0
426,0.2830573087060687,1.0
427,0.5483072749225271,1.0
428,0.4009798188198575,1.0
429,-0.1484564050611935,1.0
430,1.1045368450091275,1.0
431,1.8888775942908755,1.0
432,2.1630758741447167,1.0
433,1.411265894327764,1.0
434,2.1347865024289177,1.0
435,1.4446479725415664,1.0
436,1.477896848007937,1.0
437,2.068214661545057,1.0
438,2.256594623347222,1.0
439,3.3693709195493264,1.0
440,2.809843659724699,1.0
441,0.28283057593905214,1.0
442,-0.9621887018249397,1.0
443,0.6765747274042683,1.0
444,0.14231913925035944,1.0
445,0.48616254260834274,1.0
446,-0.5111418767049869,1.0
447,0.6430821099868101,1.0
448,0.06532522815797664,1.0
449,1.5038358983201034,1.0
450,0.5204511079258949,1.0
451,1.482449172265822,1.0
452,1.7121105254069442,1.0
453,0.4760854623707099,1.0
454,1.4322561564066763,1.0
455,0.10094481900867536,1.0
456,-0.751805815598179,1.0
457,0.1954472211939673,1.0
458,-0.48852894663021085,1.0
459,-0.9358133298956572,1.0
460,-0.9989700401373525,1.0
461,-1.6994482179686625,1.0
462,-0.14461934290416623,1.0
463,0.5072811584519332,1.0
464,0.2857681142258704,1.0
465,0.09164561278456944,1.0
466,0.5143074417163775,1.0
467,2.125350309720536,1.0
468,2.3587150193366173,1.0
469,1.1426433792602313,1.0
470,1.5772695707310245,1.0
471,0.9853175274086277,1.0
472,0.4907240853823149,1.0
473,2.2099782349197454,1.0
474,1.1280468667656987,1.0
475,0.31044789160858316,1.0
476,-1.7347917631192242,1.0
477,-2.6166833796365934,1.0
478,-1.3805554270110167,1.0
479,-1.6613097000929509,1.0
480,-0.6475029882818244,1.0
481,-1.568123144163214,1.0
482,-1.8649960272459842,1.0
483,-0.6309265121161852,1.0
484,1.0192438219817483,1.0
485,1.3059434768112435,1.0
486,2.1119912754891215,1.0
487,3.1829880642147916,1.0
488,3.2681807981044493,1.0
489,1.3692865203730882,1.0
490,0.8531558517536195,1.0
491,1.2274047669124446,1.0
492,0.44433643555047575,1.0
493,0.762981542206556,1.0
494,-1.0450692058498763,1.0
495,-1.560176422951319,1.0
496,-0.5632437504807492,1.0
497,-2.631357136448995,1.0
498,-2.949662497798849,1.0
499,-2.082482066369336,1.0
500,-3.1771319210780584,1.0
501,-2.1668713486725486,1.0
502,-2.3163574347625437,1.0
503,-1.9130447998346134,1.0
504,-1.5981142132847617,1.0
505,-0.9293867517406755,1.0
506,-1.2143594608007755,1.0
507,-0.7603652152379526,1.0
508,-1.1334124513159503,1.0
509,-0.23731520584377985,1.0
510,1.527688469197435,1.0
511,1.2662517076884958,1.0
512,1.0562454507295187,1.0
513,-0.42463615565053914,1.0
514,0.39612091670500715,1.0
515,-0.4807826868627273,1.0
516,-1.1453950772760377,1.0
517,-0.24433710123519292,1.0
518,0.010002773493235806,1.0
519,1.1141773923943274,1.0
520,2.2228011031723383,1.0
521,1.0162792100181444,1.0
522,0.8397724371686454,1.0
523,2.348255889593374,1.0
524,2.610318372944419,1.0
525,2.5402719113643624,1.0
526,3.0843964030905022,1.0
527,1.5544745129989754,1.0
528,1.7247155685139135,1.0
529,2.6165542873237477,1.0
530,3.4525002867483705,1.0
531,1.6105653833416351,1.0
532,0.87572156070772,1.0
533,0.9957202662197678,1.0
534,0.40800684334402154,1.0
535,-0.10621144946723338,1.0
536,0.6096533135548896,1.0
537,0.07334733662140835,1.0
538,-1.73656975556473,1.0
539,-0.8537515130557425,1.0
540,-1.0221188497099472,1.0
541,-1.4470141765272964,1.0
542,-2.578648074225013,1.0
543,-0.7912311849858036,1.0
544,-2.780974461340077,1.0
545,-3.6460157276603495,1.0
546,-2.828057071923388,1.0
547,-0.7506843646956742,1.0
548,0.7842268503956815,1.0
549,-0.6060238396523874,1.0
550,-0.6018488837402222,1.0
551,-1.9317505937057242,1.0
552,-0.34101835181909834,1.0
553,-1.715275506793549,1.0
554,-1.343888599762722,1.0
555,0.09226175911584589,1.0
556,-0.15783079714881645,1.0
557,1.3596787858215686,1.0
558,0.08176692688424592,1.0
559,0.42642731836584585,1.0
560,1.1517813086798252,1.0
561,0.6665351856348052,1.0
562,1.8528888941906825,1.0
563,1.8451518106216707,1.0
564,-0.3458433255731723,1.0
565,3.716512376136743,1.0
566,3.2502023073863873,1.0
567,2.3824849089940607,1.0
568,0.2689266176293661,1.0
569,0.2700164511461727,1.0
570,-0.2709313150383663,1.0
571,0.45470174550346587,1.0
572,0.6899615130642914,1.0
573,2.335982544214383,1.0
574,1.7774391534763856,1.0
575,1.7577128874220174,1.0
576,1.6028558727068547,1.0
577,0.9735093078354046,1.0
578,0.49805631816475926,1.0
579,1.449639625383813,1.0
580,1.7947748731072986,1.0
581,0.6269008071213289,1.0
582,-0.67460553798806,1.0
583,-0.5396339015384963,1.0
584,0.7836962505974463,1.0
585,0.5210579891502344,1.0
586,2.1111756816331364,1.0
587,0.7027526900697606,1.0
588,0.6335674207146376,1.0
589,-2.0728066664655027,1.0
590,-2.046632547436142,1.0
591,-1.7417641018471615,1.0
592,-0.7082970968009238,1.0
593,1.2148538709104888,1.0
594,0.8853412990010822,1.0
595,2.073656490909575,1.0
596,2.113240620102685,1.0
597,2.4656206142839436,1.0
598,1.2597795731728325,1.0
599,2.2668370448696216,1.0
600,0.51382165269709,1.0
601,0.8548337680882796,1.0
602,-0.35367846304446326,1.0
603,-0.7657204765298791,1.0
604,-1.9974079382930214,1.0
605,-1.9145334654511372,1.0
606,-0.9890565293048307,1.0
607,-0.7611100335920199,1.0
608,-1.8805419647680774,1.0
609,0.15436048135371494,1.0
610,0.44527327525605903,1.0
611,1.3197567257550045,1.0
612,1.709056627663191,1.0
613,0.5314718723970203,1.0
614,-1.573016647934125,1.0
615,-2.0165360217855937,1.0
616,-0.18641936597668463,1.0
617,-1.1840396298839944,1.0
618,-0.012784056594735027,1.0
619,-0.6213558127451383,1.0
620,-0.041839824067613274,1.0
621,-1.853207729472523,1.0
622,-0.13017024463080196,1.0
623,-0.1307878713320435,1.0
624,0.7942742890334767,1.0
625,0.7458536517065294,1.0
626,1.3201613514935135,1.0
627,0.8221809067818594,1.0
628,1.3188831782611639,1.0
629,-0.5863544594412287,1.0
630,-1.4911588140543666,1.0
631,-0.3183371653565209,1.0
632,-0.2620142719590613,1.0
633,-0.41216416159155544,1.0
634,-0.4681272077654467,1.0
635,0.17403606390935278,1.0
636,-0.4715185095058721,1.0
637,0.1802446400911455,1.0
638,-0.7896206010048773,1.0
639,-0.9599864637233798,1.0
640,0.31296114711284506,1.0
641,1.2903252308248823,1.0
642,-0.19392669867794465,1.0
643,0.7028860581538161,1.0
644,-0.5471620813272318,1.0
645,0.35000977479001616,1.0
646,-1.6538052169662834,1.0
647,-2.274774344315511,1.0
648,-2.1013143188437193,1.0
649,-1.6374059780765629,1.0
650,0.27743024469539335,1.0
651,1.0982003452903022,1.0
652,2.3442081502755925,1.0
653,2.8475536032284827,1.0
654,1.7104239706250932,1.0
655,0.930969895118845,1.0
656,1.7206505487844541,1.0
657,1.2448268151719573,1.0
658,0.7143850981270521,1.0
659,-0.835133154326255,1.0
660,-0.6910533295839183,1.0
661,-3.274733737402589,1.0
662,-2.7484311713304974,1.0
663,-2.9037920715931484,1.0
664,-1.340080102575848,1.0
665,-1.416728428218755,1.0
666,-1.3207614490942094,1.0
667,0.42257245030455104,1.0
668,-0.7532670299554305,1.0
669,-0.2106280258121469,1.0
670,-2.042706565544969,1.0
671,-1.340165478436827,1.0
672,-0.5278500895089344,1.0
673,0.490375909140658,1.0
674,-0.5554200569201855,1.0
675,-0.06913709789953632,1.0
676,0.2697582311490139,1.0
677,0.16959912770667251,1.0
678,0.2687356681224745,1.0
679,0.6516492894173976,1.0
680,0.8540349274740295,1.0
681,-0.398186439856579,1.0
682,-1.474592018224087,1.0
683,1.473765872561812,1.0
684,2.951428397221356,1.0
685,0.6743060020009157,1.0
686,0.9222319434384865,1.0
687,1.2729994431600509,1.0
688,1.64243684537252,1.0
689,1.290101228208114,1.0
690,-0.02380107946294463,1.0
691,-0.1990811619871588,1.0
692,-0.6304819511818293,1.0
693,-0.306964249787526,1.0
694,-0.4832462789718448,1.0
695,-0.46994802156730964,1.0
696,0.6895888596707653,1.0
697,1.7132704017242604,1.0
698,0.01818610843515911,1.0
699,-0.44719982852996987,1.0
700,-1.1038398337461466,1.0
701,0.45103432833780666,1.0
702,0.2563561272879655,1.0
703,1.6284386932598114,1.0
704,0.662326230625147,1.0
705,0.489628355623261,1.0
706,-1.0059565978609595,1.0
707,0.5983659179835086,1.0
708,0.056244055011197225,1.0
709,-1.4457856128176163,1.0
710,-1.6045112141256008,1.0
711,-3.4280657876580585,1.0
712,-2.4314632240594323,1.0
713,-1.5895365144274065,1.0
714,-0.8245973930940339,1.0
715,0.9208900084112103,1.0
716,0.3436468519325087,1.0
717,1.0480087133580263,1.0
718,1.0458447883636182,1.0
719,0.5387697113805288,1.0
720,-1.6996632239571838,1.0
721,-0.2422630894243527,1.0
722,-0.6735581117393644,1.0
723,-0.45353478656672863,1.0
724,-1.5879351269821895,1.0
725,-0.828559055076531,1.0
726,-0.47196052124122634,1.0
727,-0.3009547458980928,1.0
728,-0.34546145142438855,1.0
729,0.8073952747554958,1.0
730,1.5313975549071885,1.0
731,1.7978951409558532,1.0
732,4.579605354839462,1.0
733,2.605498418010308,1.0
734,1.4443313770733357,1.0
735,-0.0037717269073360704,1.0
736,0.43334598746127456,1.0
737,-0.3841452018372822,1.0
738,-2.9672633829521446,1.0
739,-3.2904224938952056,1.0
740,-2.2310438465707594,1.0
741,-0.551943357651973,1.0
742,-1.9433019082214125,1.0
743,-1.9727534640393332,1.0
744,-1.5202792302784545,1.0
745,-1.7927329506196195,1.0
746,-0.7237492719775084,1.0
747,-0.5026236484088803,1.0
748,-0.03057063940238458,1.0
749,-0.7466143733270354,1.0
750,1.0139062666921739,1.0
751,0.7093593779261657,1.0
752,1.7901011852116242,1.0
753,0.8140731659818592,1.0
754,1.1598906803481315,1.0
755,0.13253969324645765,1.0
756,-0.8581314657782493,1.0
757,-1.3050423575682333,1.0
758,-0.9593963363675307,1.0
759,-0.8903108944249806,1.0
760,0.9159893835575764,1.0
761,-0.5075116611466424,1.0
762,-1.4455964952574645,1.0
763,0.6882705999653009,1.0
764,1.0905730788838195,1.0
765,-1.1180097119473862,1.0
766,-0.2853376997171931,1.0
767,0.037596309537561434,1.0
768,-2.1181266300521573,1.0
769,-1.8522510663739433,1.0
770,-1.3140306982979382,1.0
771,-0.18841897168349098,1.0
772,0.8226023863692438,1.0
773,0.6715684415686052,1.0
774,1.5035487123622608,1.0
775,0.9062108240422289,1.0
776,-0.22314924791021185,1.0
777,-1.0903863166850973,1.0
778,-0.220625127113252,1.0
779,-2.112606674578287,1.0
780,-0.8010171010849894,1.0
781,-1.6672850381513777,1.0
782,-1.5263236224167032,1.0
783,-0.5630446329387746,1.0
784,0.8238096577442051,1.0
785,-1.3640142039439498,1.0
786,-1.7609881547142217,1.0
787,-1.1836300159268522,1.0
788,-1.4246273457364587,1.0
789,-0.1356160406743171,1.0
790,-2.1813217939285483,1.0
791,-1.1651236151789368,1.0
792,-0.3896663541224398,1.0
793,-0.22368605074407732,1.0
794,0.9456564970644881,1.0
795,-0.5676147056012874,1.0
796,0.7112864640687739,1.0
797,-0.20501987806202693,1.0
798,0.5820366034353144,1.0
799,0.08322140291950897,1.0
800,0.8725981111925817,1.0
801,1.3912886075931814,1.0
802,-0.4901515482653648,1.0
803,-0.4975972775962839,1.0
804,-0.44075041285898486,1.0
805,-0.5464005544581219,1.0
806,-1.1381431532226505,1.0
807,1.0547376873176544,1.0
808,0.947413057697879,1.0
809,2.218205134721604,1.0
810,0.9835949407931522,1.0
811,-0.3732803027556416,1.0
812,-0.12904843300916452,1.0
813,-0.6535705072238718,1.0
814,1.9326466072768014,1.0
815,1.5982754742828806,1.0
816,2.2713919670086202,1.0
817,1.3657386047825357,1.0
818,0.6299557175876387,1.0
819,0.4100575847072111,1.0
820,0.6427575708710647,1.0
821,1.299517144704567,1.0
822,0.7875079861815135,1.0
823,-0.12959598369025804,1.0
824,-1.1585937650697358,1.0
825,-0.8876949982545468,1.0
826,-0.048423772821426514,1.0
827,0.4240504353347432,1.0
828,0.2790177556803812,1.0
829,-0.4048263702593462,1.0
830,-0.13661319579465284,1.0
831,0.4761756418087328,1.0
832,0.29650529274908555,1.0
833,0.3199221937165788,1.0
834,0.07344120995115355,1.0
835,0.9669081150283801,1.0
836,0.23863541318119746,1.0
837,0.3525804101933936,1.0
838,0.6412343171474881,1.0
839,1.1743865802568005,1.0
840,2.317955372064236,1.0
841,2.298022569649177,1.0
842,2.2078290342136824,1.0
843,0.07524323492826435,1.0
844,0.659074208753622,1.0
845,2.7550695584847134,1.0
846,1.0985377053716259,1.0
847,-0.25054345564557823,1.0
848,-0.3900342611779275,1.0
849,0.748224143274352,1.0
850,1.0485073925888702,1.0
851,0.256830968342877,1.0
852,0.14379149611282258,1.0
853,1.1376930290528837,1.0
854,1.4690048684584975,1.0
855,3.4571803774439274,1.0
856,3.4257129445219654,1.0
857,2.7515662771680045,1.0
858,2.5408226698450513,1.0
859,1.4295916779759832,1.0
860,0.022941173050221253,1.0
861,0.1880159533027457,1.0
862,0.6221722111215608,1.0
863,-0.9597624772802344,1.0
864,-1.1941901992318593,1.0
865,-1.2051890412912698,1.0
866,-0.5779899263896038,1.0
867,-0.6650590073381024,1.0
868,-0.020444594792099646,1.0
869,0.08380102986752148,1.0
870,1.1189882300640723,1.0
871,-0.9278758985796421,1.0
872,1.0076115090371762,1.0
873,2.1230020693253837,1.0
874,1.536418534674904,1.0
875,1.7258161885247787,1.0
876,1.81461973238064,1.0
877,0.532944184906516,1.0
878,0.5377259952837677,1.0
879,1.1545823757982039,1.0
880,1.118024421666231,1.0
881,1.8339378630151129,1.0
882,1.3787526141797402,1.0
883,1.045877818548838,1.0
884,-0.035689273040373615,1.0
885,-0.389520540834899,1.0
886,-0.7323820596224973,1.0
887,1.1928160760196942,1.0
888,1.075476805361148,1.0
889,-0.2465927376053758,1.0
890,0.22598347183767423,1.0
891,-0.03381526634467247,1.0
892,-3.0774350668675754,1.0
893,-1.6743521756534852,1.0
894,-2.724745306134275,1.0
895,-1.3288572940377503,1.0
896,-1.8914637048569352,1.0
897,-2.7823490537930082,1.0
898,-1.4533026866727268,1.0
899,-2.511505645945593,1.0
900,-2.204753155639035,1.0
901,-1.3389498140261615,1.0
902,-0.32503234669026004,1.0
903,0.5173618937574699,1.0
904,0.3258720370765267,1.0
905,-0.6042849217351205,1.0
906,1.5008159807563408,1.0
907,0.4445898659908407,1.0
908,2.114801887680086,1.0
909,1.0278363480920345,1.0
910,1.8807711370062314,1.0
911,2.386505334854495,1.0
912,0.6250194870212518,1.0
913,0.7927981479211057,1.0
914,1.3103507327356292,1.0
915,1.6182276344381845,1.0
916,0.9338218938228332,1.0
917,0.9556353710821281,1.0
918,0.27425507876193206,1.0
919,-0.9798348240877699,1.0
920,0.29812786007880165,1.0
921,-0.35099191986339573,1.0
922,1.13406384770184,1.0
923,1.396295594630898,1.0
924,0.08476024272874438,1.0
925,-0.1018661496311163,1.0
926,-0.35769122013695515,1.0
927,-1.1212715037478298,1.0
928,-0.2834604627301507,1.0
929,-0.67703639777229,1.0
930,1.1577660351901944,1.0
931,1.6713274656515655,1.0
932,0.2897401614145161,1.0
933,0.1838175914428447,1.0
934,-0.09808787815959269,1.0
935,-1.6331693685229114,1.0
936,-0.21196287919791879,1.0
937,0.8014347997727862,1.0
938,1.486505574543336,1.0
939,0.5835660445867976,1.0
940,1.4774822028296761,1.0
941,0.8244846065582191,1.0
942,1.5122870041818282,1.0
943,2.87112871804482,1.0
944,2.149899983936127,1.0
945,0.08578121161080188,1.0
946,-0.2568543484007849,1.0
947,0.46118782250295687,1.0
948,1.5427058547826913,1.0
949,-0.05389793704569423,1.0
950,-0.2282768535934379,1.0
951,0.07354532874471528,1.0
952,0.4864800543841418,1.0
953,1.2509596410719832,1.0
954,-0.07276790770340857,1.0
955,-0.4744158326179219,1.0
956,0.6758753947680329,1.0
957,0.8654476874619306,1.0
958,1.054194032005039,1.0
959,1.863259321067781,1.0
960,1.408334914456536,1.0
961,1.5138378621914115,1.0
962,0.7451226416167007,1.0
963,-0.8234241711366848,1.0
964,-1.8716548050767665,1.0
965,-1.2358378098711047,1.0
966,-1.0646471849059898,1.0
967,-1.3998561979591708,1.0
968,-0.6618850421522506,1.0
969,-1.3535910816148244,1.0
970,-0.836176490747407,1.0
971,-0.6048461018434581,1.0
972,-1.2633811859026678,1.0
973,-3.182572710669719,1.0
974,-0.771273510996026,1.0
975,-0.22325422199326056,1.0
976,-2.8204038946574213,1.0
977,-2.4007113438937173,1.0
978,-1.2867102094762832,1.0
979,-1.1288378373338543,1.0
980,-0.2098563735304687,1.0
981,-1.1201670467205682,1.0
982,-0.6089492034863291,1.0
983,-0.4797481351755867,1.0
984,-0.5188856815848841,1.0
985,-0.5842488788977545,1.0
986,-0.20921466003580053,1.0
987,0.7862711516630315,1.0
988,0.02027000596407047,1.0
989,-0.3930510198370815,1.0
990,-0.11457072214344546,1.0
991,-0.2003494811291608,1.0
992,0.2453576555539127,1.0
993,0.8900410946420818,1.0
994,1.9142176691003332,1.0
995,1.2235082200985692,1.0
996,-1.4208422425913674,1.0
997,-1.0642141092690862,1.0
998,-0.39107944960551994,1.0
999,-0.4607106312566135,1.0
1000,-0.4757336036467211,1.0
1001,-2.765522035199818,1.0
1002,-1.4278810880244932,1.0
1003,-1.3235490906371519,1.0
1004,-2.437560971356209,1.0
1005,-2.577714745544304,1.0
1006,-2.6692302633466,1.0
1007,-1.2597121020009174,1.0
1008,-0.3201603748772368,1.0
1009,1.2906381200681853,1.0
1010,1.5513714963606478,1.0
1011,-0.265689337865221,1.0
1012,-1.595191812977846,1.0
1013,0.014091085444638773,1.0
1014,1.5765499609073914,1.0
1015,0.8658368744898104,1.0
1016,1.1648888003279787,1.0
1017,-0.6894691235499273,1.0
1018,-2.4265501448167366,1.0
1019,-2.872608777914559,1.0
1020,-2.3680136701432075,1.0
1021,-2.178985954508283,1.0
1022,-1.7554042316070653,1.0
1023,-1.7197973948240557,1.0
1024,-0.5245570314271761,1.0
1025,1.0603570293283213,1.0
1026,0.7784473832902602,1.0
1027,2.5749106557436434,1.0
1028,1.1680327487197042,1.0
1029,0.29251953016485366,1.0
1030,0.5924983338583476,1.0
1031,0.05995007169016925,1.0
1032,1.2190173059597602,1.0
1033,0.21220429897394288,1.0
1034,1.4712369943904,1.0
1035,1.224040912367057,1.0
1036,3.4222814193737197,1.0
1037,1.9314820879133978,1.0
1038,1.149343553831916,1.0
1039,0.9501923049688289,1.0
1040,-1.5158933536037693,1.0
1041,-0.45886021998410087,1.0
1042,0.15964395927629815,1.0
1043,0.22106913539884399,1.0
1044,-1.3896473866075074,1.0
1045,-2.519314210593912,1.0
1046,-1.1769014288148938,1.0
1047,0.35134768738692945,1.0
1048,1.840408012993072,1.0
1049,0.39284408514523084,1.0
1050,-0.755807168157122,1.0
1051,-0.8010038173945357,1.0
1052,-2.536432814050012,1.0
1053,-2.364434145878753,1.0
1054,-0.8033142645998108,1.0
1055,1.0722825161495475,1.0
1056,1.0297532149393471,1.0
1057,2.361380899012812,1.0
1058,2.0638395673080394,1.0
1059,1.6360516122545474,1.0
1060,0.9737949411006498,1.0
1061,0.8685935045424502,1.0
1062,0.353162505935826,1.0
1063,0.10630300176491997,1.0
1064,-0.5874797337042286,1.0
1065,-0.15220391180095627,1.0
1066,-0.09209432324288293,1.0
1067,-1.5440460608861302,1.0
1068,-1.3215327443722773,1.0
1069,-1.7807443134550924,1.0
1070,-3.2947214781593397,1.0
1071,-1.8224213853702143,1.0
1072,0.28299328476323127,1.0
1073,2.5678254883991656,1.0
1074,3.359897371372379,1.0
1075,1.4811266073526044,1.0
1076,2.212033617854877,1.0
1077,2.6683225360545526,1.0
1078,-0.1200037561564351,1.0
1079,0.7772858860819457,1.0
1080,1.1712771556488875,1.0
1081,0.982702259261013,1.0
1082,0.9765082971595143,1.0
1083,0.7418631907557439,1.0
1084,2.151240082184049,1.0
1085,1.104079223696947,1.0
1086,0.5729160633665834,1.0
1087,0.4084302280627922,1.0
1088,0.5615652347940264,1.0
1089,-1.3701541366354129,1.0
1090,0.4288659139041764,1.0
1091,0.5264058965760801,1.0
1092,0.9376087234280347,1.0
1093,0.8536420981474148,1.0
1094,0.4111081974193061,1.0
1095,-0.06746577530344738,1.0
1096,0.04888809962710747,1.0
1097,0.18627401067240426,1.0
1098,1.2856535628888335,1.0
1099,1.2460152403068574,1.0
1100,0.7387219988487395,1.0
1101,2.5036705101365175,1.0
1102,0.47314320078204,1.0
1103,-1.0090089353560727,1.0
1104,-0.351704202636423,1.0
1105,-0.4585662273361164,1.0
1106,-2.0955923473601152,1.0
1107,-1.7791443045298927,1.0
1108,-1.9560567838517078,1.0
1109,-0.23811114827123347,1.0
1110,-0.7879295742201082,1.0
1111,0.49906394691319655,1.0
1112,0.8091264630494214,1.0
1113,0.3600576120897151,1.0
1114,0.2732121570509495,1.0
1115,0.6199072495695508,1.0
1116,-1.8741034389296138,1.0
1117,-0.9848039996813622,1.0
1118,-1.0684824105777921,1.0
1119,1.0499816789836571,1.0
1120,0.04371821852639768,1.0
1121,1.1731666729737,1.0
1122,-1.6937079533241879,1.0
1123,-0.3709705523426431,1.0
1124,0.016423367283424972,1.0
1125,-0.23552013378733788,1.0
1126,-0.28575340413747297,1.0
1127,-0.46058797351858227,1.0
1128,0.10059162812026828,1.0
1129,-0.0638344249461308,1.0
1130,-1.8324218058801336,1.0
1131,-1.468506120896422,1.0
1132,1.2067674529983903,1.0
1133,0.8915834219571744,1.0
1134,0.9148963418387276,1.0
1135,0.20237293179948584,1.0
1136,0.31571551842136863,1.0
1137,0.39894642085656873,1.0
1138,0.018060575143086344,1.0
1139,0.8759058015375752,1.0
1140,-0.30994389600802674,1.0
1141,-0.3471559354072943,1.0
1142,0.2620445975069916,1.0
1143,-0.08357296108702056,1.0
1144,-1.282380723336159,1.0
1145,-0.339402287767674,1.0
1146,-1.2197425594660407,1.0
1147,-1.3011279533796059,1.0
1148,-1.738937156553998,1.0
1149,-1.327984423628897,1.0
1150,-1.358975069753241,1.0
1151,-1.4258724159066767,1.0
1152,-0.31713176382062225,1.0
1153,1.540616666742212,1.0
1154,0.7209174527005353,1.0
1155,1.0272973909884968,1.0
1156,0.36369468319980613,1.0
1157,0.35352852427236053,1.0
1158,1.3752213119408818,1.0
1159,1.0129481573856658,1.0
1160,-0.10648364103478014,1.0
1161,-0.8044651610119855,1.0
1162,-1.1798720377695564,1.0
1163,-0.8392146477461864,1.0
1164,0.2705611986687506,1.0
1165,-1.1694040020338041,1.0
1166,-1.8558719707786473,1.0
1167,-2.223651591121101,1.0
1168,-3.3059615355139926,1.0
1169,-0.9882503913713128,1.0
1170,-0.7281539177240135,1.0
1171,1.3910715773170161,1.0
1172,-0.4505835710590904,1.0
1173,0.978773813517811,1.0
1174,-0.016506862701495928,1.0
1175,-0.4189244890654314,1.0
1176,-1.2822115994373395,1.0
1177,-1.8474119790937966,1.0
1178,-2.6169337965942114,1.0
1179,-1.6155206999954739,1.0
1180,-2.4450655225236537,1.0
1181,-1.9533477310894303,1.0
1182,-1.3765449560060008,1.0
1183,-0.29697078379809005,1.0
1184,-0.10748782625911545,1.0
1185,0.24608435508120674,1.0
1186,0.6866706091231669,1.0
1187,0.4634185611264996,1.0
1188,0.6877409113628148,1.0
1189,-0.49830155349100924,1.0
1190,-1.1242815221476286,1.0
1191,1.1105137416360105,1.0
1192,0.7656254047686496,1.0
1193,-0.17456289132890035,1.0
1194,1.2576858771407164,1.0
1195,0.723537503483733,1.0
1196,-0.1400147743453809,1.0
1197,-1.5470018905638117,1.0
1198,-0.3034094573424565,1.0
1199,-1.2986875273506113,1.0
1200,-1.4481138491654648,1.0
1201,-0.36957970647288996,1.0
1202,-0.07507222027290233,1.0
1203,-0.1389774280328397,1.0
1204,-0.3112719811845161,1.0
1205,0.9280369673051605,1.0
1206,2.8799000249152913,1.0
1207,1.4671691882883187,1.0
1208,1.595922522304539,1.0
1209,3.0459460709672945,1.0
1210,3.2112193046278357,1.0
1211,1.5610218874610955,1.0
1212,0.6620346941488177,1.0
1213,-0.134544256596066,1.0
1214,-1.0076243892720194,1.0
1215,-1.3292422251590756,1.0
1216,-0.6685940786710126,1.0
1217,-1.0550448602245126,1.0
1218,0.13766846049319925,1.0
1219,0.2196233859180324,1.0
1220,-0.24338931271351924,1.0
1221,0.7157174013075279,1.0
1222,0.81997400663573,1.0
1223,0.8388494304307816,1.0
1224,1.6272330558360273,1.0
1225,1.712328587610259,1.0
1226,1.0897315444891387,1.0
1227,1.7003669240101433,1.0
1228,1.4995746490117616,1.0
1229,3.967011017181341,1.0
1230,3.8755962130740587,1.0
1231,3.866129970526563,1.0
1232,3.9972843509970826,1.0
1233,2.877938656954244,1.0
1234,3.3274524713976987,1.0
1235,2.3525737575480465,1.0
1236,0.8156282270982299,1.0
1237,0.006953300558604214,1.0
1238,0.5328178647235622,1.0
1239,-1.1881473853521936,1.0
1240,-0.6233502482922837,1.0
1241,-1.164695259251971,1.0
1242,-0.09707029891452634,1.0
1243,-0.8141229198975156,1.0
1244,1.3024172183470655,1.0
1245,1.6795101818338085,1.0
1246,-0.09320183189013398,1.0
1247,1.6935180677607402,1.0
1248,0.9582101380721734,1.0
1249,-0.05672901306927969,1.0
1250,-1.0635096254746945,1.0
1251,-0.17669199817663328,1.0
1252,1.3808374679410282,1.0
1253,0.38815925502707427,1.0
1254,-0.7259093633191007,1.0
1255,-1.6478366423561541,1.0
1256,0.34291966171090627,1.0
1257,1.9107729849085588,1.0
1258,0.9890699493166932,1.0
1259,1.2300540519625724,1.0
1260,0.8581323860982593,1.0
1261,0.5400623679895391,1.0
1262,1.3420662898100957,1.0
1263,1.3804024035475104,1.0
1264,1.2957716492447344,1.0
1265,0.6144612191114058,1.0
1266,1.245723213088862,1.0
1267,0.5900003467512428,1.0
1268,0.46292273079372637,1.0
1269,0.5435234053310447,1.0
1270,-0.8206892715217187,1.0
1271,-0.8735774568263472,1.0
1272,-0.9241072334435148,1.0
1273,-0.5456719769121409,1.0
1274,-1.49378847461402,1.0
1275,-2.2322036331748225,1.0
1276,0.06091956007071064,1.0
1277,1.1990872984431442,1.0
1278,1.7284004656123035,1.0
1279,3.0346991125185996,1.0
1280,2.5438846163125794,1.0
1281,1.6896404964916256,1.0
1282,1.6649240959775977,1.0
1283,-0.7138401242658501,1.0
1284,-1.5977712324071263,1.0
1285,-0.3598027996635399,1.0
1286,-0.21924647660780142,1.0
1287,-1.4311088687066957,1.0
1288,-0.3432393365348916,1.0
1289,0.7586341134188568,1.0
1290,1.1989234407575349,1.0
1291,0.8089496290914623,1.0
1292,-0.26978473968836114,1.0
1293,-0.08125437961333776,1.0
1294,0.3700462630963478,1.0
1295,-0.09955641349786121,1.0
1296,0.533346420678196,1.0
1297,0.6877744282272081,1.0
1298,0.8145566502305446,1.0
1299,-1.4623501336602063,1.0
1300,0.05744789945894779,1.0
1301,1.7646052495731506,1.0
1302,0.8327560501315889,1.0
1303,-0.8939697460933687,1.0
1304,0.013150497154450602,1.0
1305,-0.4564543844257177,1.0
1306,-1.286530440106212,1.0
1307,0.31714494780100455,1.0
1308,-1.1613778890254607,1.0
1309,-0.09553590028076508,1.0
1310,-1.314609251102356,1.0
1311,0.5420415070038248,1.0
1312,0.8959815209450486,1.0
1313,0.369792068154704,1.0
1314,0.4082244058231801,1.0
1315,0.8678444715595685,1.0
1316,1.4373855075228095,1.0
1317,1.8339612835581982,1.0
1318,1.8305031644071645,1.0
1319,0.8039705528523542,1.0
1320,1.2268589345240208,1.0
1321,-0.4525231278426788,1.0
1322,0.6873269151116158,1.0
1323,1.3541346778936623,1.0
1324,2.3419753170259936,1.0
1325,1.0506031147496748,1.0
1326,0.921633878794376,1.0
1327,1.503429716038271,1.0
1328,1.3702586803290455,1.0
1329,0.532513792191879,1.0
1330,0.6800907215813734,1.0
1331,0.5440955397753737,1.0
1332,1.3765708192532662,1.0
1333,0.3351370207224956,1.0
1334,0.5740837200747344,1.0
1335,0.6947897297328851,1.0
1336,1.2436809351100824,1.0
1337,0.7976844093651816,1.0
1338,0.6856937221277155,1.0
1339,0.4090359305885424,1.0
1340,0.3203910139658314,1.0
1341,0.2326328725335649,1.0
1342,-0.16390154060826181,1.0
1343,2.712568715633867,1.0
1344,1.0548866130059036,1.0
1345,-0.43498927722796177,1.0
1346,-1.1001191068486982,1.0
1347,-1.4801359237871412,1.0
1348,-1.0246585754955826,1.0
1349,0.7136717949957292,1.0
1350,2.1879540394920163,1.0
1351,1.768892191607605,1.0
1352,-1.259988180134339,1.0
1353,-0.4976323730193785,1.0
1354,-1.6589972267389588,1.0
1355,-1.6619996339047787,1.0
1356,-2.313122531874487,1.0
1357,-1.1935631927011037,1.0
1358,-1.4621016794878245,1.0
1359,-0.25135149820077796,1.0
1360,0.30135634765133956,1.0
1361,-0.02912012339685316,1.0
1362,0.06017628422429089,1.0
1363,0.9595431653592441,1.0
1364,0.2995482998753484,1.0
1365,1.1253026954059773,1.0
1366,0.7683958800966039,1.0
1367,0.807274568872484,1.0
1368,1.3643330693462588,1.0
1369,2.2865656721213092,1.0
1370,2.121408169362655,1.0
1371,1.5433576025168554,1.0
1372,1.8010362565239677,1.0
1373,-0.2847222578530164,1.0
1374,1.4396560226568487,1.0
1375,-0.3177320498351919,1.0
1376,0.6812969983333219,1.0
1377,-0.08725603171205742,1.0
1378,0.4461723623409325,1.0
1379,0.1957532295819071,1.0
1380,0.4406170197761117,1.0
1381,-0.4923551257234887,1.0
1382,-2.5052765923061098,1.0
1383,-1.3470379652657387,1.0
1384,-1.5434309143102989,1.0
1385,-1.7290374076187862,1.0
1386,-1.9356493221151991,1.0
1387,0.6294567234044823,1.0
1388,-0.14157273174319523,1.0
1389,0.22771206689881845,1.0
1390,-1.0010447470402641,1.0
1391,0.8223653909997997,1.0
1392,0.019387805083592502,1.0
1393,-2.58707034555458,1.0
1394,0.9010006320069497,1.0
1395,-0.46744819015235395,1.0
1396,0.9817186011748531,1.0
1397,1.420275581364843,1.0
1398,1.6463725427704183,1.0
1399,0.9209759495684635,1.0
1400,0.8338819165230229,1.0
1401,1.8076533504830135,1.0
1402,0.9644266291387098,1.0
1403,0.9264082724833742,1.0
1404,1.576776005663429,1.0
1405,1.1871320412003095,1.0
1406,0.40600923374175885,1.0
1407,1.7358853719371654,1.0
1408,1.5568083592289026,1.0
1409,0.9645931868732032,1.0
1410,-0.10067959316062447,1.0
1411,-1.076072937168411,1.0
1412,0.14053304936315336,1.0
1413,1.0476412207875883,1.0
1414,-1.4373622045257584,1.0
1415,-1.6216451825937859,1.0
1416,-0.1702634909460241,1.0
1417,2.305122175602298,1.0
1418,3.7639393305145035,1.0
1419,3.5766237066022777,1.0
1420,3.8769690497477054,1.0
1421,2.186458877856393,1.0
1422,2.3050557380284546,1.0
1423,0.3763743156885393,1.0
1424,-0.2984143252868815,1.0
1425,0.11208105556794845,1.0
1426,2.2463938089477202,1.0
1427,2.3204389956012363,1.0
1428,1.8981343875874341,1.0
1429,1.1586105086253553,1.0
1430,-0.511415615304501,1.0
1431,0.2448720715741936,1.0
1432,-0.17768324648129624,1.0
1433,0.11466643309353775,1.0
1434,-0.8090644108090388,1.0
1435,-0.44509013386274865,1.0
1436,-1.848591960643486,1.0
1437,-0.7901081532607375,1.0
1438,0.7666502046894091,1.0
1439,1.4506059581617028,1.0
1440,3.1292479298326357,1.0
1441,2.5150270668119186,1.0
1442,2.265882388280897,1.0
1443,2.100982509652472,1.0
1444,0.5909579551445054,1.0
1445,2.566904037864106,1.0
1446,2.7854109109134733,1.0
1447,1.7069612161652479,1.0
1448,0.2920411088118916,1.0
1449,0.78593805940978,1.0
1450,1.4077041951772404,1.0
1451,1.1232778045338958,1.0
1452,0.9723689802870804,1.0
1453,0.49254145276998956,1.0
1454,0.34203162121101927,1.0
1455,1.5745634625663447,1.0
1456,2.502812309601131,1.0
1457,0.25179173322599957,1.0
1458,0.3151330877943707,1.0
1459,-0.9835081882136432,1.0
1460,-2.0241511834481583,1.0
1461,-0.8309530418942042,1.0
1462,-1.423236467302432,1.0
1463,-4.149622977302751,1.0
1464,-2.259583430983347,1.0
1465,-0.29956657159902256,1.0
1466,1.8290805394592446,1.0
1467,0.8840630857788283,1.0
1468,2.0642894680580763,1.0
1469,-1.176009008167345,1.0
1470,-1.8666059126208276,1.0
1471,-0.7876547674262334,1.0
1472,-0.07982406911107848,1.0
1473,1.264541064354065,1.0
1474,1.8418682346799078,1.0
1475,1.2077377446242357,1.0
1476,2.374664284638399,1.0
1477,2.348747639378525,1.0
1478,3.3612120806212906,1.0
1479,1.5485714637116896,1.0
1480,1.384253700918371,1.0
1481,0.5393819167425344,1.0
1482,1.1834806490583643,1.0
1483,0.6088842872466893,1.0
1484,0.17436680382259923,1.0
1485,-1.2044328851009682,1.0
1486,-0.5348988857342785,1.0
1487,0.741060154080813,1.0
1488,1.5269377187668316,1.0
1489,-1.9471755820725165,1.0
1490,-2.982668601271417,1.0
1491,-0.08272749534340029,1.0
1492,-0.24553559585160634,1.0
1493,-0.3208161462405997,1.0
1494,0.9407641387707877,1.0
1495,0.855180192106456,1.0
1496,-0.0339640079150505,1.0
1497,-0.2336217540674539,1.0
1498,1.733625459538663,1.0
1499,-0.16785333144480585,1.0
1500,1.1837275057177972,1.0
1501,0.5162171388110215,1.0
1502,0.09012328204745362,1.0
1503,1.9259993872066892,1.0
1504,0.7053259761250503,1.0
1505,1.3287865486486834,1.0
1506,0.5670971332593864,1.0
1507,-1.0350990328673373,1.0
1508,-0.8905891927018004,1.0
1509,0.5455139394366113,1.0
1510,0.19596757998338254,1.0
1511,0.686599132968546,1.0
1512,0.6691727083581448,1.0
1513,0.5152522538481425,1.0
1514,-0.056821245040464596,1.0
1515,0.09200742898919825,1.0
1516,-1.9684882517073599,1.0
1517,-1.8262634318201059,1.0
1518,-3.082328027589976,1.0
1519,-1.8879307725032126,1.0
1520,-0.9668910543563287,1.0
1521,-1.472888987544759,1.0
1522,-0.22971468282389929,1.0
1523,0.23503027315941835,1.0
1524,0.4580932784598497,1.0
1525,-0.040738565613244904,1.0
1526,0.4442760077554686,1.0
1527,1.3652002410645951,1.0
1528,0.2951969779850627,1.0
1529,-0.6102065412706463,1.0
1530,0.7618661781689378,1.0
1531,-1.7851221529691497,1.0
1532,-3.8668756014663397,1.0
1533,-4.521540008593701,1.0
1534,-2.9833369761860604,1.0
1535,-1.9359616760113376,1.0
1536,-0.8586681348496572,1.0
1537,-0.5250904039720381,1.0
1538,1.1698165249505708,1.0
1539,2.3946550133275633,1.0
1540,2.8352691481922503,1.0
1541,0.8288881322470398,1.0
1542,0.9437995785633719,1.0
1543,-0.20554297570658175,1.0
1544,-0.6445904485881337,1.0
1545,-1.4745755154985412,1.0
1546,-1.0214904342212472,1.0
1547,-0.17091922036731988,1.0
1548,-0.0409514044164378,1.0
1549,-1.2220346734544338,1.0
1550,-2.3814594594007064,1.0
1551,-2.429106426825626,1.0
1552,-2.478012856153885,1.0
1553,-0.9503358322006347,1.0
1554,-0.9845159412887634,1.0
1555,-0.8778274978072529,1.0
1556,-0.7714143154479016,1.0
1557,0.5568581270426105,1.0
1558,2.0259158110897797,1.0
1559,1.845199604937025,1.0
1560,1.043333890268994,1.0
1561,2.132835249473936,1.0
1562,1.931226067649288,1.0
1563,0.9307613622886878,1.0
1564,1.6621066648996212,1.0
1565,1.370704611441235,1.0
1566,-0.47453750094322,1.0
1567,0.2947300553100422,1.0
1568,0.5061362404923201,1.0
1569,-1.5023460538794424,1.0
1570,-3.2026853929195673,1.0
1571,-2.105578769673425,1.0
1572,-0.7905488841921281,1.0
1573,0.05519583119320659,1.0
1574,-1.3223426920693113,1.0
1575,-1.2726498335601033,1.0
1576,-0.22426496446348365,1.0
1577,-1.69273768391633,1.0
1578,-1.0996333965622846,1.0
1579,-0.5564141081959447,1.0
1580,0.5342660933268037,1.0
1581,-2.0799056650025047,1.0
1582,-1.310946638500647,1.0
1583,1.1004592053899107,1.0
1584,0.14911410498186273,1.0
1585,-0.2118594541449164,1.0
1586,0.8056906123169065,1.0
1587,-0.19915917246084214,1.0
1588,1.0175434638754357,1.0
1589,1.2528135859574168,1.0
1590,-0.697103914963542,1.0
1591,-0.3873793227947536,1.0
1592,-1.7301474849433054,1.0
1593,-0.2585554210288187,1.0
1594,-1.8616632674914848,1.0
1595,-3.1149180019631775,1.0
1596,-3.3177470126483364,1.0
1597,-3.125495575007313,1.0
1598,-0.8729061149870925,1.0
1599,-0.6292918156650117,1.0
1600,-0.149499728595117,1.0
1601,0.9702499385285214,1.0
1602,-0.018634943156765504,1.0
1603,-0.5913701772295211,1.0
1604,-1.2614116619103768,1.0
1605,-0.09808351594989073,1.0
1606,1.564617748414114,1.0
1607,1.353974918202144,1.0
1608,0.32450244902998404,1.0
1609,-0.29320931281570606,1.0
1610,-1.3175608091774023,1.0
1611,-0.19114719686561832,1.0
1612,-1.1967318001782836,1.0
1613,-1.0923453255904008,1.0
1614,-1.9336030727125135,1.0
1615,-3.2529852505202097,1.0
1616,-4.817045078669821,1.0
1617,-4.261893065389911,1.0
1618,-2.7652466479867686,1.0
1619,-2.2534882199055195,1.0
1620,-1.801016641389084,1.0
1621,-2.3320915293590594,1.0
1622,-2.564145632710978,1.0
1623,-2.8626042857920395,1.0
1624,-1.792589338894388,1.0
1625,0.7928422999174864,1.0
1626,0.4186171001857416,1.0
1627,-1.0762484350833055,1.0
1628,0.5192494267361804,1.0
1629,-0.6350918160738788,1.0
1630,0.11296837012560584,1.0
1631,-0.363577550582229,1.0
1632,-0.1734210796096344,1.0
1633,3.3112686760688153,1.0
1634,1.5703618046685701,1.0
1635,0.512572823570543,1.0
1636,0.7340364276019561,1.0
1637,0.49187873549009675,1.0
1638,-0.06175578635242068,1.0
1639,-0.7316365936152871,1.0
1640,0.07834825066960449,1.0
1641,1.1322203430951048,1.0
1642,-0.15952983148224698,1.0
1643,-1.2481039833552685,1.0
1644,0.956233449698469,1.0
1645,-0.7557927574734515,1.0
1646,0.18627851887335733,1.0
1647,0.569522336430152,1.0
1648,-0.7043039134232654,1.0
1649,0.2664808535988084,1.0
1650,-0.9166797487539203,1.0
1651,-1.731226922590786,1.0
1652,-2.6014090842840663,1.0
1653,-0.9867031537470887,1.0
1654,-1.140038055175355,1.0
1655,0.2872246817471952,1.0
1656,-0.6090827534206724,1.0
1657,0.1883046587308852,1.0
1658,1.5392238557695075,1.0
1659,0.9914431859455177,1.0
1660,-0.4314425160883363,1.0
1661,-0.6445807035742142,1.0
1662,0.8055309783793825,1.0
1663,1.3029655211081912,1.0
1664,0.5260877712469887,1.0
1665,-1.376110934681,1.0
1666,-0.24774086921998162,1.0
1667,1.4574876456263874,1.0
1668,2.6688354289895555,1.0
1669,2.3009749999272273,1.0
1670,1.4196533285494513,1.0
1671,0.2076360597444482,1.0
1672,-0.4272565754895198,1.0
1673,-1.948829906857336,1.0
1674,0.770370624112529,1.0
1675,0.5122950475957403,1.0
1676,2.743011671784895,1.0
1677,1.845610754876239,1.0
1678,-0.3263904031966083,1.0
1679,1.6330918200398636,1.0
1680,0.2833372501603989,1.0
1681,-0.2395721359032089,1.0
1682,1.4808505948633612,1.0
1683,2.495368627170625,1.0
1684,-0.27944837681442225,1.0
1685,-0.19455909382826875,1.0
1686,-1.225726370781265,1.0
1687,-0.3188702374763249,1.0
1688,1.5889679253615894,1.0
1689,0.5947877252911374,1.0
1690,1.90957420835785,1.0
1691,0.4080576704711425,1.0
1692,2.457910885151257,1.0
1693,0.8948837286753476,1.0
1694,0.16308064223641205,1.0
1695,0.4111138173227981,1.0
1696,-1.1128147745426922,1.0
1697,0.7706385110313781,1.0
1698,-0.5305699464071456,1.0
1699,0.24255260159482006,1.0
1700,-1.1193432183585466,1.0
1701,-0.6737573067386313,1.0
1702,-0.4821562901380567,1.0
1703,-0.7257503100858462,1.0
1704,-0.018806023303599817,1.0
1705,-1.12999647354877,1.0
1706,0.7308682351833581,1.0
1707,0.7140551215423295,1.0
1708,-2.291605452842202,1.0
1709,0.4014377588984397,1.0
1710,0.733720053465271,1.0
1711,2.0671692589877964,1.0
1712,1.2700819240660854,1.0
1713,-1.373557979499344,1.0
1714,-1.3812084555623791,1.0
1715,-2.1929158801333815,1.0
1716,-1.5735235783781467,1.0
1717,-1.584193367230251,1.0
1718,-0.8999230769911395,1.0
1719,-2.3943542345245152,1.0
1720,-1.6222655597400808,1.0
1721,-1.5951677249904246,1.0
1722,-0.4831085367147038,1.0
1723,-2.0304785245506776,1.0
1724,-1.8464059429410606,1.0
1725,0.36591517974918375,1.0
1726,-0.9249222719133687,1.0
1727,0.09060809501994505,1.0
1728,1.3939317817088184,1.0
1729,0.9656624788396447,1.0
1730,1.6644743774068913,1.0
1731,2.2065716985619668,1.0
1732,3.1143556989055705,1.0
1733,1.8122167878680122,1.0
1734,1.1562526681202687,1.0
1735,1.6134997187046616,1.0
1736,0.3838057534230289,1.0
1737,0.3167147340625841,1.0
1738,-0.47687034820604535,1.0
1739,-2.662850366171237,1.0
1740,-1.5290801125528066,1.0
1741,0.6320739681209773,1.0
1742,0.0703870966747242,1.0
1743,0.1335683585825977,1.0
1744,-0.3596071003701152,1.0
1745,-0.9926883128654393,1.0
1746,-0.5587773551203336,1.0
1747,0.6817869494125601,1.0
1748,2.69309420043671,1.0
1749,2.711642497374132,1.0
1750,0.9367859456004382,1.0
1751,-0.7712654667913202,1.0
1752,0.7669447590135239,1.0
1753,0.8535763228481408,1.0
1754,-0.012959817448718991,1.0
1755,-1.0652440086199118,1.0
1756,-1.553393172729002,1.0
1757,0.14604968838896148,1.0
1758,0.07987540984942447,1.0
1759,-1.344557190229803,1.0
1760,-0.06861104342913682,1.0
1761,0.2620748657313046,1.0
1762,-0.107679764782425,1.0
1763,0.5323394131245918,1.0
1764,-0.4550463680857887,1.0
1765,0.6453721397819066,1.0
1766,-0.9731004038070319,1.0
1767,-1.5846130090244182,1.0
1768,-2.4861121473229644,1.0
1769,-2.1568375629999763,1.0
1770,-2.267237327503142,1.0
1771,-1.9497120480196242,1.0
1772,-1.3600306018374244,1.0
1773,-0.39776888137743593,1.0
1774,-0.1319061441991314,1.0
1775,0.1595254023141114,1.0
1776,1.7159917247362189,1.0
1777,0.934703646409262,1.0
1778,-0.804043386877481,1.0
1779,0.3885514416657092,1.0
1780,2.107855554705925,1.0
1781,1.662787582433804,1.0
1782,2.0034855304898773,1.0
1783,0.7468231841965679,1.0
1784,0.7084515826964826,1.0
1785,1.132941426682396,1.0
1786,1.1716345754735058,1.0
1787,0.2804465500182689,1.0
1788,1.8269423771518245,1.0
1789,1.4516757481099358,1.0
1790,1.9463712292173416,1.0
1791,1.7682388470806887,1.0
1792,2.111441415623487,1.0
1793,2.4112622875224377,1.0
1794,1.471728451866175,1.0
1795,1.8638887291688477,1.0
1796,3.46517783727747,1.0
1797,4.4246164999913375,1.0
1798,3.8612729700420467,1.0
1799,4.390146302184634,1.0
1800,1.765131067865557,1.0
1801,2.707988054234458,1.0
1802,1.9704677358527876,1.0
1803,-0.40760798868283055,1.0
1804,-0.12011500554872731,1.0
1805,0.8922157941971584,1.0
1806,-0.07147661535814431,1.0
1807,1.8870979498736096,1.0
1808,2.670196243174237,1.0
1809,0.5940235055518026,1.0
1810,1.4249067165584122,1.0
1811,1.1094073890874165,1.0
1812,0.22490492855018018,1.0
1813,-0.15919819260033388,1.0
1814,-0.5564337375361501,1.0
1815,-1.605774638857444,1.0
1816,-1.5723653539227929,1.0
1817,-0.4079668361114407,1.0
1818,1.1403652422195423,1.0
1819,2.2565940063061722,1.0
1820,1.0062550751571924,1.0
1821,0.5871308754804756,1.0
1822,-0.44837970408154304,1.0
1823,0.7161366957096307,1.0
1824,-1.1468572316108614,1.0
1825,-2.1660766191727396,1.0
1826,-2.152100332004627,1.0
1827,-1.2549967879320367,1.0
1828,-1.19964573160572,1.0
1829,-0.8066881063945437,1.0
1830,-0.5171470523110799,1.0
1831,-0.1287232095617141,1.0
1832,-1.1245692278931485,1.0
1833,-1.1265582301064756,1.0
1834,-0.21097842530282018,1.0
1835,0.1325442580036929,1.0
1836,1.1860876136199154,1.0
1837,0.08403705412065166,1.0
1838,0.9650873513030601,1.0
1839,2.1421858861848566,1.0
1840,1.356939828499754,1.0
1841,1.2157880243180794,1.0
1842,1.0762410513223064,1.0
1843,1.2890393252954335,1.0
1844,1.2902486426071214,1.0
1845,2.3726617576313807,1.0
1846,2.1742281659551472,1.0
1847,2.386461419691164,1.0
1848,2.0020497242845225,1.0
1849,0.3596645249778774,1.0
1850,0.6851255195890035,1.0
1851,0.24963184106641462,1.0
1852,-0.46034513040070635,1.0
1853,-1.2166122350893867,1.0
1854,-0.9220256451372482,1.0
1855,-1.2528820535288356,1.0
1856,1.1626548282364397,1.0
1857,2.4106302777871598,1.0
1858,1.4205108988012674,1.0
1859,1.7035148010339383,1.0
1860,2.349422857781988,1.0
1861,1.4717566285519184,1.0
1862,2.8784630079542444,1.0
1863,2.937034473708532,1.0
1864,1.9542150178348239,1.0
1865,-0.43134861706700955,1.0
1866,-1.2678992401793976,1.0
1867,-0.5688369253451131,1.0
1868,-0.8364497967624108,1.0
1869,-0.606268119332111,1.0
1870,-1.2117012255007897,1.0
1871,-0.6012681267117959,1.0
1872,-0.8791897267030118,1.0
1873,-2.168138683463859,1.0
1874,-1.859340329723411,1.0
1875,-1.873564118019482,1.0
1876,-2.863152521805455,1.0
1877,-0.5810295789380513,1.0
1878,-0.4827716714116657,1.0
1879,-0.6648062487037114,1.0
1880,0.285010437399899,1.0
1881,0.11691206721825367,1.0
1882,0.8491320735401945,1.0
1883,-0.8862621678021311,1.0
1884,-1.6570393850232943,1.0
1885,-0.6146999785314609,1.0
1886,1.061607375923235,1.0
1887,0.7731366893179401,1.0
1888,0.7576299468718246,1.0
1889,-0.2931029413830818,1.0
1890,-0.2351079358034071,1.0
1891,-0.8735122687029608,1.0
1892,-0.7716967038817616,1.0
1893,0.18209243091748295,1.0
1894,-1.8712992425310966,1.0
1895,-1.0968837433769112,1.0
1896,-1.57236020571728,1.0
1897,-1.7472343593834818,1.0
1898,-0.08489128228735976,1.0
1899,0.23601576705748753,1.0
1900,1.0988406651491271,1.0
1901,-0.9945862501469015,1.0
1902,-1.106427194374497,1.0
1903,-1.2281661607851475,1.0
1904,-1.4491459838007106,1.0
1905,-0.5741676842802733,1.0
1906,0.4940041021747622,1.0
1907,-0.7609759983591202,1.0
1908,-1.4953457632313787,1.0
1909,-2.2986994666692917,1.0
1910,-0.4614829520617325,1.0
1911,-0.8377729885115339,1.0
1912,-0.6878218731587892,1.0
1913,-0.8136859906215717,1.0
1914,-1.5332367783361378,1.0
1915,-0.7000047711848516,1.0
1916,-0.1069764700721903,1.0
1917,0.8664420554990057,1.0
1918,0.3810893564912258,1.0
1919,-0.030324871680029286,1.0
1920,-0.6067491569537334,1.0
1921,1.0634171569054627,1.0
1922,1.7519589952319499,1.0
1923,1.185986088778749,1.0
1924,1.4791638681651744,1.0
1925,0.44957096034200705,1.0
1926,2.369174434224713,1.0
1927,1.0668558536905728,1.0
1928,0.36711014213315407,1.0
1929,-0.11405441840159936,1.0
1930,1.6213968724619567,1.0
1931,1.282580246710177,1.0
1932,1.9822247361300036,1.0
1933,1.2774603569723406,1.0
1934,-0.3187527212959974,1.0
1935,0.5523532689648218,1.0
1936,-0.2398092580546744,1.0
1937,-1.4863889920428197,1.0
1938,-1.4565478385901567,1.0
1939,-0.38792638602223517,1.0
1940,1.4927365885969939,1.0
1941,-0.3425623224770389,1.0
1942,-2.4388516167027263,1.0
1943,-0.7770391343002087,1.0
1944,-0.24387613506080807,1.0
1945,-0.7341862051160525,1.0
1946,-0.09556842694763812,1.0
1947,0.6625451749176399,1.0
1948,2.375850368979444,1.0
1949,1.5327533260036048,1.0
1950,2.3527274998331658,1.0
1951,1.1951533082881276,1.0
1952,0.3269385751879421,1.0
1953,0.6526304328260643,1.0
1954,-0.6581262012172571,1.0
1955,-1.762647366868043,1.0
1956,-0.27066005966720785,1.0
1957,-2.152537109715645,1.0
1958,-1.3934277216276607,1.0
1959,-1.30014166918033,1.0
1960,-1.2831193607412872,1.0
1961,-2.230488846035329,1.0
1962,-3.5972446272317207,1.0
1963,-3.1789797151222774,1.0
1964,-3.3905038026156307,1.0
1965,-2.7987716866359023,1.0
1966,-1.8711040845202516,1.0
1967,-2.051533090666715,1.0
1968,-2.5085984654576587,1.0
1969,-1.4659775614648565,1.0
1970,-1.7880189836038478,1.0
1971,-2.2111451114176286,1.0
1972,-1.8469548488531895,1.0
1973,-1.0073769580354093,1.0
1974,1.4035845593738399,1.0
1975,2.5960707426539744,1.0
1976,0.5538685787913347,1.0
1977,-0.936541212026384,1.0
1978,-0.5908614762309161,1.0
1979,0.14339590681085757,1.0
1980,-0.03132842780669079,1.0
1981,2.150402896790742,1.0
1982,2.682352247973763,1.0
1983,3.517703941230706,1.0
1984,2.044522141079588,1.0
1985,0.5342859123395938,1.0
1986,-0.6962881529583642,1.0
1987,-0.6011832713846041,1.0
1988,-1.6791782072522063,1.0
1989,-1.8092167987732304,1.0
1990,-1.6972214985335297,1.0
1991,-0.24377031977418173,1.0
1992,-0.6435147828714799,1.0
1993,-1.8575244585075579,1.0
1994,-1.7477403936849272,1.0
1995,-1.0348353632017424,1.0
1996,-0.163466695827873,1.0
1997,-1.0360857415933054,1.0
1998,-0.07788490326390751,1.0
1999,1.3323061616563088,1.0
2000,1.4221309313012032,1.0
2001,1.2342875094337926,1.0
2002,0.4158894505101393,1.0
2003,-0.3196723874913153,1.0
2004,-2.253715740429209,1.0
2005,-0.9696544322113113,1.0
2006,-1.0328669861076079,1.0
2007,-0.5704254001538301,1.0
2008,0.10197706893315811,1.0
2009,-0.7150188224421518,1.0
2010,0.5164825099630636,1.0
2011,0.47464833884817326,1.0
2012,1.8292490848549945,1.0
2013,1.449412027254768,1.0
2014,1.33321311439834,1.0
2015,0.6598720416832187,1.0
2016,1.938324422022949,1.0
2017,-0.7466656863857628,1.0
2018,-1.0554979415905872,1.0
2019,-1.043902553061456,1.0
2020,-2.261152522248302,1.0
2021,-2.3775094173327185,1.0
2022,-3.8363793025979174,1.0
2023,-2.4950782745439057,1.0
2024,-3.1517823362570034,1.0
2025,-1.8363871616595424,1.0
2026,-1.5472527091229946,1.0
2027,-1.9157904091708833,1.0
2028,-2.8948358964167697,1.0
2029,-2.7092329719434782,1.0
2030,-1.585839260144964,1.0
2031,-1.2355346759680463,1.0
2032,-0.19863047389153565,1.0
2033,-0.927371600246563,1.0
2034,0.9568334013928841,1.0
2035,0.4318299646104906,1.0
2036,-0.5429144538368985,1.0
2037,0.9301191137056319,1.0
2038,2.008649857556907,1.0
2039,1.3158855832004024,1.0
2040,0.43681779157376777,1.0
2041,1.2158470930372725,1.0
2042,-0.043044003037302936,1.0
2043,0.9050607396666898,1.0
2044,-0.7536380021941064,1.0
2045,-0.6109398744392488,1.0
2046,-0.4159024049142567,1.0
2047,0.916967777700569,1.0
2048,-1.1873421893594984,1.0
2049,-0.5967028105837722,1.0
2050,-0.5384024341846536,1.0
2051,-0.3739734167711691,1.0
2052,-1.145886937541613,1.0
2053,-2.104015686769735,1.0
2054,-1.9359480424894864,1.0
2055,-1.5968274144129027,1.0
2056,0.3574042882197923,1.0
2057,0.36156464528530513,1.0
2058,0.24881899702894938,1.0
2059,0.8725195905346568,1.0
2060,-1.0010909275335305,1.0
2061,0.021802797877556124,1.0
2062,0.9306380998217646,1.0
2063,1.5585905374298528,1.0
2064,0.758019313920919,1.0
2065,-0.7046364761857076,1.0
2066,-1.4781740389245965,1.0
2067,-0.7872679583004992,1.0
2068,-0.014322725573048145,1.0
2069,1.2665238676129635,1.0
2070,2.4080007523435727,1.0
2071,2.556848807529781,1.0
2072,1.8237229636622492,1.0
2073,1.5415260312737757,1.0
2074,0.8437558521368612,1.0
2075,1.6454975486672923,1.0
2076,1.7461198334032426,1.0
2077,1.4381435557428761,1.0
2078,-0.24890004901985452,1.0
2079,0.8724313506439015,1.0
2080,-0.9161844201729822,1.0
2081,0.5904530932594548,1.0
2082,1.397946669258353,1.0
2083,-0.6085061516053762,1.0
2084,-0.47441864216663354,1.0
2085,-1.5734873094453494,1.0
2086,-1.2460604364845134,1.0
2087,-0.31707233202006146,1.0
2088,-0.3585887321208212,1.0
2089,-1.6148801371050103,1.0
2090,-0.8695888187842364,1.0
2091,-0.349224466582544,1.0
2092,-0.27169193716827617,1.0
2093,-1.2353233308106037,1.0
2094,-1.2145079935987186,1.0
2095,-0.5816284271007284,1.0
2096,-0.5621897202721733,1.0
2097,1.719089315115815,1.0
2098,1.4594419580330351,1.0
2099,0.8148480365647548,1.0
2100,1.052991577119486,1.0
2101,-0.36833824924408864,1.0
2102,0.16291842538221402,1.0
2103,1.7308371252909818,1.0
2104,0.3278146691303445,1.0
2105,0.5283052874596774,1.0
2106,1.1369267976665958,1.0
2107,-0.8974999497054874,1.0
2108,1.0106389659250243,1.0
2109,-0.3375509129206966,1.0
2110,-0.5713396966810553,1.0
2111,-0.019265610038622094,1.0
2112,-0.2460888111080322,1.0
2113,0.6306744993408391,1.0
2114,0.5923975665139449,1.0
2115,0.9844295875644307,1.0
2116,0.7640741349984678,1.0
2117,2.006853509066789,1.0
2118,-0.6107005526464406,1.0
2119,-0.06339614023877022,1.0
2120,-0.3449924259678814,1.0
2121,-1.2005273151582319,1.0
2122,-1.6519791311836025,1.0
2123,-1.7283653700079773,1.0
2124,-0.6314452222727819,1.0
2125,-1.3381420918374314,1.0
2126,-1.0998830406476194,1.0
2127,-0.4946692583375422,1.0
2128,-1.5020601319355689,1.0
2129,0.060906560231743345,1.0
2130,2.464223896099851,1.0
2131,1.0509394200634152,1.0
2132,1.6551047784626067,1.0
2133,0.8488938645041091,1.0
2134,1.1275931615798336,1.0
2135,0.6076100176196022,1.0
2136,2.63398864231483,1.0
2137,1.5194602340035466,1.0
2138,1.8575525729452962,1.0
2139,1.9076529536794,1.0
2140,0.25139693069093316,1.0
2141,-1.9842915615656478,1.0
2142,-0.8099168773459176,1.0
2143,0.27757662543474004,1.0
2144,-0.3424017804029531,1.0
2145,-0.8730559138197218,1.0
2146,0.36566411588833136,1.0
2147,1.1087983060346314,1.0
2148,1.7320354615887221,1.0
2149,1.4738268586523249,1.0
2150,0.24340233993433402,1.0
2151,-1.0475917417405658,1.0
2152,-2.726450764950671,1.0
2153,-1.9661972933698073,1.0
2154,0.5428306534346667,1.0
2155,0.8578760134426014,1.0
2156,0.5207729658700293,1.0
2157,-1.156205140523883,1.0
2158,-1.4772736649376261,1.0
2159,-1.029152789832792,1.0
2160,-0.9426264285609598,1.0
2161,0.2485011901765779,1.0
2162,0.0153440632299571,1.0
2163,0.7060468395003252,1.0
2164,0.38001452751885156,1.0
2165,0.07624300281947932,1.0
2166,1.3125036315733958,1.0
2167,0.16677510789043581,1.0
2168,-0.16631029239815026,1.0
2169,-1.4091546073032122,1.0
2170,-0.8896688705155118,1.0
2171,0.44673279167293156,1.0
2172,0.994114864304658,1.0
2173,1.429892214932168,1.0
2174,2.053966926475191,1.0
2175,2.0629950354999425,1.0
2176,2.2023559569991598,1.0
2177,1.9453732469770275,1.0
2178,0.38637272751277674,1.0
2179,0.7965560089261723,1.0
2180,1.5034755810724247,1.0
2181,0.16052325153198843,1.0
2182,0.3483562571045897,1.0
2183,1.326662451544327,1.0
2184,0.5551872606924496,1.0
2185,-0.9324754911711544,1.0
2186,-0.5911988719568488,1.0
2187,1.179846349151892,1.0
2188,-0.08705297487083641,1.0
2189,-0.16632715281516874,1.0
2190,-0.8674599541489652,1.0
2191,-0.9661892619613228,1.0
2192,-0.44156120232201856,1.0
2193,1.167720767000771,1.0
2194,0.10076051093218097,1.0
2195,-0.6381226365758013,1.0
2196,-1.3191882859911566,1.0
2197,-2.0172222456816313,1.0
2198,-2.9467556321892605,1.0
2199,-2.9139911415430104,1.0
2200,-2.1456070685567186,1.0
2201,-1.4610595614612982,1.0
2202,0.14970749449783471,1.0
2203,-0.7168052384243107,1.0
2204,-1.2817017908892594,1.0
2205,-1.654028494145339,1.0
2206,-0.9620740268469323,1.0
2207,-0.8319242354528632,1.0
2208,0.1948618302942169,1.0
2209,-0.6527375256101156,1.0
2210,0.45634258466694766,1.0
2211,1.2619529522808026,1.0
2212,0.6208993645282868,1.0
2213,-0.18790789843922462,1.0
2214,0.04963356057136295,1.0
2215,-0.7567902730796291,1.0
2216,1.4624515445217185,1.0
2217,1.1646033842763746,1.0
2218,1.607663137557177,1.0
2219,-0.14174310421217862,1.0
2220,-1.8499777577386856,1.0
2221,-0.6077182252334254,1.0
2222,0.09048396129251884,1.0
2223,-0.6972659840084596,1.0
2224,-1.0548618386085749,1.0
2225,-1.4183470878024556,1.0
2226,-0.7650160466011054,1.0
2227,0.38834089538472427,1.0
2228,-1.2730215831714697,1.0
2229,-0.41236997705308254,1.0
2230,-1.1628267048085992,1.0
2231,-1.3449106576682324,1.0
2232,-1.1018726684437898,1.0
2233,-2.1327649080590083,1.0
2234,1.3510031340979922,1.0
2235,3.370679668402034,1.0
2236,3.1117456269055057,1.0
2237,2.834237120252389,1.0
2238,0.9403557915907084,1.0
2239,3.035597929997179,1.0
2240,2.1432358158694305,1.0
2241,1.3768695611096347,1.0
2242,2.1678022718597045,1.0
2243,1.7782616558876059,1.0
2244,0.46817954791279837,1.0
2245,0.10880425304144983,1.0
2246,-0.29992280212387357,1.0
2247,-0.14529026811703996,1.0
2248,0.4527543511925166,1.0
2249,0.8496869496775961,1.0
2250,1.8959827565605658,1.0
2251,1.3230848653771285,1.0
2252,1.8842279240300503,1.0
2253,3.0256213883031764,1.0
2254,0.891912364014446,1.0
2255,1.336909218300622,1.0
2256,-0.13649565738206748,1.0
2257,-1.602622550875597,1.0
2258,0.46282625397451693,1.0
2259,1.4594623465781849,1.0
2260,1.544996586517533,1.0
2261,0.60456621291792,1.0
2262,1.9267575731528401,1.0
2263,-0.018437423831850985,1.0
2264,0.054486723136597734,1.0
2265,0.5233182598581647,1.0
2266,1.6534497151038317,1.0
2267,-0.3690128988008812,1.0
2268,-3.3224503852657175,1.0
2269,-2.2103449563997364,1.0
2270,-1.229814314135449,1.0
2271,-0.6871897472177316,1.0
2272,-1.3582796843640241,1.0
2273,-0.9949565788949897,1.0
2274,-2.2365486765679714,1.0
2275,-1.144990681912467,1.0
2276,0.09109491849172424,1.0
2277,-0.6682654416609802,1.0
2278,-2.471727576987783,1.0
2279,-1.8599910141465852,1.0
2280,-1.500494029303309,1.0
2281,-1.1309528148385595,1.0
2282,0.5119084810706107,1.0
2283,0.4969314158679597,1.0
2284,2.4319748387984723,1.0
2285,2.083125840468819,1.0
2286,0.37095441766091297,1.0
2287,1.3932815506410978,1.0
2288,0.8849527178374295,1.0
2289,0.1306960451544949,1.0
2290,0.37088858282981263,1.0
2291,0.3744058193815021,1.0
2292,-1.296510119250052,1.0
2293,-1.7570758598898468,1.0
2294,-0.07794653190824152,1.0
2295,0.12136532012407428,1.0
2296,0.7239416777800616,1.0
2297,1.526911818961395,1.0
2298,2.8614513449054835,1.0
2299,1.3639194412370454,1.0
2300,0.2513485503399444,1.0
2301,-0.7485656093103694,1.0
2302,-1.1244464680730637,1.0
2303,-1.6996992947806913,1.0
2304,-1.204790238844299,1.0
2305,-0.9515859361120734,1.0
2306,-0.0848718835575425,1.0
2307,-1.2500615520511562,1.0
2308,-1.5288676097490734,1.0
2309,-0.7107462611730636,1.0
2310,0.20112559476326697,1.0
2311,-2.1758293940839355,1.0
2312,-2.125151198214012,1.0
2313,-1.7412262283437863,1.0
2314,-3.260012539177855,1.0
2315,-1.8333084206513366,1.0
2316,-0.07918836819712638,1.0
2317,-1.9985312700409101,1.0
2318,-2.963900657001261,1.0
2319,-1.12254833316047,1.0
2320,0.3495553949067062,1.0
2321,-1.0280868610304605,1.0
2322,-1.7072815154253844,1.0
2323,-0.5356782540620882,1.0
2324,-0.6179985095370155,1.0
2325,-0.9539153874499345,1.0
2326,0.9263966084184878,1.0
2327,0.9462766643539112,1.0
2328,-1.1570551771567306,1.0
2329,-0.5566247182869185,1.0
2330,-1.7948949628108426,1.0
2331,-0.5143698942515627,1.0
2332,0.6219347317430657,1.0
2333,0.8739163103091865,1.0
2334,1.5395612701560126,1.0
2335,3.0419723463649175,1.0
2336,2.856060608490924,1.0
2337,1.627282485104892,1.0
2338,0.04579383080442412,1.0
2339,0.2565064162568672,1.0
2340,-0.8554836788909477,1.0
2341,-2.0375838483141395,1.0
2342,-1.8881581987609442,1.0
2343,-3.100028864264331,1.0
2344,-3.470493987911011,1.0
2345,-1.928189400540105,1.0
2346,-1.8249878537426962,1.0
2347,-1.5841258783224905,1.0
2348,-1.134804213483903,1.0
2349,-2.748554765164182,1.0
2350,-1.7377645900967136,1.0
2351,-1.2202651561341769,1.0
2352,-0.8993920790042421,1.0
2353,-0.28672814470768665,1.0
2354,-2.365637270701583,1.0
2355,0.25588342255010854,1.0
2356,-0.12423271899199193,1.0
2357,-1.521176620283502,1.0
2358,-0.9532937556586378,1.0
2359,-1.9384733520504485,1.0
2360,-1.2905386465896236,1.0
2361,-0.36277482052169807,1.0
2362,-1.5728392017984087,1.0
2363,-0.2555610121350057,1.0
2364,-0.04780050881953246,1.0
2365,0.31562332804098125,1.0
2366,0.6250044347764054,1.0
2367,0.9499372511491628,1.0
2368,1.7853178753795476,1.0
2369,2.1101769605442775,1.0
2370,1.9640342258547774,1.0
2371,0.6104843318287467,1.0
2372,0.7136701347493295,1.0
2373,-0.05826486008132353,1.0
2374,-1.4895376757284982,1.0
2375,-1.084053248220975,1.0
2376,-1.671647370505443,1.0
2377,-0.035011773567271254,1.0
2378,-0.062217435697516824,1.0
2379,0.0017103637324491286,1.0
2380,0.7764033732057748,1.0
2381,0.12535843932724489,1.0
2382,-0.16884395088135765,1.0
2383,1.0464803966819851,1.0
2384,-0.6511423238905288,1.0
2385,-1.3227548451555173,1.0
2386,-1.0596222638482067,1.0
2387,0.04305360636657374,1.0
2388,0.27992999840550037,1.0
2389,-0.9615658388407103,1.0
2390,-1.592870057712972,1.0
2391,0.5794509793988574,1.0
2392,0.7218849669695927,1.0
2393,-0.11312174553513354,1.0
2394,-0.5634627424475203,1.0
2395,3.345824983991325,1.0
2396,3.6823493991232326,1.0
2397,0.9411705684410014,1.0
2398,0.20004442236664682,1.0
2399,0.862853779056905,1.0
2400,0.3285165623751081,1.0
2401,1.369014889162992,1.0
2402,2.722560001452664,1.0
2403,1.9133523960541792,1.0
2404,1.6340861920998686,1.0
2405,0.9751980477259503,1.0
2406,1.5654376995146921,1.0
2407,2.595731553162371,1.0
2408,2.7514074611955093,1.0
2409,0.8430076171250518,1.0
2410,1.344468401811642,1.0
2411,0.36237394793859257,1.0
2412,2.002023729711731,1.0
2413,1.8777004265051955,1.0
2414,2.372519032870043,1.0
2415,1.6397039369251951,1.0
2416,1.1154548436075586,1.0
2417,1.2115960232870977,1.0
2418,0.81731590423966,1.0
2419,2.15103503790932,1.0
2420,0.3635282256249601,1.0
2421,0.9398862056230533,1.0
2422,0.07126054749614974,1.0
2423,0.9109286256533773,1.0
2424,-1.1594660543968498,1.0
2425,0.47450001037439304,1.0
2426,0.022781228863430758,1.0
2427,-1.2177262922770653,1.0
2428,-0.13572409433436883,1.0
2429,-0.2867837094251229,1.0
2430,0.07639023497818972,1.0
2431,1.281381862660016,1.0
2432,-0.19422325289218556,1.0
2433,-0.8723334119685162,1.0
2434,-0.5302262579881539,1.0
2435,0.1963570179270781,1.0
2436,-0.5661650633075364,1.0
2437,-1.1894608594099274,1.0
2438,-0.06128730934007487,1.0
2439,0.9407375256776666,1.0
2440,2.0557895264843316,1.0
2441,1.1439173425545208,1.0
2442,-1.781492657864164,1.0
2443,-0.7236545757354238,1.0
2444,0.25337389951478706,1.0
2445,-1.2894614201597874,1.0
2446,-0.8122427476667813,1.0
2447,-0.29326164382054626,1.0
2448,0.13507181157897488,1.0
2449,-0.37014420071932475,1.0
2450,-0.17566774574033478,1.0
2451,0.4774270740969568,1.0
2452,-1.441974490274077,1.0
2453,-0.09829970885783779,1.0
2454,-0.4346464501825051,1.0
2455,0.4602496040690135,1.0
2456,-0.38044555458284274,1.0
2457,-1.978076753268443,1.0
2458,-0.20351499886258484,1.0
2459,1.4986756865037083,1.0
2460,-0.8114577566650736,1.0
2461,-1.860297051034291,1.0
2462,-1.208034777877421,1.0
2463,-1.8949846661409109,1.0
2464,-0.5662375192752339,1.0
2465,-1.1934301624394912,1.0
2466,-1.3529816396385788,1.0
2467,-0.7356521787553865,1.0
2468,-2.6931816224542895,1.0
2469,-2.2051497228460204,1.0
2470,0.4710440680073378,1.0
2471,0.9166155929616759,1.0
2472,-0.35747859780808966,1.0
2473,0.7957801023840296,1.0
2474,2.6202315104531615,1.0
2475,3.1088305344945883,1.0
2476,1.591570536864777,1.0
2477,0.4565032359958463,1.0
2478,-0.050924589169916545,1.0
2479,-1.0847005786625736,1.0
2480,-0.7300746137972942,1.0
2481,-1.5167415502566903,1.0
2482,-1.9369584723245996,1.0
2483,-1.035052158818015,1.0
2484,-1.288158569356988,1.0
2485,-1.1060958129155312,1.0
2486,1.373911174394379,1.0
2487,1.3299573111097442,1.0
2488,2.1212933512175014,1.0
2489,1.9228234780330435,1.0
2490,1.9489554521868346,1.0
2491,0.015093609567007116,1.0
2492,-0.5364063863420117,1.0
2493,-0.6377383440439794,1.0
2494,-0.8930434912825538,1.0
2495,-0.8280389484814726,1.0
2496,-0.4197255206576255,1.0
2497,-0.5164202739081768,1.0
2498,0.3280986251821322,1.0
2499,-0.0181284684800406,1.0
